submission_id,problem_id,first_error_line
s913905764,p00007,/mnt/d/Dev/Github/transformer-defect-prediction/data/processed/sources/p00007/C++/s913905764.cpp:5:29: error: qualified-id in declaration before ‘>>’ token
s971046589,p00009,/mnt/d/Dev/Github/transformer-defect-prediction/data/processed/sources/p00009/C++/s971046589.cpp:12:9: error: ‘not’ cannot be used as a macro name as it is an operator in C++
s174946401,p00010,/mnt/d/Dev/Github/transformer-defect-prediction/data/processed/sources/p00010/C++/s174946401.cpp:5:53: error: conflicting declaration ‘double n’
s024588328,p00012,/mnt/d/Dev/Github/transformer-defect-prediction/data/processed/sources/p00012/C++/s024588328.cpp:7:28: error: conflicting declaration ‘double x’
s140824217,p00013,/mnt/d/Dev/Github/transformer-defect-prediction/data/processed/sources/p00013/C++/s140824217.cpp:4:7: error: conflicting declaration ‘int a’
s048371859,p00022,/mnt/d/Dev/Github/transformer-defect-prediction/data/processed/sources/p00022/C++/s048371859.cpp:13:19: error: invalid types ‘int[int]’ for array subscript
s076910188,p00023,/mnt/d/Dev/Github/transformer-defect-prediction/data/processed/sources/p00023/C++/s076910188.cpp:14:46: error: ‘else’ without a previous ‘if’
s150616591,p00023,/mnt/d/Dev/Github/transformer-defect-prediction/data/processed/sources/p00023/C++/s150616591.cpp:10:32: error: the value of ‘data’ is not usable in a constant expression
s549582697,p00023,/mnt/d/Dev/Github/transformer-defect-prediction/data/processed/sources/p00023/C++/s549582697.cpp:11:32: error: the value of ‘data’ is not usable in a constant expression
s787860558,p00024,"/mnt/d/Dev/Github/transformer-defect-prediction/data/processed/sources/p00024/C++/s787860558.cpp:1:15: error: expected constructor, destructor, or type conversion at end of input"
s824636234,p00025,"/mnt/d/Dev/Github/transformer-defect-prediction/data/processed/sources/p00025/C++/s824636234.cpp:13:31: error: wrong number of template arguments (1, should be 2)"
s430656995,p00025,/mnt/d/Dev/Github/transformer-defect-prediction/data/processed/sources/p00025/C++/s430656995.cpp:6:7: error: declaration of ‘int nums_a [4]’ shadows a parameter
s049120951,p00026,/usr/include/c++/15/bits/stl_algo.h:1781:17: error: no type named ‘value_type’ in ‘struct std::iterator_traits<int>’
s511733671,p00027,
s149580860,p00028,
s764748524,p00030,"/mnt/d/Dev/Github/transformer-defect-prediction/data/processed/sources/p00030/C++/s764748524.cpp:8:25: error: return-statement with no value, in function returning ‘int’ [-fpermissive]"
s311082425,p00034,
s550752010,p00036,/mnt/d/Dev/Github/transformer-defect-prediction/data/processed/sources/p00036/C++/s550752010.cpp:7:10: error: initializer-string for ‘char [4]’ is too long [-fpermissive]
s612742843,p00036,/mnt/d/Dev/Github/transformer-defect-prediction/data/processed/sources/p00036/C++/s612742843.cpp:8:18: error: initializer-string for ‘char [4]’ is too long [-fpermissive]
s535886267,p00041,
s522238140,p00042,/mnt/d/Dev/Github/transformer-defect-prediction/data/processed/sources/p00042/C++/s522238140.cpp:3:4: error: too many decimal points in number
s279982909,p00043,/usr/include/c++/15/bits/stl_algobase.h:910:53: error: invalid type argument of unary ‘*’ (have ‘int’)
s299636562,p00045,
s364712001,p00045,
s757098210,p00046,
s861222513,p00048,/mnt/d/Dev/Github/transformer-defect-prediction/data/processed/sources/p00048/C++/s861222513.cpp:22:24: error: switch quantity not an integer
s516150752,p00050,/mnt/d/Dev/Github/transformer-defect-prediction/data/processed/sources/p00050/C++/s516150752.cpp:6:23: error: initializer-string for ‘char [5]’ is too long [-fpermissive]
s296012115,p00062,
s756916274,p00062,
s212685336,p00071,/mnt/d/Dev/Github/transformer-defect-prediction/data/processed/sources/p00071/C++/s212685336.cpp:3:4: error: too many decimal points in number
s986938869,p00071,/mnt/d/Dev/Github/transformer-defect-prediction/data/processed/sources/p00071/C++/s986938869.cpp:24:22: error: conflicting declaration ‘typedef long long unsigned int uint’
s812637439,p00074,/mnt/d/Dev/Github/transformer-defect-prediction/data/processed/sources/p00074/C++/s812637439.cpp:17:56: error: empty character constant
s490238672,p00077,"/mnt/d/Dev/Github/transformer-defect-prediction/data/processed/sources/p00077/C++/s490238672.cpp:10:40: error: cannot bind non-const lvalue reference of type ‘__gnu_cxx::__normal_iterator<char*, std::__cxx11::basic_string<char> >&’ to an rvalue of type ‘std::__cxx11::basic_string<char>::iterator’"
s401098452,p00079,"/mnt/d/Dev/Github/transformer-defect-prediction/data/processed/sources/p00079/C++/s401098452.cpp:31:46: error: could not convert ‘(((void)(& std::operator>><char, char_traits<char> >((* & std::cin.std::basic_istream<char>::operator>>(p[n].std::pair<double, double>::first)), c))->std::basic_istream<char>::operator>>(p[n].std::pair<double, double>::second)), p[n])’ from ‘P’ {aka ‘std::pair<double, double>’} to ‘bool’"
s224072607,p00079,/mnt/d/Dev/Github/transformer-defect-prediction/data/processed/sources/p00079/C++/s224072607.cpp:9:26: error: invalid types ‘double[int]’ for array subscript
s148507996,p00080,"/mnt/d/Dev/Github/transformer-defect-prediction/data/processed/sources/p00080/C++/s148507996.cpp:4:9: error: ‘#include’ expects ‘""FILENAME""’ or ‘<FILENAME>’"
s354425133,p00083,/mnt/d/Dev/Github/transformer-defect-prediction/data/processed/sources/p00083/C++/s354425133.cpp:22:14: error: empty character constant
s813886896,p00083,/mnt/d/Dev/Github/transformer-defect-prediction/data/processed/sources/p00083/C++/s813886896.cpp:4:6: error: variable or field ‘judge’ declared void
s792417420,p00085,/mnt/d/Dev/Github/transformer-defect-prediction/data/processed/sources/p00085/C++/s792417420.cpp:18:27: error: too many decimal points in number
s069259416,p00088,/mnt/d/Dev/Github/transformer-defect-prediction/data/processed/sources/p00088/C++/s069259416.cpp:25:27: error: initializer-string for ‘const char [32]’ is too long [-fpermissive]
s992980637,p00088,/mnt/d/Dev/Github/transformer-defect-prediction/data/processed/sources/p00088/C++/s992980637.cpp:40:12: error: too many decimal points in number
s800469886,p00088,/mnt/d/Dev/Github/transformer-defect-prediction/data/processed/sources/p00088/C++/s800469886.cpp:26:18: error: initializer-string for ‘char [8]’ is too long [-fpermissive]
s134308359,p00088,/mnt/d/Dev/Github/transformer-defect-prediction/data/processed/sources/p00088/C++/s134308359.cpp:72:47: error: cannot bind non-const lvalue reference of type ‘std::string&’ {aka ‘std::__cxx11::basic_string<char>&’} to an rvalue of type ‘std::__cxx11::basic_string<char>’
s413859239,p00089,/mnt/d/Dev/Github/transformer-defect-prediction/data/processed/sources/p00089/C++/s413859239.cpp:6:39: error: conflicting declaration ‘int s [100][100]’
s498005275,p00094,"/mnt/d/Dev/Github/transformer-defect-prediction/data/processed/sources/p00094/C++/s498005275.cpp:9:16: error: found ‘:’ in nested-name-specifier, expected ‘::’"
s895261273,p00094,"/mnt/d/Dev/Github/transformer-defect-prediction/data/processed/sources/p00094/C++/s895261273.cpp:9:16: error: found ‘:’ in nested-name-specifier, expected ‘::’"
s051162442,p00096,/mnt/d/Dev/Github/transformer-defect-prediction/data/processed/sources/p00096/C++/s051162442.cpp:15:25: error: ‘else’ without a previous ‘if’
s796649089,p00097,/mnt/d/Dev/Github/transformer-defect-prediction/data/processed/sources/p00097/C++/s796649089.cpp:103:37: error: invalid types ‘<unresolved overloaded function type>[int]’ for array subscript
s807961407,p00097,/mnt/d/Dev/Github/transformer-defect-prediction/data/processed/sources/p00097/C++/s807961407.cpp:15:26: error: cannot bind non-const lvalue reference of type ‘int&’ to a value of type ‘long long int’
s219289705,p00101,/mnt/d/Dev/Github/transformer-defect-prediction/data/processed/sources/p00101/C++/s219289705.cpp:10:19: error: left operand of comma operator cannot resolve address of overloaded function
s478076293,p00103,/mnt/d/Dev/Github/transformer-defect-prediction/data/processed/sources/p00103/C++/s478076293.cpp:21:9: error: ‘int Baseball::point()’ conflicts with a previous declaration
s917132360,p00106,/mnt/d/Dev/Github/transformer-defect-prediction/data/processed/sources/p00106/C++/s917132360.cpp:7:41: error: narrowing conversion of ‘1.52e+3’ from ‘double’ to ‘int’ [-Wnarrowing]
s434716032,p00107,/usr/include/c++/15/bits/stl_algo.h:1781:17: error: no type named ‘value_type’ in ‘struct std::iterator_traits<int>’
s426396859,p00109,/mnt/d/Dev/Github/transformer-defect-prediction/data/processed/sources/p00109/C++/s426396859.cpp:136:55: error: cannot bind non-const lvalue reference of type ‘CalcExpression::State&’ {aka ‘std::__cxx11::basic_string<char>::const_iterator&’} to an rvalue of type ‘CalcExpression::State’ {aka ‘std::__cxx11::basic_string<char>::const_iterator’}
s645777590,p00115,/mnt/d/Dev/Github/transformer-defect-prediction/data/processed/sources/p00115/C++/s645777590.cpp:87:22: error: cannot bind non-const lvalue reference of type ‘Pt&’ to an rvalue of type ‘Pt’
s060140438,p00115,/mnt/d/Dev/Github/transformer-defect-prediction/data/processed/sources/p00115/C++/s060140438.cpp:87:22: error: cannot bind non-const lvalue reference of type ‘Pt&’ to an rvalue of type ‘Pt’
s101429936,p00115,/mnt/d/Dev/Github/transformer-defect-prediction/data/processed/sources/p00115/C++/s101429936.cpp:87:22: error: cannot bind non-const lvalue reference of type ‘Pt&’ to an rvalue of type ‘Pt’
s961976961,p00115,/mnt/d/Dev/Github/transformer-defect-prediction/data/processed/sources/p00115/C++/s961976961.cpp:88:22: error: cannot bind non-const lvalue reference of type ‘Pt&’ to an rvalue of type ‘Pt’
s690275289,p00115,/mnt/d/Dev/Github/transformer-defect-prediction/data/processed/sources/p00115/C++/s690275289.cpp:11:21: error: conflicting declaration ‘typedef long double __float128’
s474722615,p00119,/mnt/d/Dev/Github/transformer-defect-prediction/data/processed/sources/p00119/C++/s474722615.cpp:12:48: error: cannot resolve overloaded function ‘front’ based on conversion to type ‘int’
s201233372,p00119,/mnt/d/Dev/Github/transformer-defect-prediction/data/processed/sources/p00119/C++/s201233372.cpp:3:7: error: too many decimal points in number
s867420629,p00120,"/mnt/d/Dev/Github/transformer-defect-prediction/data/processed/sources/p00120/C++/s867420629.cpp:57:17: error: need ‘typename’ before ‘std::vector<std::pair<T, int> >::iterator’ because ‘std::vector<std::pair<T, int> >’ is a dependent scope [-Wtemplate-body]"
s474007250,p00121,/mnt/d/Dev/Github/transformer-defect-prediction/data/processed/sources/p00121/C++/s474007250.cpp:11:12: error: template argument 1 is invalid
s785091869,p00121,/mnt/d/Dev/Github/transformer-defect-prediction/data/processed/sources/p00121/C++/s785091869.cpp:7:6: error: scalar object ‘fin’ requires one element in initializer
s288958306,p00121,/mnt/d/Dev/Github/transformer-defect-prediction/data/processed/sources/p00121/C++/s288958306.cpp:58:57: error: cannot bind rvalue reference of type ‘int&&’ to lvalue of type ‘int’
s028877653,p00122,/mnt/d/Dev/Github/transformer-defect-prediction/data/processed/sources/p00122/C++/s028877653.cpp:15:21: error: too many decimal points in number
s972014749,p00122,"/mnt/d/Dev/Github/transformer-defect-prediction/data/processed/sources/p00122/C++/s972014749.cpp:1:4: error: found ‘:’ in nested-name-specifier, expected ‘::’"
s499357328,p00123,/mnt/d/Dev/Github/transformer-defect-prediction/data/processed/sources/p00123/C++/s499357328.cpp:20:21: error: conversion from ‘char’ to non-scalar type ‘std::string’ {aka ‘std::__cxx11::basic_string<char>’} requested
s576831394,p00126,/mnt/d/Dev/Github/transformer-defect-prediction/data/processed/sources/p00126/C++/s576831394.cpp:51:42: error: invalid types ‘int[int]’ for array subscript
s411235947,p00127,/mnt/d/Dev/Github/transformer-defect-prediction/data/processed/sources/p00127/C++/s411235947.cpp:9:24: error: initializer-string for ‘const char [30]’ is too long [-fpermissive]
s615492120,p00127,/mnt/d/Dev/Github/transformer-defect-prediction/data/processed/sources/p00127/C++/s615492120.cpp:9:24: error: initializer-string for ‘const char [30]’ is too long [-fpermissive]
s048761520,p00127,/mnt/d/Dev/Github/transformer-defect-prediction/data/processed/sources/p00127/C++/s048761520.cpp:9:24: error: initializer-string for ‘const char [30]’ is too long [-fpermissive]
s662704654,p00127,/mnt/d/Dev/Github/transformer-defect-prediction/data/processed/sources/p00127/C++/s662704654.cpp:9:24: error: initializer-string for ‘const char [30]’ is too long [-fpermissive]
s049365758,p00128,/mnt/d/Dev/Github/transformer-defect-prediction/data/processed/sources/p00128/C++/s049365758.cpp:7:17: error: initializer-string for ‘char [10]’ is too long [-fpermissive]
s177115176,p00128,/mnt/d/Dev/Github/transformer-defect-prediction/data/processed/sources/p00128/C++/s177115176.cpp:8:17: error: initializer-string for ‘char [10]’ is too long [-fpermissive]
s909638496,p00131,/mnt/d/Dev/Github/transformer-defect-prediction/data/processed/sources/p00131/C++/s909638496.cpp:10:6: error: variable or field ‘flip’ declared void
s112773985,p00139,/mnt/d/Dev/Github/transformer-defect-prediction/data/processed/sources/p00139/C++/s112773985.cpp:13:31: error: empty character constant
s474514801,p00139,/mnt/d/Dev/Github/transformer-defect-prediction/data/processed/sources/p00139/C++/s474514801.cpp:14:28: error: empty character constant
s236143090,p00141,/mnt/d/Dev/Github/transformer-defect-prediction/data/processed/sources/p00141/C++/s236143090.cpp:29:7: error: too many decimal points in number
s708768147,p00141,/mnt/d/Dev/Github/transformer-defect-prediction/data/processed/sources/p00141/C++/s708768147.cpp:29:7: error: too many decimal points in number
s137805844,p00142,/mnt/d/Dev/Github/transformer-defect-prediction/data/processed/sources/p00142/C++/s137805844.cpp:3:106: error: declaration of ‘auto S’ has no initializer
s468493152,p00146,/mnt/d/Dev/Github/transformer-defect-prediction/data/processed/sources/p00146/C++/s468493152.cpp:61:48: error: cannot bind non-const lvalue reference of type ‘std::vector<int>&’ to an rvalue of type ‘std::vector<int>’
s843705502,p00148,"/mnt/d/Dev/Github/transformer-defect-prediction/data/processed/sources/p00148/C++/s843705502.cpp:1:10: error: ‘#include’ expects ‘""FILENAME""’ or ‘<FILENAME>’"
s324150558,p00150,/mnt/d/Dev/Github/transformer-defect-prediction/data/processed/sources/p00150/C++/s324150558.cpp:24:19: error: ‘n’ is not a type
s391899534,p00153,/mnt/d/Dev/Github/transformer-defect-prediction/data/processed/sources/p00153/C++/s391899534.cpp:126:31: error: cannot bind non-const lvalue reference of type ‘L&’ to an rvalue of type ‘L’
s475767496,p00157,/usr/include/c++/15/bits/hashtable.h:210:51: error: static assertion failed: hash function must be copy constructible
s379132089,p00159,/mnt/d/Dev/Github/transformer-defect-prediction/data/processed/sources/p00159/C++/s379132089.cpp:9:17: error: ‘long’ specified with ‘float’
s527208570,p00159,/mnt/d/Dev/Github/transformer-defect-prediction/data/processed/sources/p00159/C++/s527208570.cpp:8:17: error: ‘long’ specified with ‘float’
s226777208,p00161,/mnt/d/Dev/Github/transformer-defect-prediction/data/processed/sources/p00161/C++/s226777208.cpp:21:26: error: invalid declarator before ‘;’ token
s113805702,p00162,"/mnt/d/Dev/Github/transformer-defect-prediction/data/processed/sources/p00162/C++/s113805702.cpp:20:5: error: return-statement with no value, in function returning ‘int’ [-fpermissive]"
s380114559,p00166,"/usr/include/c++/15/bits/stl_vector.h:94:28: error: ‘int’ is not a class, struct, or union type"
s732368663,p00171,/mnt/d/Dev/Github/transformer-defect-prediction/data/processed/sources/p00171/C++/s732368663.cpp:38:13: error: declaration of ‘tbl’ as multidimensional array must have bounds for all dimensions except the first
s125792103,p00173,/mnt/d/Dev/Github/transformer-defect-prediction/data/processed/sources/p00173/C++/s125792103.cpp:6:1: error: exponent has no digits
s630340155,p00173,/mnt/d/Dev/Github/transformer-defect-prediction/data/processed/sources/p00173/C++/s630340155.cpp:6:1: error: exponent has no digits
s558841605,p00173,/mnt/d/Dev/Github/transformer-defect-prediction/data/processed/sources/p00173/C++/s558841605.cpp:6:3: error: two or more data types in declaration of ‘structured binding’
s747874534,p00173,/mnt/d/Dev/Github/transformer-defect-prediction/data/processed/sources/p00173/C++/s747874534.cpp:6:3: error: two or more data types in declaration of ‘structured binding’
s149392571,p00174,/mnt/d/Dev/Github/transformer-defect-prediction/data/processed/sources/p00174/C++/s149392571.cpp:3:45: error: comparison between distinct pointer types ‘std::string*’ {aka ‘std::__cxx11::basic_string<char>*’} and ‘const char*’ lacks a cast
s749267846,p00184,/mnt/d/Dev/Github/transformer-defect-prediction/data/processed/sources/p00184/C++/s749267846.cpp:47:45: error: no ‘operator++(int)’ declared for postfix ‘++’ [-fpermissive]
s026736071,p00195,/mnt/d/Dev/Github/transformer-defect-prediction/data/processed/sources/p00195/C++/s026736071.cpp:6:19: error: initializer-string for ‘char [5]’ is too long [-fpermissive]
s694552357,p00197,/mnt/d/Dev/Github/transformer-defect-prediction/data/processed/sources/p00197/C++/s694552357.cpp:6:27: error: break statement not within loop or switch
s371727058,p00197,/mnt/d/Dev/Github/transformer-defect-prediction/data/processed/sources/p00197/C++/s371727058.cpp:10:8: error: ‘else’ without a previous ‘if’
s781888412,p00200,/mnt/d/Dev/Github/transformer-defect-prediction/data/processed/sources/p00200/C++/s781888412.cpp:8:33: error: conflicting declaration ‘int d [101]’
s170783991,p00203,/mnt/d/Dev/Github/transformer-defect-prediction/data/processed/sources/p00203/C++/s170783991.cpp:11:3: error: ‘else’ without a previous ‘if’
s503336417,p00204,/mnt/d/Dev/Github/transformer-defect-prediction/data/processed/sources/p00204/C++/s503336417.cpp:151:96: error: cannot bind non-const lvalue reference of type ‘std::vector<Point>&’ to an rvalue of type ‘std::vector<Point>’
s206909927,p00215,/mnt/d/Dev/Github/transformer-defect-prediction/data/processed/sources/p00215/C++/s206909927.cpp:141:9: error: empty character constant
s352138888,p00215,/mnt/d/Dev/Github/transformer-defect-prediction/data/processed/sources/p00215/C++/s352138888.cpp:51:73: error: invalid types ‘int[int]’ for array subscript
s419227637,p00215,/mnt/d/Dev/Github/transformer-defect-prediction/data/processed/sources/p00215/C++/s419227637.cpp:93:35: error: cannot bind non-const lvalue reference of type ‘Data&’ to an rvalue of type ‘Data’
s740918407,p00215,/mnt/d/Dev/Github/transformer-defect-prediction/data/processed/sources/p00215/C++/s740918407.cpp:59:14: error: ‘#’ is not followed by a macro parameter
s571613988,p00218,"/mnt/d/Dev/Github/transformer-defect-prediction/data/processed/sources/p00218/C++/s571613988.cpp:44:16: error: return-statement with a value, in function returning ‘void’ [-fpermissive]"
s760374545,p00218,/mnt/d/Dev/Github/transformer-defect-prediction/data/processed/sources/p00218/C++/s760374545.cpp:28:5: error: multiple types in one declaration
s867555466,p00218,/mnt/d/Dev/Github/transformer-defect-prediction/data/processed/sources/p00218/C++/s867555466.cpp:28:5: error: multiple types in one declaration
s126685106,p00218,/mnt/d/Dev/Github/transformer-defect-prediction/data/processed/sources/p00218/C++/s126685106.cpp:28:5: error: multiple types in one declaration
s797075409,p00218,/mnt/d/Dev/Github/transformer-defect-prediction/data/processed/sources/p00218/C++/s797075409.cpp:10:9: error: two or more data types in declaration of ‘structured binding’
s666840560,p00223,/mnt/d/Dev/Github/transformer-defect-prediction/data/processed/sources/p00223/C++/s666840560.cpp:10:9: error: extra qualification ‘S::’ on member ‘S’ [-fpermissive]
s729590695,p00232,/mnt/d/Dev/Github/transformer-defect-prediction/data/processed/sources/p00232/C++/s729590695.cpp:29:33: error: narrowing conversion of ‘0.0’ from ‘double’ to ‘int’ [-Wnarrowing]
s215203787,p00236,/mnt/d/Dev/Github/transformer-defect-prediction/data/processed/sources/p00236/C++/s215203787.cpp:53:9: error: cast from ‘const char*’ to ‘int’ loses precision [-fpermissive]
s508680802,p00237,/mnt/d/Dev/Github/transformer-defect-prediction/data/processed/sources/p00237/C++/s508680802.cpp:22:19: error: extra qualification ‘Point::’ on member ‘operator-’ [-fpermissive]
s043029960,p00238,/mnt/d/Dev/Github/transformer-defect-prediction/data/processed/sources/p00238/C++/s043029960.cpp:7:9: error: break statement not within loop or switch
s350332866,p00239,/mnt/d/Dev/Github/transformer-defect-prediction/data/processed/sources/p00239/C++/s350332866.cpp:16:27: error: invalid types ‘int[int]’ for array subscript
s756301767,p00242,"/mnt/d/Dev/Github/transformer-defect-prediction/data/processed/sources/p00242/C++/s756301767.cpp:10:32: error: could not convert ‘S.std::__cxx11::basic_string<char>::operator=(((const char*)""""))’ from ‘std::__cxx11::basic_string<char>’ to ‘bool’"
s221259489,p00246,/mnt/d/Dev/Github/transformer-defect-prediction/data/processed/sources/p00246/C++/s221259489.cpp:18:31: error: variable ‘arafi a’ has initializer but incomplete type
s434837071,p00246,/mnt/d/Dev/Github/transformer-defect-prediction/data/processed/sources/p00246/C++/s434837071.cpp:18:31: error: variable ‘arafi a’ has initializer but incomplete type
s521043806,p00246,/mnt/d/Dev/Github/transformer-defect-prediction/data/processed/sources/p00246/C++/s521043806.cpp:73:25: error: cannot bind non-const lvalue reference of type ‘std::vector<int>&’ to an rvalue of type ‘std::vector<int>’
s761639567,p00247,/mnt/d/Dev/Github/transformer-defect-prediction/data/processed/sources/p00247/C++/s761639567.cpp:33:16: error: narrowing conversion of ‘-1’ from ‘int’ to ‘uc’ {aka ‘unsigned char’} [-Wnarrowing]
s211856142,p00247,/mnt/d/Dev/Github/transformer-defect-prediction/data/processed/sources/p00247/C++/s211856142.cpp:33:16: error: narrowing conversion of ‘-1’ from ‘int’ to ‘uc’ {aka ‘unsigned char’} [-Wnarrowing]
s806735436,p00251,/mnt/d/Dev/Github/transformer-defect-prediction/data/processed/sources/p00251/C++/s806735436.cpp:8:16: error: too many decimal points in number
s198881017,p00252,"/mnt/d/Dev/Github/transformer-defect-prediction/data/processed/sources/p00252/C++/s198881017.cpp:6:59: error: found ‘:’ in nested-name-specifier, expected ‘::’"
s293784603,p00252,/mnt/d/Dev/Github/transformer-defect-prediction/data/processed/sources/p00252/C++/s293784603.cpp:2:17: error: ‘st’ is not a namespace-name
s165063299,p00253,/mnt/d/Dev/Github/transformer-defect-prediction/data/processed/sources/p00253/C++/s165063299.cpp:25:28: error: invalid types ‘int[int]’ for array subscript
s676988207,p00264,/mnt/d/Dev/Github/transformer-defect-prediction/data/processed/sources/p00264/C++/s676988207.cpp:123:38: error: cannot bind non-const lvalue reference of type ‘std::vector<Point>&’ to an rvalue of type ‘std::vector<Point>’
s606772394,p00265,/mnt/d/Dev/Github/transformer-defect-prediction/data/processed/sources/p00265/C++/s606772394.cpp:31:29: error: template argument 1 is invalid
s791811347,p00270,"/mnt/d/Dev/Github/transformer-defect-prediction/data/processed/sources/p00270/C++/s791811347.cpp:27:40: error: return-statement with a value, in function returning ‘void’ [-fpermissive]"
s162695668,p00272,"/mnt/d/Dev/Github/transformer-defect-prediction/data/processed/sources/p00272/C++/s162695668.cpp:13:9: error: return-statement with no value, in function returning ‘int’ [-fpermissive]"
s583083607,p00273,/mnt/d/Dev/Github/transformer-defect-prediction/data/processed/sources/p00273/C++/s583083607.cpp:9:10: error: invalid types ‘float [366][float]’ for array subscript
s573652173,p00273,/mnt/d/Dev/Github/transformer-defect-prediction/data/processed/sources/p00273/C++/s573652173.cpp:12:12: error: ‘else’ without a previous ‘if’
s793218608,p00280,/mnt/d/Dev/Github/transformer-defect-prediction/data/processed/sources/p00280/C++/s793218608.cpp:19:11: error: expected primary-expression at end of input
s350645365,p00294,/mnt/d/Dev/Github/transformer-defect-prediction/data/processed/sources/p00294/C++/s350645365.cpp:5:1: error: two or more data types in declaration of ‘main’
s912895975,p00294,/mnt/d/Dev/Github/transformer-defect-prediction/data/processed/sources/p00294/C++/s912895975.cpp:34:25: error: overloaded function with no contextual type information
s289034240,p00297,"/usr/include/c++/15/bits/new_allocator.h:111:7: error: ‘const _Tp* std::__new_allocator<_Tp>::address(const_reference) const [with _Tp = std::pair<long long int, long long int>(long long int, std::pair<long long int, long long int>); const_pointer = std::pair<long long int, long long int> (*)(long long int, std::pair<long long int, long long int>); const_reference = std::pair<long long int, long long int> (&)(long long int, std::pair<long long int, long long int>)]’ cannot be overloaded with ‘_Tp* std::__new_allocator<_Tp>::address(reference) const [with _Tp = std::pair<long long int, long long int>(long long int, std::pair<long long int, long long int>); pointer = std::pair<long long int, long long int> (*)(long long int, std::pair<long long int, long long int>); reference = std::pair<long long int, long long int> (&)(long long int, std::pair<long long int, long long int>)]’"
s139553989,p00298,"/mnt/d/Dev/Github/transformer-defect-prediction/data/processed/sources/p00298/C++/s139553989.cpp:18:16: error: return-statement with a value, in function returning ‘void’ [-fpermissive]"
s912338795,p00303,/mnt/d/Dev/Github/transformer-defect-prediction/data/processed/sources/p00303/C++/s912338795.cpp:55:2: error: unterminated argument list invoking macro ‘rep’
s220748150,p00304,/mnt/d/Dev/Github/transformer-defect-prediction/data/processed/sources/p00304/C++/s220748150.cpp:53:9: error: ‘else’ without a previous ‘if’
s054764517,p00305,/mnt/d/Dev/Github/transformer-defect-prediction/data/processed/sources/p00305/C++/s054764517.cpp:51:12: error: ‘else’ without a previous ‘if’
s727673927,p00305,/mnt/d/Dev/Github/transformer-defect-prediction/data/processed/sources/p00305/C++/s727673927.cpp:20:28: error: invalid types ‘int[int]’ for array subscript
s380126670,p00320,/mnt/d/Dev/Github/transformer-defect-prediction/data/processed/sources/p00320/C++/s380126670.cpp:26:7: error: passing ‘const b’ as ‘this’ argument discards qualifiers [-fpermissive]
s867826081,p00321,/mnt/d/Dev/Github/transformer-defect-prediction/data/processed/sources/p00321/C++/s867826081.cpp:61:16: error: template argument 1 is invalid
s007710814,p00324,/mnt/d/Dev/Github/transformer-defect-prediction/data/processed/sources/p00324/C++/s007710814.cpp:24:3: error: ‘else’ without a previous ‘if’
s314235513,p00327,"/mnt/d/Dev/Github/transformer-defect-prediction/data/processed/sources/p00327/C++/s314235513.cpp:35:11: error: invalid use of non-static member function ‘void std::stack<_Tp, _Sequence>::pop() [with _Tp = int; _Sequence = std::deque<int, std::allocator<int> >]’"
s162087620,p00328,/mnt/d/Dev/Github/transformer-defect-prediction/data/processed/sources/p00328/C++/s162087620.cpp:72:32: error: ‘IN’ is not captured
s884076211,p00329,"/mnt/d/Dev/Github/transformer-defect-prediction/data/processed/sources/p00329/C++/s884076211.cpp:85:43: error: could not convert ‘std::vector<int>(0, 0, std::allocator<int>())’ from ‘vector<int>’ to ‘vector<short int>’"
s775712956,p00333,/mnt/d/Dev/Github/transformer-defect-prediction/data/processed/sources/p00333/C++/s775712956.cpp:14:16: error: named return values are no longer supported
s766385938,p00335,/mnt/d/Dev/Github/transformer-defect-prediction/data/processed/sources/p00335/C++/s766385938.cpp:66:25: error: ‘else’ without a previous ‘if’
s568485378,p00337,/mnt/d/Dev/Github/transformer-defect-prediction/data/processed/sources/p00337/C++/s568485378.cpp:24:41: error: assignment of function ‘std::ios_base& std::left(ios_base&)’
s463007997,p00340,/mnt/d/Dev/Github/transformer-defect-prediction/data/processed/sources/p00340/C++/s463007997.cpp:15:2: error: expected class-name at end of input
s381259873,p00340,/mnt/d/Dev/Github/transformer-defect-prediction/data/processed/sources/p00340/C++/s381259873.cpp:15:2: error: expected class-name at end of input
s358941081,p00341,/usr/include/c++/15/bits/stl_algo.h:1781:17: error: no type named ‘value_type’ in ‘struct std::iterator_traits<int>’
s533272839,p00342,/mnt/d/Dev/Github/transformer-defect-prediction/data/processed/sources/p00342/C++/s533272839.cpp:14:9: error: ‘long’ specified with ‘float’
s937607961,p00344,/mnt/d/Dev/Github/transformer-defect-prediction/data/processed/sources/p00344/C++/s937607961.cpp:26:21: error: template argument 1 is invalid
s548843922,p00345,"/mnt/d/Dev/Github/transformer-defect-prediction/data/processed/sources/p00345/C++/s548843922.cpp:152:27: error: cannot bind non-const lvalue reference of type ‘std::pair<long long int, long long int>&’ to an rvalue of type ‘std::pair<long long int, long long int>’"
s254585810,p00346,/mnt/d/Dev/Github/transformer-defect-prediction/data/processed/sources/p00346/C++/s254585810.cpp:79:26: error: array must be initialized with a brace-enclosed initializer
s755639818,p00353,/mnt/d/Dev/Github/transformer-defect-prediction/data/processed/sources/p00353/C++/s755639818.cpp:8:18: error: statement cannot resolve address of overloaded function
s651170277,p00353,"/mnt/d/Dev/Github/transformer-defect-prediction/data/processed/sources/p00353/C++/s651170277.cpp:12:14: error: unable to find string literal operator ‘operator""""NA’ with ‘const char [1]’, ‘long unsigned int’ arguments"
s499930950,p00362,/mnt/d/Dev/Github/transformer-defect-prediction/data/processed/sources/p00362/C++/s499930950.cpp:14:37: error: operands to ‘?:’ have different types ‘std::basic_ostream<char>::__ostream_type’ {aka ‘std::basic_ostream<char>’} and ‘L’ {aka ‘long long int’}
s015566018,p00362,/mnt/d/Dev/Github/transformer-defect-prediction/data/processed/sources/p00362/C++/s015566018.cpp:71:5: error: ‘inline’ specifier invalid for variable ‘contraction’ declared at block scope
s726092356,p00375,/mnt/d/Dev/Github/transformer-defect-prediction/data/processed/sources/p00375/C++/s726092356.cpp:13:2: error: expected class-name at end of input
s263047836,p00423,/mnt/d/Dev/Github/transformer-defect-prediction/data/processed/sources/p00423/C++/s263047836.cpp:8:18: error: break statement not within loop or switch
s048524033,p00424,/mnt/d/Dev/Github/transformer-defect-prediction/data/processed/sources/p00424/C++/s048524033.cpp:47:30: error: empty character constant
s870778045,p00426,/mnt/d/Dev/Github/transformer-defect-prediction/data/processed/sources/p00426/C++/s870778045.cpp:17:8: error: explicit specialization of ‘template<class _Tp> struct std::hash’ outside its namespace must use a nested-name-specifier [-fpermissive]
s952810761,p00428,/mnt/d/Dev/Github/transformer-defect-prediction/data/processed/sources/p00428/C++/s952810761.cpp:22:11: error: parse error in template argument list
s709594824,p00431,/mnt/d/Dev/Github/transformer-defect-prediction/data/processed/sources/p00431/C++/s709594824.cpp:12:5: error: empty character constant
s050908620,p00433,"/mnt/d/Dev/Github/transformer-defect-prediction/data/processed/sources/p00433/C++/s050908620.cpp:3:17: error: expected ‘,’ or ‘)’, found ‘i’"
s948920511,p00436,"/mnt/d/Dev/Github/transformer-defect-prediction/data/processed/sources/p00436/C++/s948920511.cpp:15:9: error: return-statement with no value, in function returning ‘int’ [-fpermissive]"
s663691189,p00436,"/mnt/d/Dev/Github/transformer-defect-prediction/data/processed/sources/p00436/C++/s663691189.cpp:9:17: error: unable to find numeric literal operator ‘operator""""n’"
s152339899,p00436,"/mnt/d/Dev/Github/transformer-defect-prediction/data/processed/sources/p00436/C++/s152339899.cpp:9:17: error: unable to find numeric literal operator ‘operator""""n’"
s960407520,p00439,/mnt/d/Dev/Github/transformer-defect-prediction/data/processed/sources/p00439/C++/s960407520.cpp:18:28: error: invalid types ‘int[int]’ for array subscript
s557636552,p00440,/mnt/d/Dev/Github/transformer-defect-prediction/data/processed/sources/p00440/C++/s557636552.cpp:2:4: error: too many decimal points in number
s004578311,p00441,/mnt/d/Dev/Github/transformer-defect-prediction/data/processed/sources/p00441/C++/s004578311.cpp:29:30: error: invalid types ‘bool [5001][5001][int [3001]]’ for array subscript
s183138669,p00442,"/mnt/d/Dev/Github/transformer-defect-prediction/data/processed/sources/p00442/C++/s183138669.cpp:80:53: error: unable to find numeric literal operator ‘operator""""i32’"
s648691418,p00442,"/mnt/d/Dev/Github/transformer-defect-prediction/data/processed/sources/p00442/C++/s648691418.cpp:80:53: error: unable to find numeric literal operator ‘operator""""i32’"
s358044960,p00444,/mnt/d/Dev/Github/transformer-defect-prediction/data/processed/sources/p00444/C++/s358044960.cpp:9:17: error: break statement not within loop or switch
s126871174,p00446,/mnt/d/Dev/Github/transformer-defect-prediction/data/processed/sources/p00446/C++/s126871174.cpp:12:17: error: break statement not within loop or switch
s436208429,p00448,/mnt/d/Dev/Github/transformer-defect-prediction/data/processed/sources/p00448/C++/s436208429.cpp:1:26: error: exponent has no digits
s820532688,p00449,"/usr/include/c++/15/bits/stl_queue.h:594:18: error: data member ‘std::priority_queue<std::pair<int, int>, std::vector<std::pair<int, int> >, std::greater<std::pair<int, int> >()>::comp’ invalidly declared function type"
s767722427,p00456,/mnt/d/Dev/Github/transformer-defect-prediction/data/processed/sources/p00456/C++/s767722427.cpp:14:30: error: conversion from ‘void’ to non-scalar type ‘std::vector<int>’ requested
s883056371,p00457,/mnt/d/Dev/Github/transformer-defect-prediction/data/processed/sources/p00457/C++/s883056371.cpp:38:47: error: cannot bind non-const lvalue reference of type ‘std::vector<int>&’ to an rvalue of type ‘std::vector<int>’
s679535822,p00457,/mnt/d/Dev/Github/transformer-defect-prediction/data/processed/sources/p00457/C++/s679535822.cpp:51:45: error: empty character constant
s777128165,p00459,/mnt/d/Dev/Github/transformer-defect-prediction/data/processed/sources/p00459/C++/s777128165.cpp:2: error: unterminated #if
s311468596,p00460,/mnt/d/Dev/Github/transformer-defect-prediction/data/processed/sources/p00460/C++/s311468596.cpp:11:20: error: assigning to an array from an initializer list
s437985332,p00465,"/mnt/d/Dev/Github/transformer-defect-prediction/data/processed/sources/p00465/C++/s437985332.cpp:33:32: error: macro ‘mp’ requires 3 arguments, but only 2 given"
s507852376,p00466,/mnt/d/Dev/Github/transformer-defect-prediction/data/processed/sources/p00466/C++/s507852376.cpp:12:17: error: break statement not within loop or switch
s361464590,p00466,/mnt/d/Dev/Github/transformer-defect-prediction/data/processed/sources/p00466/C++/s361464590.cpp:11:25: error: break statement not within loop or switch
s897560398,p00466,/mnt/d/Dev/Github/transformer-defect-prediction/data/processed/sources/p00466/C++/s897560398.cpp:7:18: error: break statement not within loop or switch
s575680771,p00473,/mnt/d/Dev/Github/transformer-defect-prediction/data/processed/sources/p00473/C++/s575680771.cpp:35:25: error: invalid types ‘int[int]’ for array subscript
s978642549,p00474,/mnt/d/Dev/Github/transformer-defect-prediction/data/processed/sources/p00474/C++/s978642549.cpp:2:6: error: variable or field ‘maxi’ declared void
s330168889,p00476,/mnt/d/Dev/Github/transformer-defect-prediction/data/processed/sources/p00476/C++/s330168889.cpp:35:33: error: continue statement not within a loop
s953977135,p00481,/mnt/d/Dev/Github/transformer-defect-prediction/data/processed/sources/p00481/C++/s953977135.cpp:85:40: error: cannot bind non-const lvalue reference of type ‘Queue<Route>&’ to an rvalue of type ‘Queue<Route>’
s540174024,p00481,/mnt/d/Dev/Github/transformer-defect-prediction/data/processed/sources/p00481/C++/s540174024.cpp:3:1: error: too many decimal points in number
s539770591,p00482,/mnt/d/Dev/Github/transformer-defect-prediction/data/processed/sources/p00482/C++/s539770591.cpp:37:18: error: declaration of template parameter ‘MOD’ shadows template parameter [-Wtemplate-body]
s833811692,p00483,/mnt/d/Dev/Github/transformer-defect-prediction/data/processed/sources/p00483/C++/s833811692.cpp:5:6: error: conflicting declaration ‘char field [1005][1005]’
s700896558,p00491,/mnt/d/Dev/Github/transformer-defect-prediction/data/processed/sources/p00491/C++/s700896558.cpp:11:30: error: too many decimal points in number
s738528668,p00492,/mnt/d/Dev/Github/transformer-defect-prediction/data/processed/sources/p00492/C++/s738528668.cpp:14:16: error: invalid types ‘int[int]’ for array subscript
s091126753,p00492,"/mnt/d/Dev/Github/transformer-defect-prediction/data/processed/sources/p00492/C++/s091126753.cpp:17:12: error: conversion from ‘<unresolved overloaded function type>’ to non-scalar type ‘P’ {aka ‘std::pair<int, int>’} requested"
s512992150,p00495,/mnt/d/Dev/Github/transformer-defect-prediction/data/processed/sources/p00495/C++/s512992150.cpp:14:39: error: invalid types ‘int[int]’ for array subscript
s125189940,p00496,/mnt/d/Dev/Github/transformer-defect-prediction/data/processed/sources/p00496/C++/s125189940.cpp:53:59: error: invalid types ‘int[int]’ for array subscript
s313278092,p00499,/mnt/d/Dev/Github/transformer-defect-prediction/data/processed/sources/p00499/C++/s313278092.cpp:34:17: error: ‘else’ without a previous ‘if’
s783093345,p00504,/mnt/d/Dev/Github/transformer-defect-prediction/data/processed/sources/p00504/C++/s783093345.cpp:74:106: error: invalid types ‘int[int]’ for array subscript
s571986966,p00504,"/mnt/d/Dev/Github/transformer-defect-prediction/data/processed/sources/p00504/C++/s571986966.cpp:75:41: error: cannot bind non-const lvalue reference of type ‘std::vector<std::pair<int, int> >&’ to an rvalue of type ‘std::vector<std::pair<int, int> >’"
s040085705,p00510,"/mnt/d/Dev/Github/transformer-defect-prediction/data/processed/sources/p00510/C++/s040085705.cpp:19:7: error: return-statement with no value, in function returning ‘int’ [-fpermissive]"
s908439561,p00514,/mnt/d/Dev/Github/transformer-defect-prediction/data/processed/sources/p00514/C++/s908439561.cpp:7:34: error: overflow in constant expression [-fpermissive]
s340598074,p00514,/mnt/d/Dev/Github/transformer-defect-prediction/data/processed/sources/p00514/C++/s340598074.cpp:39:14: error: extra qualification ‘Calc::’ on member ‘ladd’ [-fpermissive]
s639098856,p00515,"/mnt/d/Dev/Github/transformer-defect-prediction/data/processed/sources/p00515/C++/s639098856.cpp:7:16: error: unable to find string literal operator ‘operator""""x’ with ‘const char [4]’, ‘long unsigned int’ arguments"
s785727331,p00516,/mnt/d/Dev/Github/transformer-defect-prediction/data/processed/sources/p00516/C++/s785727331.cpp:7:5: error: conflicting declaration ‘int m’
s603147897,p00518,/mnt/d/Dev/Github/transformer-defect-prediction/data/processed/sources/p00518/C++/s603147897.cpp:3:119: error: invalid types ‘int [90][char*]’ for array subscript
s798269146,p00519,"/mnt/d/Dev/Github/transformer-defect-prediction/data/processed/sources/p00519/C++/s798269146.cpp:50:81: error: conversion from ‘std::unordered_set<int>::iterator’ {aka ‘std::_Hashtable<int, int, std::allocator<int>, std::__detail::_Identity, std::equal_to<int>, std::hash<int>, std::__detail::_Mod_range_hashing, std::__detail::_Default_ranged_hash, std::__detail::_Prime_rehash_policy, std::__detail::_Hashtable_traits<false, true, true> >::iterator’} to non-scalar type ‘std::set<int>::iterator’ {aka ‘std::_Rb_tree<int, int, std::_Identity<int>, std::less<int>, std::allocator<int> >::const_iterator’} requested"
s797511732,p00519,"/mnt/d/Dev/Github/transformer-defect-prediction/data/processed/sources/p00519/C++/s797511732.cpp:50:81: error: conversion from ‘std::unordered_set<int>::iterator’ {aka ‘std::_Hashtable<int, int, std::allocator<int>, std::__detail::_Identity, std::equal_to<int>, std::hash<int>, std::__detail::_Mod_range_hashing, std::__detail::_Default_ranged_hash, std::__detail::_Prime_rehash_policy, std::__detail::_Hashtable_traits<false, true, true> >::iterator’} to non-scalar type ‘std::set<int>::iterator’ {aka ‘std::_Rb_tree<int, int, std::_Identity<int>, std::less<int>, std::allocator<int> >::const_iterator’} requested"
s617091352,p00521,/mnt/d/Dev/Github/transformer-defect-prediction/data/processed/sources/p00521/C++/s617091352.cpp:16:19: error: initializer-string for ‘char [4]’ is too long [-fpermissive]
s548639678,p00523,/mnt/d/Dev/Github/transformer-defect-prediction/data/processed/sources/p00523/C++/s548639678.cpp:33:23: error: expected initializer at end of input
s491230082,p00527,/mnt/d/Dev/Github/transformer-defect-prediction/data/processed/sources/p00527/C++/s491230082.cpp:44:2: error: ‘else’ without a previous ‘if’
s022023211,p00527,/mnt/d/Dev/Github/transformer-defect-prediction/data/processed/sources/p00527/C++/s022023211.cpp:30:42: error: cannot bind rvalue reference of type ‘const int&&’ to lvalue of type ‘int’
s451603184,p00531,"/mnt/d/Dev/Github/transformer-defect-prediction/data/processed/sources/p00531/C++/s451603184.cpp:6:17: error: found ‘:’ in nested-name-specifier, expected ‘::’"
s570091334,p00532,/mnt/d/Dev/Github/transformer-defect-prediction/data/processed/sources/p00532/C++/s570091334.cpp:8:13: error: conflicting declaration ‘int a [(m + 1)]’
s006140783,p00532,/mnt/d/Dev/Github/transformer-defect-prediction/data/processed/sources/p00532/C++/s006140783.cpp:8:13: error: conflicting declaration ‘int a [(m + 1)]’
s041074672,p00532,/mnt/d/Dev/Github/transformer-defect-prediction/data/processed/sources/p00532/C++/s041074672.cpp:4:60: error: invalid types ‘int[int]’ for array subscript
s723194537,p00532,/mnt/d/Dev/Github/transformer-defect-prediction/data/processed/sources/p00532/C++/s723194537.cpp:7:19: error: conflicting declaration ‘int forecast [player]’
s278159104,p00532,/mnt/d/Dev/Github/transformer-defect-prediction/data/processed/sources/p00532/C++/s278159104.cpp:7:19: error: conflicting declaration ‘int forecast [player]’
s423983815,p00533,/mnt/d/Dev/Github/transformer-defect-prediction/data/processed/sources/p00533/C++/s423983815.cpp:20:43: error: overloaded function with no contextual type information
s371227348,p00533,/mnt/d/Dev/Github/transformer-defect-prediction/data/processed/sources/p00533/C++/s371227348.cpp:54:2: error: expected class-name at end of input
s295069796,p00534,"/mnt/d/Dev/Github/transformer-defect-prediction/data/processed/sources/p00534/C++/s295069796.cpp:3:16: error: expected ‘,’ or ‘)’, found ‘(’"
s935893896,p00536,/usr/include/c++/15/bits/stl_algobase.h:1500:9: error: no type named ‘difference_type’ in ‘struct std::iterator_traits<long long int>’
s140662033,p00537,/mnt/d/Dev/Github/transformer-defect-prediction/data/processed/sources/p00537/C++/s140662033.cpp:13:5: error: conflicting declaration ‘int D [100001]’
s872181310,p00537,/mnt/d/Dev/Github/transformer-defect-prediction/data/processed/sources/p00537/C++/s872181310.cpp:14:5: error: conflicting declaration ‘long int a [100010]’
s562093510,p00537,/mnt/d/Dev/Github/transformer-defect-prediction/data/processed/sources/p00537/C++/s562093510.cpp:3:9: error: two or more data types in declaration of ‘p’
s049316983,p00543,/mnt/d/Dev/Github/transformer-defect-prediction/data/processed/sources/p00543/C++/s049316983.cpp:9:17: error: ‘int’ is not a template
s322840461,p00543,/mnt/d/Dev/Github/transformer-defect-prediction/data/processed/sources/p00543/C++/s322840461.cpp:9:17: error: ‘int’ is not a template
s013939114,p00546,/mnt/d/Dev/Github/transformer-defect-prediction/data/processed/sources/p00546/C++/s013939114.cpp:32:20: error: invalid types ‘long long int[long long int]’ for array subscript
s376301393,p00548,/mnt/d/Dev/Github/transformer-defect-prediction/data/processed/sources/p00548/C++/s376301393.cpp:106:31: error: invalid types ‘ll* {aka long long int*}[std::ios_base&(std::ios_base&)]’ for array subscript
s649017475,p00550,/mnt/d/Dev/Github/transformer-defect-prediction/data/processed/sources/p00550/C++/s649017475.cpp:20:23: error: declaration of ‘std::vector<road*> town::road’ changes meaning of ‘road’ [-Wchanges-meaning]
s126270750,p00551,/mnt/d/Dev/Github/transformer-defect-prediction/data/processed/sources/p00551/C++/s126270750.cpp:3:25: error: invalid digit ‘9’ in octal constant
s009943908,p00553,/mnt/d/Dev/Github/transformer-defect-prediction/data/processed/sources/p00553/C++/s009943908.cpp:1:12: error: too many decimal points in number
s093816734,p00553,/mnt/d/Dev/Github/transformer-defect-prediction/data/processed/sources/p00553/C++/s093816734.cpp:1:12: error: too many decimal points in number
s976351641,p00553,/mnt/d/Dev/Github/transformer-defect-prediction/data/processed/sources/p00553/C++/s976351641.cpp:1:12: error: too many decimal points in number
s493748640,p00553,/mnt/d/Dev/Github/transformer-defect-prediction/data/processed/sources/p00553/C++/s493748640.cpp:1:12: error: too many decimal points in number
s997192652,p00570,/mnt/d/Dev/Github/transformer-defect-prediction/data/processed/sources/p00570/C++/s997192652.cpp:5:25: error: conflicting declaration ‘long int a [1000000]’
s346786921,p00598,/mnt/d/Dev/Github/transformer-defect-prediction/data/processed/sources/p00598/C++/s346786921.cpp:29:35: error: cannot bind non-const lvalue reference of type ‘int&’ to an rvalue of type ‘int’
s246349873,p00598,"/mnt/d/Dev/Github/transformer-defect-prediction/data/processed/sources/p00598/C++/s246349873.cpp:160:56: error: cannot bind non-const lvalue reference of type ‘std::set<int>::const_iterator&’ {aka ‘std::_Rb_tree<int, int, std::_Identity<int>, std::less<int>, std::allocator<int> >::const_iterator&’} to an rvalue of type ‘std::set<int>::iterator’ {aka ‘std::_Rb_tree<int, int, std::_Identity<int>, std::less<int>, std::allocator<int> >::const_iterator’}"
s721620150,p00601,/mnt/d/Dev/Github/transformer-defect-prediction/data/processed/sources/p00601/C++/s721620150.cpp:9:21: error: size of array ‘edges’ is not an integral constant-expression
s984866600,p00601,/mnt/d/Dev/Github/transformer-defect-prediction/data/processed/sources/p00601/C++/s984866600.cpp:9:21: error: size of array ‘edges’ is not an integral constant-expression
s750223940,p00601,/mnt/d/Dev/Github/transformer-defect-prediction/data/processed/sources/p00601/C++/s750223940.cpp:9:21: error: size of array ‘edges’ is not an integral constant-expression
s233407441,p00602,/mnt/d/Dev/Github/transformer-defect-prediction/data/processed/sources/p00602/C++/s233407441.cpp:91:9: error: return type specification for constructor invalid [-Wtemplate-body]
s396444893,p00607,/mnt/d/Dev/Github/transformer-defect-prediction/data/processed/sources/p00607/C++/s396444893.cpp:101:10: error: ‘else’ without a previous ‘if’
s072152360,p00609,/mnt/d/Dev/Github/transformer-defect-prediction/data/processed/sources/p00609/C++/s072152360.cpp:20:13: error: variable ‘P a’ has initializer but incomplete type
s478258939,p00609,/mnt/d/Dev/Github/transformer-defect-prediction/data/processed/sources/p00609/C++/s478258939.cpp:17:46: error: size of array ‘coordinate’ is not an integral constant-expression
s708766094,p00609,/mnt/d/Dev/Github/transformer-defect-prediction/data/processed/sources/p00609/C++/s708766094.cpp:8:46: error: size of array ‘coordinate’ is not an integral constant-expression
s612064232,p00609,/mnt/d/Dev/Github/transformer-defect-prediction/data/processed/sources/p00609/C++/s612064232.cpp:8:46: error: size of array ‘coordinate’ is not an integral constant-expression
s261910576,p00609,/mnt/d/Dev/Github/transformer-defect-prediction/data/processed/sources/p00609/C++/s261910576.cpp:8:52: error: size of array ‘coordinate’ is not an integral constant-expression
s725649647,p00613,/mnt/d/Dev/Github/transformer-defect-prediction/data/processed/sources/p00613/C++/s725649647.cpp:21:5: error: ‘else’ without a previous ‘if’
s757436883,p00621,/mnt/d/Dev/Github/transformer-defect-prediction/data/processed/sources/p00621/C++/s757436883.cpp:28:63: error: invalid types ‘int[int]’ for array subscript
s314185637,p00628,"/mnt/d/Dev/Github/transformer-defect-prediction/data/processed/sources/p00628/C++/s314185637.cpp:10:16: error: invalid type argument of unary ‘*’ (have ‘__gnu_cxx::__alloc_traits<std::allocator<char>, char>::value_type’ {aka ‘char’})"
s323641160,p00628,/mnt/d/Dev/Github/transformer-defect-prediction/data/processed/sources/p00628/C++/s323641160.cpp:4:30: error: initializer-string for ‘char [12]’ is too long [-fpermissive]
s191988252,p00641,/mnt/d/Dev/Github/transformer-defect-prediction/data/processed/sources/p00641/C++/s191988252.cpp:15:16: error: invalid types ‘int[int]’ for array subscript
s700366393,p00643,"/mnt/d/Dev/Github/transformer-defect-prediction/data/processed/sources/p00643/C++/s700366393.cpp:73:37: error: default argument missing for parameter 3 of ‘State::State(int, int, int)’"
s680024050,p00646,"/mnt/d/Dev/Github/transformer-defect-prediction/data/processed/sources/p00646/C++/s680024050.cpp:33:5: error: there are no arguments to ‘assert’ that depend on a template parameter, so a declaration of ‘assert’ must be available [-Wtemplate-body]"
s505849087,p00646,/mnt/d/Dev/Github/transformer-defect-prediction/data/processed/sources/p00646/C++/s505849087.cpp:28:6: error: variable or field ‘pfact’ declared void
s464231791,p00653,/mnt/d/Dev/Github/transformer-defect-prediction/data/processed/sources/p00653/C++/s464231791.cpp:20:16: error: size ‘-294967296’ of array ‘dat’ is negative
s088508978,p00659,"/mnt/d/Dev/Github/transformer-defect-prediction/data/processed/sources/p00659/C++/s088508978.cpp:1:2: error: #error ""AAA"""
s444916063,p00659,"/mnt/d/Dev/Github/transformer-defect-prediction/data/processed/sources/p00659/C++/s444916063.cpp:1:2: error: #error ""A"""
s683350196,p00674,"/mnt/d/Dev/Github/transformer-defect-prediction/data/processed/sources/p00674/C++/s683350196.cpp:1:7: error: expected constructor, destructor, or type conversion at end of input"
s402386936,p00686,/mnt/d/Dev/Github/transformer-defect-prediction/data/processed/sources/p00686/C++/s402386936.cpp:35:38: error: expected ‘)’ at end of input
s240137546,p00686,/mnt/d/Dev/Github/transformer-defect-prediction/data/processed/sources/p00686/C++/s240137546.cpp:28:8: error: ‘else’ without a previous ‘if’
s170074008,p00697,/mnt/d/Dev/Github/transformer-defect-prediction/data/processed/sources/p00697/C++/s170074008.cpp:123:27: error: cannot bind non-const lvalue reference of type ‘vvP&’ {aka ‘std::vector<std::vector<P> >&’} to an rvalue of type ‘vvP’ {aka ‘std::vector<std::vector<P> >’}
s344009208,p00705,/mnt/d/Dev/Github/transformer-defect-prediction/data/processed/sources/p00705/C++/s344009208.cpp:46:9: error: expected primary-expression at end of input
s450955323,p00707,/mnt/d/Dev/Github/transformer-defect-prediction/data/processed/sources/p00707/C++/s450955323.cpp:38:92: error: cannot bind non-const lvalue reference of type ‘std::string&’ {aka ‘std::__cxx11::basic_string<char>&’} to an rvalue of type ‘std::__cxx11::basic_string<char>’
s915335040,p00707,/mnt/d/Dev/Github/transformer-defect-prediction/data/processed/sources/p00707/C++/s915335040.cpp:19:27: error: conversion from ‘const char [2]’ to non-scalar type ‘str’ requested
s512084232,p00707,/mnt/d/Dev/Github/transformer-defect-prediction/data/processed/sources/p00707/C++/s512084232.cpp:41:51: error: cannot bind non-const lvalue reference of type ‘std::string&’ {aka ‘std::__cxx11::basic_string<char>&’} to an rvalue of type ‘std::__cxx11::basic_string<char>’
s616552815,p00707,/mnt/d/Dev/Github/transformer-defect-prediction/data/processed/sources/p00707/C++/s616552815.cpp:40:106: error: cannot bind non-const lvalue reference of type ‘std::string&’ {aka ‘std::__cxx11::basic_string<char>&’} to an rvalue of type ‘std::__cxx11::basic_string<char>’
s979095824,p00707,/mnt/d/Dev/Github/transformer-defect-prediction/data/processed/sources/p00707/C++/s979095824.cpp:40:106: error: cannot bind non-const lvalue reference of type ‘std::string&’ {aka ‘std::__cxx11::basic_string<char>&’} to an rvalue of type ‘std::__cxx11::basic_string<char>’
s534355986,p00710,"/mnt/d/Dev/Github/transformer-defect-prediction/data/processed/sources/p00710/C++/s534355986.cpp:12:30: error: macro ‘for’ requires 3 arguments, but only 1 given"
s261884646,p00711,/mnt/d/Dev/Github/transformer-defect-prediction/data/processed/sources/p00711/C++/s261884646.cpp:59:13: error: overloaded function with no contextual type information
s268665283,p00712,/mnt/d/Dev/Github/transformer-defect-prediction/data/processed/sources/p00712/C++/s268665283.cpp:16:18: error: declaration of template parameter ‘Type’ shadows template parameter [-Wtemplate-body]
s577512271,p00716,/mnt/d/Dev/Github/transformer-defect-prediction/data/processed/sources/p00716/C++/s577512271.cpp:8:18: error: too many decimal points in number
s102650114,p00717,/mnt/d/Dev/Github/transformer-defect-prediction/data/processed/sources/p00717/C++/s102650114.cpp:28:28: error: invalid cast from type ‘std::complex<int>’ to type ‘int’
s223093713,p00720,/mnt/d/Dev/Github/transformer-defect-prediction/data/processed/sources/p00720/C++/s223093713.cpp:104:16: error: template argument 1 is invalid
s476976053,p00724,/mnt/d/Dev/Github/transformer-defect-prediction/data/processed/sources/p00724/C++/s476976053.cpp:9:22: error: ‘constexpr’ needed for in-class initialization of static data member ‘const int Solver::dx [6]’ of non-integral type [-fpermissive]
s633705370,p00730,/mnt/d/Dev/Github/transformer-defect-prediction/data/processed/sources/p00730/C++/s633705370.cpp:12:15: error: template argument 1 is invalid
s847477262,p00733,/mnt/d/Dev/Github/transformer-defect-prediction/data/processed/sources/p00733/C++/s847477262.cpp:10:21: error: declaration of ‘std::set<std::__cxx11::basic_string<char> > Node::set’ changes meaning of ‘set’ [-Wchanges-meaning]
s631336312,p00736,/mnt/d/Dev/Github/transformer-defect-prediction/data/processed/sources/p00736/C++/s631336312.cpp:4:9: error: ‘or’ cannot be used as a macro name as it is an operator in C++
s211308788,p00737,/mnt/d/Dev/Github/transformer-defect-prediction/data/processed/sources/p00737/C++/s211308788.cpp:14:1: error: abstract declarator ‘<unnamed struct>’ used as declaration
s511043638,p00738,/mnt/d/Dev/Github/transformer-defect-prediction/data/processed/sources/p00738/C++/s511043638.cpp:30:20: error: cannot bind non-const lvalue reference of type ‘P&’ {aka ‘std::complex<double>&’} to an rvalue of type ‘std::complex<double>’
s600593529,p00739,/usr/include/c++/15/bits/hashtable.h:210:51: error: static assertion failed: hash function must be copy constructible
s661570855,p00741,"/mnt/d/Dev/Github/transformer-defect-prediction/data/processed/sources/p00741/C++/s661570855.cpp:31:9: error: return-statement with no value, in function returning ‘bool’ [-fpermissive]"
s818128923,p00750,"/mnt/d/Dev/Github/transformer-defect-prediction/data/processed/sources/p00750/C++/s818128923.cpp:144:27: error: wrong number of template arguments (1, should be 2)"
s349823614,p00751,/mnt/d/Dev/Github/transformer-defect-prediction/data/processed/sources/p00751/C++/s349823614.cpp:17:18: error: initializer-string for ‘const char [27]’ is too long [-fpermissive]
s014042649,p00752,/mnt/d/Dev/Github/transformer-defect-prediction/data/processed/sources/p00752/C++/s014042649.cpp:90:23: error: cannot bind non-const lvalue reference of type ‘P&’ {aka ‘std::complex<double>&’} to an rvalue of type ‘std::complex<double>’
s901944054,p00752,/mnt/d/Dev/Github/transformer-defect-prediction/data/processed/sources/p00752/C++/s901944054.cpp:90:23: error: cannot bind non-const lvalue reference of type ‘P&’ {aka ‘std::complex<double>&’} to an rvalue of type ‘std::complex<double>’
s920590563,p00757,/mnt/d/Dev/Github/transformer-defect-prediction/data/processed/sources/p00757/C++/s920590563.cpp:316:9: error: need ‘typename’ before ‘P::COST’ because ‘P’ is a dependent scope [-Wtemplate-body]
s802358556,p00759,/mnt/d/Dev/Github/transformer-defect-prediction/data/processed/sources/p00759/C++/s802358556.cpp:24:39: error: use of ‘auto’ in template argument
s705454908,p00760,/mnt/d/Dev/Github/transformer-defect-prediction/data/processed/sources/p00760/C++/s705454908.cpp:16:21: error: break statement not within loop or switch
s867668893,p00762,/mnt/d/Dev/Github/transformer-defect-prediction/data/processed/sources/p00762/C++/s867668893.cpp:162:38: error: cannot bind non-const lvalue reference of type ‘solve()::<lambda(XI)>&’ to an rvalue of type ‘solve()::<lambda(XI)>’
s882181120,p00764,/mnt/d/Dev/Github/transformer-defect-prediction/data/processed/sources/p00764/C++/s882181120.cpp:29:51: error: expected primary-expression
s377282582,p00768,/mnt/d/Dev/Github/transformer-defect-prediction/data/processed/sources/p00768/C++/s377282582.cpp:15:19: error: array must be initialized with a brace-enclosed initializer
s659603398,p00769,/mnt/d/Dev/Github/transformer-defect-prediction/data/processed/sources/p00769/C++/s659603398.cpp:42:27: error: cannot bind non-const lvalue reference of type ‘std::__cxx11::basic_string<char>::const_iterator&’ to an rvalue of type ‘std::__cxx11::basic_string<char>::const_iterator’
s181289601,p00770,/usr/include/c++/15/bits/hashtable.h:210:51: error: static assertion failed: hash function must be copy constructible
s129493027,p00772,/mnt/d/Dev/Github/transformer-defect-prediction/data/processed/sources/p00772/C++/s129493027.cpp:26:42: error: cannot bind non-const lvalue reference of type ‘int&’ to a value of type ‘char’
s486669904,p00773,/mnt/d/Dev/Github/transformer-defect-prediction/data/processed/sources/p00773/C++/s486669904.cpp:13:2: error: break statement not within loop or switch
s654613481,p00778,/mnt/d/Dev/Github/transformer-defect-prediction/data/processed/sources/p00778/C++/s654613481.cpp:10:10: error: empty character constant
s561228805,p00779,"/mnt/d/Dev/Github/transformer-defect-prediction/data/processed/sources/p00779/C++/s561228805.cpp:39:27: error: return-statement with a value, in function returning ‘void’ [-fpermissive]"
s906837426,p00781,/mnt/d/Dev/Github/transformer-defect-prediction/data/processed/sources/p00781/C++/s906837426.cpp:102:31: error: cannot bind non-const lvalue reference of type ‘vi&’ {aka ‘std::vector<int>&’} to an rvalue of type ‘vi’ {aka ‘std::vector<int>’}
s345022298,p00781,/mnt/d/Dev/Github/transformer-defect-prediction/data/processed/sources/p00781/C++/s345022298.cpp:102:31: error: cannot bind non-const lvalue reference of type ‘vi&’ {aka ‘std::vector<int>&’} to an rvalue of type ‘vi’ {aka ‘std::vector<int>’}
s901475018,p00788,"/mnt/d/Dev/Github/transformer-defect-prediction/data/processed/sources/p00788/C++/s901475018.cpp:31:7: error: assignment of function ‘std::vector<std::pair<double, std::pair<int, int> > > v()’"
s861766553,p00791,/mnt/d/Dev/Github/transformer-defect-prediction/data/processed/sources/p00791/C++/s861766553.cpp:6:13: error: narrowing conversion of ‘1.0e+9’ from ‘double’ to ‘int’ [-Wnarrowing]
s626290189,p00795,/mnt/d/Dev/Github/transformer-defect-prediction/data/processed/sources/p00795/C++/s626290189.cpp:27:37: error: use of an operand of type ‘bool’ in ‘operator++’ is forbidden in C++17
s968892101,p00797,/mnt/d/Dev/Github/transformer-defect-prediction/data/processed/sources/p00797/C++/s968892101.cpp:153:30: error: cannot bind non-const lvalue reference of type ‘person&’ to an rvalue of type ‘person’
s200691819,p00808,/mnt/d/Dev/Github/transformer-defect-prediction/data/processed/sources/p00808/C++/s200691819.cpp:90:25: error: ‘else’ without a previous ‘if’
s542528478,p00808,/mnt/d/Dev/Github/transformer-defect-prediction/data/processed/sources/p00808/C++/s542528478.cpp:90:25: error: ‘else’ without a previous ‘if’
s409865740,p00808,/mnt/d/Dev/Github/transformer-defect-prediction/data/processed/sources/p00808/C++/s409865740.cpp:150:17: error: ‘else’ without a previous ‘if’
s923606849,p00808,/mnt/d/Dev/Github/transformer-defect-prediction/data/processed/sources/p00808/C++/s923606849.cpp:90:25: error: ‘else’ without a previous ‘if’
s732693865,p00809,"/mnt/d/Dev/Github/transformer-defect-prediction/data/processed/sources/p00809/C++/s732693865.cpp:22:77: error: macro ‘for’ requires 3 arguments, but only 1 given"
s832426506,p00811,/mnt/d/Dev/Github/transformer-defect-prediction/data/processed/sources/p00811/C++/s832426506.cpp:33:30: error: invalid types ‘int[int]’ for array subscript
s154811735,p00816,"/usr/include/c++/15/bits/stl_queue.h:594:18: error: data member ‘std::priority_queue<int, std::vector<int>, std::greater<int>()>::comp’ invalidly declared function type"
s173604660,p00817,/mnt/d/Dev/Github/transformer-defect-prediction/data/processed/sources/p00817/C++/s173604660.cpp:72:30: error: template argument 1 is invalid
s099444702,p00820,"/mnt/d/Dev/Github/transformer-defect-prediction/data/processed/sources/p00820/C++/s099444702.cpp:7:20: error: conversion from ‘__gnu_cxx::__enable_if<true, double>::__type’ {aka ‘double’} to ‘long unsigned int’ in a converted constant expression"
s962790371,p00820,/mnt/d/Dev/Github/transformer-defect-prediction/data/processed/sources/p00820/C++/s962790371.cpp:38:13: error: declaration of ‘int res’ shadows a parameter
s834475213,p00820,/mnt/d/Dev/Github/transformer-defect-prediction/data/processed/sources/p00820/C++/s834475213.cpp:2:13: error: invalid digit ‘9’ in octal constant
s874465971,p00823,/mnt/d/Dev/Github/transformer-defect-prediction/data/processed/sources/p00823/C++/s874465971.cpp:140:33: error: cannot bind non-const lvalue reference of type ‘std::string&’ {aka ‘std::__cxx11::basic_string<char>&’} to an rvalue of type ‘std::__cxx11::basic_string<char>’
s790456739,p00823,/mnt/d/Dev/Github/transformer-defect-prediction/data/processed/sources/p00823/C++/s790456739.cpp:140:37: error: cannot bind non-const lvalue reference of type ‘std::string&’ {aka ‘std::__cxx11::basic_string<char>&’} to an rvalue of type ‘std::__cxx11::basic_string<char>’
s010630826,p00823,/mnt/d/Dev/Github/transformer-defect-prediction/data/processed/sources/p00823/C++/s010630826.cpp:33:30: error: no ‘operator++(int)’ declared for postfix ‘++’ [-fpermissive]
s487876410,p00824,/mnt/d/Dev/Github/transformer-defect-prediction/data/processed/sources/p00824/C++/s487876410.cpp:287:34: error: declaration of ‘solve()::bd solve()::Node::bd’ changes meaning of ‘bd’ [-Wchanges-meaning]
s633494922,p00824,/usr/include/c++/15/bits/hashtable_policy.h:1069:23: error: static assertion failed: hash function must be invocable with an argument of key type
s382388533,p00829,"/mnt/d/Dev/Github/transformer-defect-prediction/data/processed/sources/p00829/C++/s382388533.cpp:414:33: error: invalid initialization of reference of type ‘Polygon&’ {aka ‘std::vector<std::complex<long double> >&’} from expression of type ‘__gnu_cxx::__alloc_traits<std::allocator<std::complex<long double> >, std::complex<long double> >::value_type’ {aka ‘std::complex<long double>’}"
s980750772,p00829,"/mnt/d/Dev/Github/transformer-defect-prediction/data/processed/sources/p00829/C++/s980750772.cpp:414:33: error: invalid initialization of reference of type ‘Polygon&’ {aka ‘std::vector<std::complex<long double> >&’} from expression of type ‘__gnu_cxx::__alloc_traits<std::allocator<std::complex<long double> >, std::complex<long double> >::value_type’ {aka ‘std::complex<long double>’}"
s954983099,p00833,"/mnt/d/Dev/Github/transformer-defect-prediction/data/processed/sources/p00833/C++/s954983099.cpp:148:23: error: cannot bind non-const lvalue reference of type ‘Edge&’ {aka ‘std::pair<std::complex<double>, std::complex<double> >&’} to an rvalue of type ‘std::pair<std::complex<double>, std::complex<double> >’"
s305536350,p00840,/mnt/d/Dev/Github/transformer-defect-prediction/data/processed/sources/p00840/C++/s305536350.cpp:17:14: error: template argument 1 is invalid
s566882181,p00840,/mnt/d/Dev/Github/transformer-defect-prediction/data/processed/sources/p00840/C++/s566882181.cpp:30:14: error: template argument 1 is invalid
s207893922,p00848,/mnt/d/Dev/Github/transformer-defect-prediction/data/processed/sources/p00848/C++/s207893922.cpp:31:7: error: conflicting declaration ‘int ret’
s429488839,p00855,"/mnt/d/Dev/Github/transformer-defect-prediction/data/processed/sources/p00855/C++/s429488839.cpp:24:25: error: return-statement with no value, in function returning ‘int’ [-fpermissive]"
s860196008,p00855,"/mnt/d/Dev/Github/transformer-defect-prediction/data/processed/sources/p00855/C++/s860196008.cpp:24:25: error: return-statement with no value, in function returning ‘int’ [-fpermissive]"
s814482850,p00858,/mnt/d/Dev/Github/transformer-defect-prediction/data/processed/sources/p00858/C++/s814482850.cpp:21:2: error: ‘#else’ without ‘#if’
s800573058,p00861,"/mnt/d/Dev/Github/transformer-defect-prediction/data/processed/sources/p00861/C++/s800573058.cpp:54:43: error: use of deleted function ‘bool std::regex_match(const __cxx11::basic_string<_Ch_type, _Ch_traits, _Ch_alloc>&&, __cxx11::match_results<typename __cxx11::basic_string<_Ch_type, _Ch_traits, _Ch_alloc>::const_iterator, _Alloc>&, const __cxx11::basic_regex<_Ch_type, _Rx_traits>&, regex_constants::match_flag_type) [with _Ch_traits = char_traits<char>; _Ch_alloc = allocator<char>; _Alloc = allocator<__cxx11::sub_match<__gnu_cxx::__normal_iterator<const char*, __cxx11::basic_string<char> > > >; _Ch_type = char; _Rx_traits = __cxx11::regex_traits<char>; typename __cxx11::basic_string<_Ch_type, _Ch_traits, _Ch_alloc>::const_iterator = __cxx11::basic_string<char>::const_iterator]’"
s221647435,p00861,"/mnt/d/Dev/Github/transformer-defect-prediction/data/processed/sources/p00861/C++/s221647435.cpp:54:43: error: use of deleted function ‘bool std::regex_match(const __cxx11::basic_string<_Ch_type, _Ch_traits, _Ch_alloc>&&, __cxx11::match_results<typename __cxx11::basic_string<_Ch_type, _Ch_traits, _Ch_alloc>::const_iterator, _Alloc>&, const __cxx11::basic_regex<_Ch_type, _Rx_traits>&, regex_constants::match_flag_type) [with _Ch_traits = char_traits<char>; _Ch_alloc = allocator<char>; _Alloc = allocator<__cxx11::sub_match<__gnu_cxx::__normal_iterator<const char*, __cxx11::basic_string<char> > > >; _Ch_type = char; _Rx_traits = __cxx11::regex_traits<char>; typename __cxx11::basic_string<_Ch_type, _Ch_traits, _Ch_alloc>::const_iterator = __cxx11::basic_string<char>::const_iterator]’"
s496979554,p00861,/mnt/d/Dev/Github/transformer-defect-prediction/data/processed/sources/p00861/C++/s496979554.cpp:52:23: error: cannot bind non-const lvalue reference of type ‘std::string&’ {aka ‘std::__cxx11::basic_string<char>&’} to an rvalue of type ‘std::__cxx11::basic_string<char>’
s327836887,p00865,/usr/include/c++/15/bits/hashtable.h:210:51: error: static assertion failed: hash function must be copy constructible
s152323393,p00868,/mnt/d/Dev/Github/transformer-defect-prediction/data/processed/sources/p00868/C++/s152323393.cpp:111:23: error: cannot bind non-const lvalue reference of type ‘Point3&’ to an rvalue of type ‘Point3’
s300768582,p00875,/mnt/d/Dev/Github/transformer-defect-prediction/data/processed/sources/p00875/C++/s300768582.cpp:58:2: error: unterminated argument list invoking macro ‘rep’
s998846114,p00881,"/mnt/d/Dev/Github/transformer-defect-prediction/data/processed/sources/p00881/C++/s998846114.cpp:25:53: error: conversion from ‘__normal_iterator<const int*,[...]>’ to non-scalar type ‘__normal_iterator<int*,[...]>’ requested"
s496995605,p00883,/mnt/d/Dev/Github/transformer-defect-prediction/data/processed/sources/p00883/C++/s496995605.cpp:133:62: error: cannot bind non-const lvalue reference of type ‘vs&’ {aka ‘std::vector<std::__cxx11::basic_string<char> >&’} to an rvalue of type ‘vs’ {aka ‘std::vector<std::__cxx11::basic_string<char> >’}
s373472986,p00883,"/mnt/d/Dev/Github/transformer-defect-prediction/data/processed/sources/p00883/C++/s373472986.cpp:134:72: error: cannot bind non-const lvalue reference of type ‘pii&’ {aka ‘std::pair<int, int>&’} to an rvalue of type ‘std::pair<int, int>’"
s134219705,p00888,/usr/include/c++/15/bits/hashtable.h:210:51: error: static assertion failed: hash function must be copy constructible
s876184251,p00891,/mnt/d/Dev/Github/transformer-defect-prediction/data/processed/sources/p00891/C++/s876184251.cpp:162:41: error: ‘else’ without a previous ‘if’
s073558731,p00901,"/mnt/d/Dev/Github/transformer-defect-prediction/data/processed/sources/p00901/C++/s073558731.cpp:1:2: error: #error ""tsurai"""
s863258558,p00901,"/mnt/d/Dev/Github/transformer-defect-prediction/data/processed/sources/p00901/C++/s863258558.cpp:1:2: error: #error """""
s847559269,p00903,/mnt/d/Dev/Github/transformer-defect-prediction/data/processed/sources/p00903/C++/s847559269.cpp:49:25: error: use of an operand of type ‘bool’ in ‘operator++’ is forbidden in C++17
s929750739,p00906,/mnt/d/Dev/Github/transformer-defect-prediction/data/processed/sources/p00906/C++/s929750739.cpp:23:96: error: invalid use of non-static data member ‘ModMatrix::mod’
s816493612,p00906,/mnt/d/Dev/Github/transformer-defect-prediction/data/processed/sources/p00906/C++/s816493612.cpp:33:33: error: cannot bind non-const lvalue reference of type ‘mat&’ {aka ‘std::vector<std::vector<int> >&’} to an rvalue of type ‘mat’ {aka ‘std::vector<std::vector<int> >’}
s162810197,p00906,/mnt/d/Dev/Github/transformer-defect-prediction/data/processed/sources/p00906/C++/s162810197.cpp:83:34: error: cannot bind non-const lvalue reference of type ‘vvi&’ {aka ‘std::vector<std::vector<int> >&’} to an rvalue of type ‘vvi’ {aka ‘std::vector<std::vector<int> >’}
s016560132,p00910,"/mnt/d/Dev/Github/transformer-defect-prediction/data/processed/sources/p00910/C++/s016560132.cpp:124:39: error: conversion from ‘std::unordered_set<int>::iterator’ {aka ‘std::_Hashtable<int, int, std::allocator<int>, std::__detail::_Identity, std::equal_to<int>, std::hash<int>, std::__detail::_Mod_range_hashing, std::__detail::_Default_ranged_hash, std::__detail::_Prime_rehash_policy, std::__detail::_Hashtable_traits<false, true, true> >::iterator’} to non-scalar type ‘std::set<int>::iterator’ {aka ‘std::_Rb_tree<int, int, std::_Identity<int>, std::less<int>, std::allocator<int> >::const_iterator’} requested"
s354265503,p00910,"/mnt/d/Dev/Github/transformer-defect-prediction/data/processed/sources/p00910/C++/s354265503.cpp:84:44: error: macro ‘r’ requires 2 arguments, but only 1 given"
s264452411,p00910,/mnt/d/Dev/Github/transformer-defect-prediction/data/processed/sources/p00910/C++/s264452411.cpp:107:35: error: cannot bind non-const lvalue reference of type ‘point&’ to an rvalue of type ‘point’
s042930813,p00910,/mnt/d/Dev/Github/transformer-defect-prediction/data/processed/sources/p00910/C++/s042930813.cpp:107:35: error: cannot bind non-const lvalue reference of type ‘point&’ to an rvalue of type ‘point’
s817796675,p00918,"/mnt/d/Dev/Github/transformer-defect-prediction/data/processed/sources/p00918/C++/s817796675.cpp:23:14: error: aggregate ‘std::array<int, 9> field’ has incomplete type and cannot be defined"
s490299733,p00919,"/mnt/d/Dev/Github/transformer-defect-prediction/data/processed/sources/p00919/C++/s490299733.cpp:50:30: error: class ‘kdtree<T, Dim>’ does not have any field named ‘val’ [-Wtemplate-body]"
s356131219,p00919,"/mnt/d/Dev/Github/transformer-defect-prediction/data/processed/sources/p00919/C++/s356131219.cpp:50:30: error: class ‘kdtree<T, Dim>’ does not have any field named ‘val’ [-Wtemplate-body]"
s360842880,p00921,"/mnt/d/Dev/Github/transformer-defect-prediction/data/processed/sources/p00921/C++/s360842880.cpp:1:2: error: #error """""
s205441590,p00926,/mnt/d/Dev/Github/transformer-defect-prediction/data/processed/sources/p00926/C++/s205441590.cpp:44:38: error: cannot bind non-const lvalue reference of type ‘std::vector<Range>&’ to an rvalue of type ‘std::vector<Range>’
s595635851,p00929,/mnt/d/Dev/Github/transformer-defect-prediction/data/processed/sources/p00929/C++/s595635851.cpp:14:14: error: ‘#’ is not followed by a macro parameter
s473445038,p00930,/mnt/d/Dev/Github/transformer-defect-prediction/data/processed/sources/p00930/C++/s473445038.cpp:16:20: error: ‘#’ is not followed by a macro parameter
s095203684,p00930,/mnt/d/Dev/Github/transformer-defect-prediction/data/processed/sources/p00930/C++/s095203684.cpp:73:37: error: class ‘StarrySkyTree<Type>’ does not have any field named ‘dat’ [-Wtemplate-body]
s798438231,p00930,/mnt/d/Dev/Github/transformer-defect-prediction/data/processed/sources/p00930/C++/s798438231.cpp:73:37: error: class ‘StarrySkyTree<Type>’ does not have any field named ‘dat’ [-Wtemplate-body]
s774021353,p00937,/mnt/d/Dev/Github/transformer-defect-prediction/data/processed/sources/p00937/C++/s774021353.cpp:39:106: error: assignment of read-only variable ‘ok’
s797694959,p00939,/mnt/d/Dev/Github/transformer-defect-prediction/data/processed/sources/p00939/C++/s797694959.cpp:80:18: error: conversion from ‘int [10]’ to non-scalar type ‘vi’ {aka ‘std::vector<int>’} requested
s377285622,p00947,/mnt/d/Dev/Github/transformer-defect-prediction/data/processed/sources/p00947/C++/s377285622.cpp:34:32: error: cannot bind non-const lvalue reference of type ‘std::string&’ {aka ‘std::__cxx11::basic_string<char>&’} to an rvalue of type ‘std::__cxx11::basic_string<char>’
s587427042,p00947,/mnt/d/Dev/Github/transformer-defect-prediction/data/processed/sources/p00947/C++/s587427042.cpp:34:32: error: cannot bind non-const lvalue reference of type ‘std::string&’ {aka ‘std::__cxx11::basic_string<char>&’} to an rvalue of type ‘std::__cxx11::basic_string<char>’
s361324500,p00950,"/mnt/d/Dev/Github/transformer-defect-prediction/data/processed/sources/p00950/C++/s361324500.cpp:184:39: error: cannot bind non-const lvalue reference of type ‘State&’ {aka ‘std::__cxx11::basic_string<char>::const_iterator&’} to an rvalue of type ‘__gnu_cxx::__normal_iterator<const char*, std::__cxx11::basic_string<char> >’"
s837796514,p00966,/mnt/d/Dev/Github/transformer-defect-prediction/data/processed/sources/p00966/C++/s837796514.cpp:48:27: error: empty character constant
s076412072,p00967,/mnt/d/Dev/Github/transformer-defect-prediction/data/processed/sources/p00967/C++/s076412072.cpp:80:28: error: break statement not within loop or switch
s868912470,p00990,/mnt/d/Dev/Github/transformer-defect-prediction/data/processed/sources/p00990/C++/s868912470.cpp:6:2: error: too many decimal points in number
s999443630,p00994,/mnt/d/Dev/Github/transformer-defect-prediction/data/processed/sources/p00994/C++/s999443630.cpp:59:102: error: invalid types ‘int[int]’ for array subscript
s013530067,p00995,/mnt/d/Dev/Github/transformer-defect-prediction/data/processed/sources/p00995/C++/s013530067.cpp:17:4: error: ambiguating new declaration of ‘ll rand()’
s277535806,p00995,/mnt/d/Dev/Github/transformer-defect-prediction/data/processed/sources/p00995/C++/s277535806.cpp:17:20: error: ‘#’ is not followed by a macro parameter
s530370423,p01006,"/mnt/d/Dev/Github/transformer-defect-prediction/data/processed/sources/p01006/C++/s530370423.cpp:46:24: error: return-statement with a value, in function returning ‘void’ [-fpermissive]"
s458715270,p01009,/mnt/d/Dev/Github/transformer-defect-prediction/data/processed/sources/p01009/C++/s458715270.cpp:9:25: error: array must be initialized with a brace-enclosed initializer
s356844092,p01010,"/mnt/d/Dev/Github/transformer-defect-prediction/data/processed/sources/p01010/C++/s356844092.cpp:1:2: error: #error ""trurai"""
s675093799,p01055,"/mnt/d/Dev/Github/transformer-defect-prediction/data/processed/sources/p01055/C++/s675093799.cpp:59:22: error: cannot bind non-const lvalue reference of type ‘std::tuple<int&, int&, std::bitset<5>&>&’ to an rvalue of type ‘std::tuple<int&, int&, std::bitset<5>&>’"
s519066555,p01057,/mnt/d/Dev/Github/transformer-defect-prediction/data/processed/sources/p01057/C++/s519066555.cpp:122:46: error: invalid use of non-static member function ‘int treap<T>::count(node_t*) [with T = char]’
s479806198,p01062,/mnt/d/Dev/Github/transformer-defect-prediction/data/processed/sources/p01062/C++/s479806198.cpp:111:28: error: break statement not within loop or switch
s566998471,p01069,"/mnt/d/Dev/Github/transformer-defect-prediction/data/processed/sources/p01069/C++/s566998471.cpp:34:26: error: unable to find numeric literal operator ‘operator""""ld’"
s012321401,p01084,/usr/include/c++/15/bits/hashtable.h:210:51: error: static assertion failed: hash function must be copy constructible
s515000808,p01087,"/mnt/d/Dev/Github/transformer-defect-prediction/data/processed/sources/p01087/C++/s515000808.cpp:121:178: error: wrong number of template arguments (1, should be 2)"
s801863013,p01087,"/mnt/d/Dev/Github/transformer-defect-prediction/data/processed/sources/p01087/C++/s801863013.cpp:121:178: error: wrong number of template arguments (1, should be 2)"
s604961487,p01093,/usr/include/c++/15/bits/stl_algo.h:1781:17: error: no type named ‘value_type’ in ‘struct std::iterator_traits<int>’
s554957504,p01094,/mnt/d/Dev/Github/transformer-defect-prediction/data/processed/sources/p01094/C++/s554957504.cpp:16:31: error: array must be initialized with a brace-enclosed initializer
s750931604,p01096,
s150214352,p01101,/mnt/d/Dev/Github/transformer-defect-prediction/data/processed/sources/p01101/C++/s150214352.cpp:9:9: error: conflicting declaration ‘int a [1000]’
s915504187,p01108,/mnt/d/Dev/Github/transformer-defect-prediction/data/processed/sources/p01108/C++/s915504187.cpp:5:7: error: expected identifier at end of input
s306293790,p01127,/mnt/d/Dev/Github/transformer-defect-prediction/data/processed/sources/p01127/C++/s306293790.cpp:10:21: error: template argument 1 is invalid
s805429038,p01128,/mnt/d/Dev/Github/transformer-defect-prediction/data/processed/sources/p01128/C++/s805429038.cpp:52:10: error: declaration of ‘line <unnamed struct>::line’ changes meaning of ‘line’ [-Wchanges-meaning]
s439325431,p01129,/mnt/d/Dev/Github/transformer-defect-prediction/data/processed/sources/p01129/C++/s439325431.cpp:170:49: error: cannot bind non-const lvalue reference of type ‘Elevator&’ to an rvalue of type ‘Elevator’
s078848258,p01130,/mnt/d/Dev/Github/transformer-defect-prediction/data/processed/sources/p01130/C++/s078848258.cpp:48:1: error: abstract declarator ‘<unnamed struct>’ used as declaration
s856592682,p01131,/mnt/d/Dev/Github/transformer-defect-prediction/data/processed/sources/p01131/C++/s856592682.cpp:5:16: error: declaration of ‘character’ as multidimensional array must have bounds for all dimensions except the first
s374894306,p01132,/mnt/d/Dev/Github/transformer-defect-prediction/data/processed/sources/p01132/C++/s374894306.cpp:20:15: error: empty character constant
s263446403,p01135,"/mnt/d/Dev/Github/transformer-defect-prediction/data/processed/sources/p01135/C++/s263446403.cpp:1:2: error: #error ""X"""
s670518364,p01142,/mnt/d/Dev/Github/transformer-defect-prediction/data/processed/sources/p01142/C++/s670518364.cpp:45:29: error: use of an operand of type ‘bool’ in ‘operator++’ is forbidden in C++17
s753996928,p01142,/mnt/d/Dev/Github/transformer-defect-prediction/data/processed/sources/p01142/C++/s753996928.cpp:158:5: error: conflicting declaration ‘int dx [7]’
s286367383,p01146,/mnt/d/Dev/Github/transformer-defect-prediction/data/processed/sources/p01146/C++/s286367383.cpp:16:27: error: no macro name given in ‘#define’ directive
s643876096,p01159,"/mnt/d/Dev/Github/transformer-defect-prediction/data/processed/sources/p01159/C++/s643876096.cpp:15:20: error: there are no arguments to ‘asin’ that depend on a template parameter, so a declaration of ‘asin’ must be available [-Wtemplate-body]"
s888149092,p01159,"/mnt/d/Dev/Github/transformer-defect-prediction/data/processed/sources/p01159/C++/s888149092.cpp:44:22: error: there are no arguments to ‘sqrt’ that depend on a template parameter, so a declaration of ‘sqrt’ must be available [-Wtemplate-body]"
s794391062,p01163,/usr/include/c++/15/bits/hashtable.h:210:51: error: static assertion failed: hash function must be copy constructible
s965896930,p01187,/mnt/d/Dev/Github/transformer-defect-prediction/data/processed/sources/p01187/C++/s965896930.cpp:199:9: error: conflicting declaration ‘int node’
s826415211,p01209,/mnt/d/Dev/Github/transformer-defect-prediction/data/processed/sources/p01209/C++/s826415211.cpp:12:16: error: two consecutive ‘[’ shall only introduce an attribute before ‘[’ token
s427836528,p01213,/mnt/d/Dev/Github/transformer-defect-prediction/data/processed/sources/p01213/C++/s427836528.cpp:20:15: error: empty character constant
s100129864,p01226,/mnt/d/Dev/Github/transformer-defect-prediction/data/processed/sources/p01226/C++/s100129864.cpp:55:10: error: jump to case label
s272185965,p01227,/mnt/d/Dev/Github/transformer-defect-prediction/data/processed/sources/p01227/C++/s272185965.cpp:27:28: error: initializer in range-based ‘for’ loop
s536188580,p01229,/mnt/d/Dev/Github/transformer-defect-prediction/data/processed/sources/p01229/C++/s536188580.cpp:7: error: unterminated #ifdef
s261797125,p01233,"/mnt/d/Dev/Github/transformer-defect-prediction/data/processed/sources/p01233/C++/s261797125.cpp:117:31: error: invalid initialization of reference of type ‘std::vector<std::pair<long long int, long long int> >&’ from expression of type ‘std::vector<std::pair<int, int> >’"
s158120594,p01240,/mnt/d/Dev/Github/transformer-defect-prediction/data/processed/sources/p01240/C++/s158120594.cpp:40:16: error: declaration of ‘struct Dinic::Edge’ changes meaning of ‘Edge’ [-Wchanges-meaning]
s373670458,p01268,/usr/include/c++/15/bits/stl_algo.h:1781:17: error: no type named ‘value_type’ in ‘struct std::iterator_traits<int>’
s541814144,p01270,/mnt/d/Dev/Github/transformer-defect-prediction/data/processed/sources/p01270/C++/s541814144.cpp:22:12: error: template argument 1 is invalid
s850666374,p01271,/usr/include/c++/15/bits/hashtable.h:210:51: error: static assertion failed: hash function must be copy constructible
s112569742,p01275,/mnt/d/Dev/Github/transformer-defect-prediction/data/processed/sources/p01275/C++/s112569742.cpp:52:53: error: invalid use of void expression
s886253903,p01284,/mnt/d/Dev/Github/transformer-defect-prediction/data/processed/sources/p01284/C++/s886253903.cpp:16:34: error: wrong type argument to bit-complement
s774048516,p01305,/mnt/d/Dev/Github/transformer-defect-prediction/data/processed/sources/p01305/C++/s774048516.cpp:60:2: error: unterminated argument list invoking macro ‘rep’
s502688854,p01322,"/mnt/d/Dev/Github/transformer-defect-prediction/data/processed/sources/p01322/C++/s502688854.cpp:11:19: error: return-statement with no value, in function returning ‘int’ [-fpermissive]"
s604917955,p01324,"/usr/include/c++/15/bits/stl_list.h:1037:66: error: static assertion failed: std::list must have a non-const, non-volatile value_type"
s237670739,p01337,"/mnt/d/Dev/Github/transformer-defect-prediction/data/processed/sources/p01337/C++/s237670739.cpp:1:2: error: #error ""tsurai"""
s299643732,p01337,"/mnt/d/Dev/Github/transformer-defect-prediction/data/processed/sources/p01337/C++/s299643732.cpp:1:2: error: #error ""tsurai"""
s342644703,p01339,/mnt/d/Dev/Github/transformer-defect-prediction/data/processed/sources/p01339/C++/s342644703.cpp:80:2: error: ‘#else’ without ‘#if’
s060545386,p01339,/mnt/d/Dev/Github/transformer-defect-prediction/data/processed/sources/p01339/C++/s060545386.cpp:80:2: error: ‘#else’ without ‘#if’
s284465921,p01349,/mnt/d/Dev/Github/transformer-defect-prediction/data/processed/sources/p01349/C++/s284465921.cpp:137:2: error: unterminated argument list invoking macro ‘assert’
s586871540,p01350,/mnt/d/Dev/Github/transformer-defect-prediction/data/processed/sources/p01350/C++/s586871540.cpp:26:32: error: conflicting declaration ‘long double r’
s702351495,p01350,/usr/include/c++/15/bits/hashtable.h:210:51: error: static assertion failed: hash function must be copy constructible
s458402415,p01353,/mnt/d/Dev/Github/transformer-defect-prediction/data/processed/sources/p01353/C++/s458402415.cpp:44:12: error: template argument 1 is invalid
s159247268,p01354,/mnt/d/Dev/Github/transformer-defect-prediction/data/processed/sources/p01354/C++/s159247268.cpp:70:27: error: cannot bind non-const lvalue reference of type ‘std::vector<int>&’ to an rvalue of type ‘std::vector<int>’
s575823060,p01354,/mnt/d/Dev/Github/transformer-defect-prediction/data/processed/sources/p01354/C++/s575823060.cpp:5:9: error: multiple types in one declaration
s355322981,p01359,/mnt/d/Dev/Github/transformer-defect-prediction/data/processed/sources/p01359/C++/s355322981.cpp:80:2: error: ‘#else’ without ‘#if’
s027390034,p01359,/mnt/d/Dev/Github/transformer-defect-prediction/data/processed/sources/p01359/C++/s027390034.cpp:80:2: error: ‘#else’ without ‘#if’
s536441920,p01360,"/mnt/d/Dev/Github/transformer-defect-prediction/data/processed/sources/p01360/C++/s536441920.cpp:55:50: error: macro ‘rep’ passed 3 arguments, but takes just 2"
s724998683,p01361,/mnt/d/Dev/Github/transformer-defect-prediction/data/processed/sources/p01361/C++/s724998683.cpp:14:5: error: conflicting declaration ‘int num [300]’
s948571957,p01366,"/mnt/d/Dev/Github/transformer-defect-prediction/data/processed/sources/p01366/C++/s948571957.cpp:29:35: error: type/value mismatch at argument 1 in template parameter list for ‘template<class _Tp, class _Alloc> class std::vector’"
s076973434,p01372,/mnt/d/Dev/Github/transformer-defect-prediction/data/processed/sources/p01372/C++/s076973434.cpp:85:79: error: increment of read-only variable ‘cnt’
s596609681,p01376,"/mnt/d/Dev/Github/transformer-defect-prediction/data/processed/sources/p01376/C++/s596609681.cpp:7:8: error: macro ‘r’ requires 3 arguments, but only 2 given"
s553381091,p01380,"/mnt/d/Dev/Github/transformer-defect-prediction/data/processed/sources/p01380/C++/s553381091.cpp:59:27: error: binding reference of type ‘Data&’ to ‘const __gnu_cxx::__alloc_traits<std::allocator<Data>, Data>::value_type’ {aka ‘const Data’} discards qualifiers"
s269666963,p01380,"/mnt/d/Dev/Github/transformer-defect-prediction/data/processed/sources/p01380/C++/s269666963.cpp:14:49: error: second operand to the conditional operator is of type ‘void’, but the third operand is neither a throw-expression nor of type ‘void’"
s186232092,p01383,"/mnt/d/Dev/Github/transformer-defect-prediction/data/processed/sources/p01383/C++/s186232092.cpp:66:2: error: return-statement with no value, in function returning ‘int’ [-fpermissive]"
s270969780,p01410,"/mnt/d/Dev/Github/transformer-defect-prediction/data/processed/sources/p01410/C++/s270969780.cpp:1:9: error: ‘#include’ expects ‘""FILENAME""’ or ‘<FILENAME>’"
s823679389,p01413,/usr/include/c++/15/bits/hashtable.h:210:51: error: static assertion failed: hash function must be copy constructible
s746252138,p01414,/mnt/d/Dev/Github/transformer-defect-prediction/data/processed/sources/p01414/C++/s746252138.cpp:66:19: error: invalid initialization of non-const reference of type ‘std::vector<std::vector<char> >&’ from an rvalue of type ‘int’
s391989958,p01417,/mnt/d/Dev/Github/transformer-defect-prediction/data/processed/sources/p01417/C++/s391989958.cpp:44:42: error: invalid types ‘Lab_t [20] {aka Lab [20]}[double]’ for array subscript
s563764737,p01418,"/mnt/d/Dev/Github/transformer-defect-prediction/data/processed/sources/p01418/C++/s563764737.cpp:12:31: error: return-statement with a value, in function returning ‘void’ [-fpermissive]"
s951898098,p01423,/mnt/d/Dev/Github/transformer-defect-prediction/data/processed/sources/p01423/C++/s951898098.cpp:61:23: error: cannot bind non-const lvalue reference of type ‘std::vector<int>&’ to an rvalue of type ‘std::vector<int>’
s885947657,p01427,/mnt/d/Dev/Github/transformer-defect-prediction/data/processed/sources/p01427/C++/s885947657.cpp:23:39: error: use of ‘auto’ in template argument
s556877575,p01431,/mnt/d/Dev/Github/transformer-defect-prediction/data/processed/sources/p01431/C++/s556877575.cpp:101:13: error: initializer in range-based ‘for’ loop
s803153293,p01431,/mnt/d/Dev/Github/transformer-defect-prediction/data/processed/sources/p01431/C++/s803153293.cpp:84:51: error: cannot bind non-const lvalue reference of type ‘int&’ to a value of type ‘short int’
s222518201,p01432,/mnt/d/Dev/Github/transformer-defect-prediction/data/processed/sources/p01432/C++/s222518201.cpp:7:21: error: template argument 1 is invalid
s330837266,p01434,/mnt/d/Dev/Github/transformer-defect-prediction/data/processed/sources/p01434/C++/s330837266.cpp:27:9: error: duplicate label ‘E’
s973319963,p01445,/mnt/d/Dev/Github/transformer-defect-prediction/data/processed/sources/p01445/C++/s973319963.cpp:152:25: error: cannot bind non-const lvalue reference of type ‘std::string&’ {aka ‘std::__cxx11::basic_string<char>&’} to an rvalue of type ‘std::string’ {aka ‘std::__cxx11::basic_string<char>’}
s825283628,p01445,/mnt/d/Dev/Github/transformer-defect-prediction/data/processed/sources/p01445/C++/s825283628.cpp:124:31: error: binding reference of type ‘std::string&’ {aka ‘std::__cxx11::basic_string<char>&’} to ‘const std::string’ {aka ‘const std::__cxx11::basic_string<char>’} discards qualifiers
s556868541,p01445,/mnt/d/Dev/Github/transformer-defect-prediction/data/processed/sources/p01445/C++/s556868541.cpp:123:19: error: cannot bind non-const lvalue reference of type ‘std::vector<long long int>&’ to an rvalue of type ‘std::vector<long long int>’
s700917700,p01447,/mnt/d/Dev/Github/transformer-defect-prediction/data/processed/sources/p01447/C++/s700917700.cpp:2:17: error: ‘stdl’ is not a namespace-name
s187532340,p01448,/mnt/d/Dev/Github/transformer-defect-prediction/data/processed/sources/p01448/C++/s187532340.cpp:30:9: error: expected primary-expression at end of input
s758494087,p01450,/mnt/d/Dev/Github/transformer-defect-prediction/data/processed/sources/p01450/C++/s758494087.cpp:20:36: error: invalid types ‘int[int]’ for array subscript
s106867738,p01450,/mnt/d/Dev/Github/transformer-defect-prediction/data/processed/sources/p01450/C++/s106867738.cpp:20:36: error: invalid types ‘int[int]’ for array subscript
s479698088,p01451,/mnt/d/Dev/Github/transformer-defect-prediction/data/processed/sources/p01451/C++/s479698088.cpp:33:21: error: conflicting declaration ‘typedef long double ld’
s568953421,p01458,/mnt/d/Dev/Github/transformer-defect-prediction/data/processed/sources/p01458/C++/s568953421.cpp:27:39: error: use of ‘auto’ in template argument
s320057587,p01462,/mnt/d/Dev/Github/transformer-defect-prediction/data/processed/sources/p01462/C++/s320057587.cpp:5:2: error: too many decimal points in number
s088186306,p01470,/mnt/d/Dev/Github/transformer-defect-prediction/data/processed/sources/p01470/C++/s088186306.cpp:8:8: error: ‘long long’ specified with ‘double’
s138366503,p01482,"/mnt/d/Dev/Github/transformer-defect-prediction/data/processed/sources/p01482/C++/s138366503.cpp:41:22: error: return-statement with no value, in function returning ‘char’ [-fpermissive]"
s313966341,p01486,/mnt/d/Dev/Github/transformer-defect-prediction/data/processed/sources/p01486/C++/s313966341.cpp:50:44: error: invalid initialization of non-const reference of type ‘std::vector<std::vector<int> >&’ from an rvalue of type ‘int’
s372064449,p01499,/mnt/d/Dev/Github/transformer-defect-prediction/data/processed/sources/p01499/C++/s372064449.cpp:47:37: error: invalid initialization of reference of type ‘std::vector<int>&’ from expression of type ‘std::vector<long long int>’
s650504004,p01503,/mnt/d/Dev/Github/transformer-defect-prediction/data/processed/sources/p01503/C++/s650504004.cpp:44:17: error: could not convert ‘mp[i]’ from ‘std::bitset<40000100>’ to ‘bool’
s150357197,p01511,/mnt/d/Dev/Github/transformer-defect-prediction/data/processed/sources/p01511/C++/s150357197.cpp:33:20: error: cannot bind non-const lvalue reference of type ‘mat&’ {aka ‘std::vector<std::vector<long long int> >&’} to an rvalue of type ‘mat’ {aka ‘std::vector<std::vector<long long int> >’}
s257061026,p01511,/mnt/d/Dev/Github/transformer-defect-prediction/data/processed/sources/p01511/C++/s257061026.cpp:28:21: error: template argument 1 is invalid
s197785965,p01515,/mnt/d/Dev/Github/transformer-defect-prediction/data/processed/sources/p01515/C++/s197785965.cpp:17:3: error: ‘else’ without a previous ‘if’
s442188119,p01515,/mnt/d/Dev/Github/transformer-defect-prediction/data/processed/sources/p01515/C++/s442188119.cpp:142:42: error: cannot bind non-const lvalue reference of type ‘std::string&’ {aka ‘std::__cxx11::basic_string<char>&’} to an rvalue of type ‘std::__cxx11::basic_string<char>’
s303530028,p01515,/mnt/d/Dev/Github/transformer-defect-prediction/data/processed/sources/p01515/C++/s303530028.cpp:141:33: error: cannot bind non-const lvalue reference of type ‘std::string&’ {aka ‘std::__cxx11::basic_string<char>&’} to an rvalue of type ‘std::__cxx11::basic_string<char>’
s021244208,p01515,/mnt/d/Dev/Github/transformer-defect-prediction/data/processed/sources/p01515/C++/s021244208.cpp:95:32: error: cannot bind non-const lvalue reference of type ‘std::string&’ {aka ‘std::__cxx11::basic_string<char>&’} to an rvalue of type ‘std::string’ {aka ‘std::__cxx11::basic_string<char>’}
s510232278,p01515,/mnt/d/Dev/Github/transformer-defect-prediction/data/processed/sources/p01515/C++/s510232278.cpp:96:32: error: cannot bind non-const lvalue reference of type ‘std::string&’ {aka ‘std::__cxx11::basic_string<char>&’} to an rvalue of type ‘std::string’ {aka ‘std::__cxx11::basic_string<char>’}
s654163198,p01517,/mnt/d/Dev/Github/transformer-defect-prediction/data/processed/sources/p01517/C++/s654163198.cpp:25:9: error: extra qualification ‘UnionSearch::’ on member ‘UnionSearch’ [-fpermissive]
s401093138,p01520,"/mnt/d/Dev/Github/transformer-defect-prediction/data/processed/sources/p01520/C++/s401093138.cpp:12:37: error: return-statement with no value, in function returning ‘int’ [-fpermissive]"
s378332833,p01521,/mnt/d/Dev/Github/transformer-defect-prediction/data/processed/sources/p01521/C++/s378332833.cpp:48:5: error: ‘else’ without a previous ‘if’
s897093252,p01524,/mnt/d/Dev/Github/transformer-defect-prediction/data/processed/sources/p01524/C++/s897093252.cpp:9:17: error: ambiguating new declaration of ‘unsigned int random()’
s132616449,p01529,/mnt/d/Dev/Github/transformer-defect-prediction/data/processed/sources/p01529/C++/s132616449.cpp:21:14: error: storage size of ‘dp’ isn’t constant
s420334668,p01535,"/mnt/d/Dev/Github/transformer-defect-prediction/data/processed/sources/p01535/C++/s420334668.cpp:1:2: error: #error ""tsurai"""
s789358692,p01535,"/mnt/d/Dev/Github/transformer-defect-prediction/data/processed/sources/p01535/C++/s789358692.cpp:1:2: error: #error ""t<b>sura</b>i"""
s615934496,p01535,"/mnt/d/Dev/Github/transformer-defect-prediction/data/processed/sources/p01535/C++/s615934496.cpp:1:2: error: #error ""<script>alert('XSS');</script>"""
s428403622,p01535,"/mnt/d/Dev/Github/transformer-defect-prediction/data/processed/sources/p01535/C++/s428403622.cpp:1:2: error: #error """""
s929532083,p01535,"/mnt/d/Dev/Github/transformer-defect-prediction/data/processed/sources/p01535/C++/s929532083.cpp:1:2: error: #error """""
s547318037,p01535,"/mnt/d/Dev/Github/transformer-defect-prediction/data/processed/sources/p01535/C++/s547318037.cpp:1:2: error: #error """""
s009883193,p01535,"/mnt/d/Dev/Github/transformer-defect-prediction/data/processed/sources/p01535/C++/s009883193.cpp:1:2: error: #error """""
s572935884,p01535,"/mnt/d/Dev/Github/transformer-defect-prediction/data/processed/sources/p01535/C++/s572935884.cpp:1:2: error: #error "" """
s896833877,p01540,/mnt/d/Dev/Github/transformer-defect-prediction/data/processed/sources/p01540/C++/s896833877.cpp:15:44: error: conversion from ‘_List_iterator<Pos>’ to non-scalar type ‘_List_iterator<int>’ requested
s141707227,p01542,/mnt/d/Dev/Github/transformer-defect-prediction/data/processed/sources/p01542/C++/s141707227.cpp:151:39: error: continue statement not within a loop
s811648588,p01547,/mnt/d/Dev/Github/transformer-defect-prediction/data/processed/sources/p01547/C++/s811648588.cpp:10:6: error: #elif with no expression
s403846201,p01548,/mnt/d/Dev/Github/transformer-defect-prediction/data/processed/sources/p01548/C++/s403846201.cpp:8:14: error: multiple types in one declaration
s636326514,p01549,/mnt/d/Dev/Github/transformer-defect-prediction/data/processed/sources/p01549/C++/s636326514.cpp:20:9: error: cast from ‘time_t (*)(time_t*) noexcept’ {aka ‘long int (*)(long int*) noexcept’} to ‘unsigned int’ loses precision [-fpermissive]
s754920311,p01549,/mnt/d/Dev/Github/transformer-defect-prediction/data/processed/sources/p01549/C++/s754920311.cpp:20:9: error: cast from ‘time_t (*)(time_t*) noexcept’ {aka ‘long int (*)(long int*) noexcept’} to ‘unsigned int’ loses precision [-fpermissive]
s695843961,p01549,/mnt/d/Dev/Github/transformer-defect-prediction/data/processed/sources/p01549/C++/s695843961.cpp:78:8: error: invalid types ‘<unresolved overloaded function type>[const char [13]]’ for array subscript
s553073944,p01551,/mnt/d/Dev/Github/transformer-defect-prediction/data/processed/sources/p01551/C++/s553073944.cpp:229:64: error: invalid types ‘ll {aka long long int}[int]’ for array subscript
s525348908,p01552,/mnt/d/Dev/Github/transformer-defect-prediction/data/processed/sources/p01552/C++/s525348908.cpp:45:16: error: declaration of ‘value* mapping_item::value’ changes meaning of ‘value’ [-Wchanges-meaning]
s330027287,p01555,/mnt/d/Dev/Github/transformer-defect-prediction/data/processed/sources/p01555/C++/s330027287.cpp:46:25: error: label ‘sless’ used but not defined
s148081847,p01556,/mnt/d/Dev/Github/transformer-defect-prediction/data/processed/sources/p01556/C++/s148081847.cpp:24:8: error: invalid cast from type ‘std::complex<int>’ to type ‘double’
s247794031,p01570,
s392836679,p01588,/mnt/d/Dev/Github/transformer-defect-prediction/data/processed/sources/p01588/C++/s392836679.cpp:14:9: error: cast from ‘time_t (*)(time_t*) noexcept’ {aka ‘long int (*)(long int*) noexcept’} to ‘unsigned int’ loses precision [-fpermissive]
s697016302,p01588,/mnt/d/Dev/Github/transformer-defect-prediction/data/processed/sources/p01588/C++/s697016302.cpp:14:9: error: cast from ‘time_t (*)(time_t*) noexcept’ {aka ‘long int (*)(long int*) noexcept’} to ‘unsigned int’ loses precision [-fpermissive]
s422507603,p01588,/mnt/d/Dev/Github/transformer-defect-prediction/data/processed/sources/p01588/C++/s422507603.cpp:14:9: error: cast from ‘time_t (*)(time_t*) noexcept’ {aka ‘long int (*)(long int*) noexcept’} to ‘unsigned int’ loses precision [-fpermissive]
s379979737,p01602,/mnt/d/Dev/Github/transformer-defect-prediction/data/processed/sources/p01602/C++/s379979737.cpp:5:20: error: conflicting declaration ‘int c’
s719523881,p01607,"/mnt/d/Dev/Github/transformer-defect-prediction/data/processed/sources/p01607/C++/s719523881.cpp:102:2: error: #error ""true"""
s022443766,p01617,"/mnt/d/Dev/Github/transformer-defect-prediction/data/processed/sources/p01617/C++/s022443766.cpp:15:31: error: return-statement with no value, in function returning ‘bool’ [-fpermissive]"
s752997902,p01617,/mnt/d/Dev/Github/transformer-defect-prediction/data/processed/sources/p01617/C++/s752997902.cpp:204:50: error: cannot bind non-const lvalue reference of type ‘std::vector<Used>&’ to an rvalue of type ‘std::vector<Used>’
s232111856,p01629,"/mnt/d/Dev/Github/transformer-defect-prediction/data/processed/sources/p01629/C++/s232111856.cpp:49:29: error: invalid types ‘__gnu_cxx::__alloc_traits<std::allocator<int>, int>::value_type {aka int}[int]’ for array subscript"
s778795040,p01634,/mnt/d/Dev/Github/transformer-defect-prediction/data/processed/sources/p01634/C++/s778795040.cpp:12:16: error: invalid types ‘<unresolved overloaded function type>[int]’ for array subscript
s396578542,p01634,/mnt/d/Dev/Github/transformer-defect-prediction/data/processed/sources/p01634/C++/s396578542.cpp:7:14: error: conflicting declaration ‘bool s’
s544707388,p01650,/mnt/d/Dev/Github/transformer-defect-prediction/data/processed/sources/p01650/C++/s544707388.cpp:22:33: error: use of an operand of type ‘bool’ in ‘operator++’ is forbidden in C++17
s594060322,p01653,"/mnt/d/Dev/Github/transformer-defect-prediction/data/processed/sources/p01653/C++/s594060322.cpp:101:27: error: return-statement with a value, in function returning ‘void’ [-fpermissive]"
s885486564,p01656,/mnt/d/Dev/Github/transformer-defect-prediction/data/processed/sources/p01656/C++/s885486564.cpp:57:10: error: invalid types ‘int[int]’ for array subscript
s530866483,p01660,/mnt/d/Dev/Github/transformer-defect-prediction/data/processed/sources/p01660/C++/s530866483.cpp:10:2: error: ‘#else’ without ‘#if’
s732496013,p01671,
s643928681,p01671,
s538151784,p01675,"/mnt/d/Dev/Github/transformer-defect-prediction/data/processed/sources/p01675/C++/s538151784.cpp:382:58: error: conversion from ‘pi (*)(pi, int)’ {aka ‘std::pair<long long int, int> (*)(std::pair<long long int, int>, int)’} to ‘std::pair<long long int, int> (*)(std::pair<long long int, int>, long long int)’ in a converted constant expression"
s449005113,p01675,"/mnt/d/Dev/Github/transformer-defect-prediction/data/processed/sources/p01675/C++/s449005113.cpp:390:60: error: conversion from ‘int (*)(int64, int64)’ {aka ‘int (*)(long long int, long long int)’} to ‘long long int (*)(long long int, long long int)’ in a converted constant expression"
s149798523,p01679,/mnt/d/Dev/Github/transformer-defect-prediction/data/processed/sources/p01679/C++/s149798523.cpp:44:20: error: use of an operand of type ‘bool’ in ‘operator++’ is forbidden in C++17
s396326850,p01687,/mnt/d/Dev/Github/transformer-defect-prediction/data/processed/sources/p01687/C++/s396326850.cpp:22:10: error: cannot resolve overloaded function ‘find’ based on conversion to type ‘bool’
s656940468,p01695,/mnt/d/Dev/Github/transformer-defect-prediction/data/processed/sources/p01695/C++/s656940468.cpp:1:54: error: empty character constant
s168341349,p01695,/mnt/d/Dev/Github/transformer-defect-prediction/data/processed/sources/p01695/C++/s168341349.cpp:1:54: error: empty character constant
s541287105,p01722,  416 | clang: error: no such file or directory: 'fast_division'
s537369545,p01722,/mnt/d/Dev/Github/transformer-defect-prediction/data/processed/sources/p01722/C++/s537369545.cpp:8:3: error: ‘else’ without a previous ‘if’
s610994047,p01723,"/mnt/d/Dev/Github/transformer-defect-prediction/data/processed/sources/p01723/C++/s610994047.cpp:69:2: error: #error ""four-t"""
s730072017,p01723,"/mnt/d/Dev/Github/transformer-defect-prediction/data/processed/sources/p01723/C++/s730072017.cpp:80:2: error: #error ""uku"""
s571933089,p01735,/mnt/d/Dev/Github/transformer-defect-prediction/data/processed/sources/p01735/C++/s571933089.cpp:43:43: error: narrowing conversion of ‘1.0e+9’ from ‘double’ to ‘int’ [-Wnarrowing]
s778980278,p01735,/mnt/d/Dev/Github/transformer-defect-prediction/data/processed/sources/p01735/C++/s778980278.cpp:43:43: error: narrowing conversion of ‘1.0e+9’ from ‘double’ to ‘int’ [-Wnarrowing]
s198422773,p01735,/mnt/d/Dev/Github/transformer-defect-prediction/data/processed/sources/p01735/C++/s198422773.cpp:43:43: error: narrowing conversion of ‘1.0e+9’ from ‘double’ to ‘int’ [-Wnarrowing]
s553659007,p01752,/mnt/d/Dev/Github/transformer-defect-prediction/data/processed/sources/p01752/C++/s553659007.cpp:61:13: error: break statement not within loop or switch
s719464069,p01752,/mnt/d/Dev/Github/transformer-defect-prediction/data/processed/sources/p01752/C++/s719464069.cpp:61:13: error: break statement not within loop or switch
s533459480,p01761,/mnt/d/Dev/Github/transformer-defect-prediction/data/processed/sources/p01761/C++/s533459480.cpp:4:47: error: conflicting declaration ‘std::string d’
s210707145,p01767,/mnt/d/Dev/Github/transformer-defect-prediction/data/processed/sources/p01767/C++/s210707145.cpp:21:25: error: conversion from ‘int’ to non-scalar type ‘std::vector<long long int>’ requested
s898585078,p01769,/mnt/d/Dev/Github/transformer-defect-prediction/data/processed/sources/p01769/C++/s898585078.cpp:16:27: error: invalid use of void expression
s851347215,p01772,/mnt/d/Dev/Github/transformer-defect-prediction/data/processed/sources/p01772/C++/s851347215.cpp:20:14: error: operands to ‘?:’ have different types ‘int’ and ‘const char*’
s873233852,p01779,/mnt/d/Dev/Github/transformer-defect-prediction/data/processed/sources/p01779/C++/s873233852.cpp:20:63: error: invalid types ‘int[int]’ for array subscript
s254935205,p01783,/mnt/d/Dev/Github/transformer-defect-prediction/data/processed/sources/p01783/C++/s254935205.cpp:69:70: error: cannot bind non-const lvalue reference of type ‘std::string&’ {aka ‘std::__cxx11::basic_string<char>&’} to an rvalue of type ‘std::string’ {aka ‘std::__cxx11::basic_string<char>’}
s995256365,p01795,/mnt/d/Dev/Github/transformer-defect-prediction/data/processed/sources/p01795/C++/s995256365.cpp:123:35: error: template argument 1 is invalid
s957173649,p01806,/mnt/d/Dev/Github/transformer-defect-prediction/data/processed/sources/p01806/C++/s957173649.cpp:58:1: error: template class without a name
s072978438,p01809,/mnt/d/Dev/Github/transformer-defect-prediction/data/processed/sources/p01809/C++/s072978438.cpp:33:10: error: expected primary-expression at end of input
s633949808,p01810,/mnt/d/Dev/Github/transformer-defect-prediction/data/processed/sources/p01810/C++/s633949808.cpp:4:17: error: conversion from ‘double’ to ‘long unsigned int’ in a converted constant expression
s810083858,p01814,"/mnt/d/Dev/Github/transformer-defect-prediction/data/processed/sources/p01814/C++/s810083858.cpp:109:24: error: could not convert ‘true’ from ‘bool’ to ‘std::pair<bool, int>’"
s397041181,p01814,/mnt/d/Dev/Github/transformer-defect-prediction/data/processed/sources/p01814/C++/s397041181.cpp:167:57: error: ‘else’ without a previous ‘if’
s164200137,p01826,/mnt/d/Dev/Github/transformer-defect-prediction/data/processed/sources/p01826/C++/s164200137.cpp:15:42: error: invalid types ‘int[int]’ for array subscript
s091878719,p01827,/mnt/d/Dev/Github/transformer-defect-prediction/data/processed/sources/p01827/C++/s091878719.cpp:109:50: error: invalid initialization of reference of type ‘std::vector<int>&’ from expression of type ‘std::vector<long long int>’
s567494225,p01828,/mnt/d/Dev/Github/transformer-defect-prediction/data/processed/sources/p01828/C++/s567494225.cpp:29:17: error: empty character constant
s428348163,p01829,"/mnt/d/Dev/Github/transformer-defect-prediction/data/processed/sources/p01829/C++/s428348163.cpp:80:20: error: invalid use of non-static member function ‘const _CharT* std::__cxx11::basic_string<_CharT, _Traits, _Alloc>::c_str() const [with _CharT = char; _Traits = std::char_traits<char>; _Alloc = std::allocator<char>]’"
s385351169,p01832,/mnt/d/Dev/Github/transformer-defect-prediction/data/processed/sources/p01832/C++/s385351169.cpp:23:39: error: use of ‘auto’ in template argument
s055136990,p01839,/mnt/d/Dev/Github/transformer-defect-prediction/data/processed/sources/p01839/C++/s055136990.cpp:24:5: error: break statement not within loop or switch
s947793092,p01841,/mnt/d/Dev/Github/transformer-defect-prediction/data/processed/sources/p01841/C++/s947793092.cpp:74:32: error: cannot bind non-const lvalue reference of type ‘Iterator&’ {aka ‘std::__cxx11::basic_string<char>::iterator&’} to an rvalue of type ‘std::__cxx11::basic_string<char>::iterator’
s853169510,p01859,/mnt/d/Dev/Github/transformer-defect-prediction/data/processed/sources/p01859/C++/s853169510.cpp:7:3: error: ‘else’ without a previous ‘if’
s625634295,p01865,"/mnt/d/Dev/Github/transformer-defect-prediction/data/processed/sources/p01865/C++/s625634295.cpp:60:16: error: macro ‘pri’ passed 2 arguments, but takes just 1"
s627893906,p01870,/mnt/d/Dev/Github/transformer-defect-prediction/data/processed/sources/p01870/C++/s627893906.cpp:80:16: error: template argument 1 is invalid
s407834879,p01870,/mnt/d/Dev/Github/transformer-defect-prediction/data/processed/sources/p01870/C++/s407834879.cpp:25:13: error: ‘EdgeWithWeight’ in namespace ‘lc’ does not name a template type
s272478028,p01874,"/mnt/d/Dev/Github/transformer-defect-prediction/data/processed/sources/p01874/C++/s272478028.cpp:31:15: error: unable to find string literal operator ‘operator""""a’ with ‘const char [7]’, ‘long unsigned int’ arguments"
s902343503,p01876,/mnt/d/Dev/Github/transformer-defect-prediction/data/processed/sources/p01876/C++/s902343503.cpp:327: error: unterminated #if
s058032688,p01876,/mnt/d/Dev/Github/transformer-defect-prediction/data/processed/sources/p01876/C++/s058032688.cpp:336: error: unterminated #if
s829188993,p01881,/mnt/d/Dev/Github/transformer-defect-prediction/data/processed/sources/p01881/C++/s829188993.cpp:27:11: error: conversion from ‘double’ to ‘long unsigned int’ in a converted constant expression
s580870249,p01882,/mnt/d/Dev/Github/transformer-defect-prediction/data/processed/sources/p01882/C++/s580870249.cpp:69:41: error: narrowing conversion of ‘1.0e+9’ from ‘double’ to ‘int’ [-Wnarrowing]
s327939560,p01885,/mnt/d/Dev/Github/transformer-defect-prediction/data/processed/sources/p01885/C++/s327939560.cpp:200:21: error: class ‘BIT<T>’ does not have any field named ‘obj’ [-Wtemplate-body]
s720156921,p01885,/mnt/d/Dev/Github/transformer-defect-prediction/data/processed/sources/p01885/C++/s720156921.cpp:41:5: error: continue statement not within a loop
s769051175,p01895,/mnt/d/Dev/Github/transformer-defect-prediction/data/processed/sources/p01895/C++/s769051175.cpp:26:15: error: expected primary-expression at end of input
s432874796,p01898,/mnt/d/Dev/Github/transformer-defect-prediction/data/processed/sources/p01898/C++/s432874796.cpp:10:14: error: conflicting declaration ‘bool m [100][100]’
s896881405,p01899,/mnt/d/Dev/Github/transformer-defect-prediction/data/processed/sources/p01899/C++/s896881405.cpp:18:13: error: operands to ‘?:’ have different types ‘int’ and ‘const char*’
s669303819,p01899,/mnt/d/Dev/Github/transformer-defect-prediction/data/processed/sources/p01899/C++/s669303819.cpp:12:5: error: ‘else’ without a previous ‘if’
s821918537,p01905,"/mnt/d/Dev/Github/transformer-defect-prediction/data/processed/sources/p01905/C++/s821918537.cpp:1:8: error: expected constructor, destructor, or type conversion at end of input"
s645025725,p01908,/mnt/d/Dev/Github/transformer-defect-prediction/data/processed/sources/p01908/C++/s645025725.cpp:7:9: error: no macro name given in ‘#define’ directive
s184788639,p01911,/usr/include/c++/15/bits/hashtable.h:210:51: error: static assertion failed: hash function must be copy constructible
s039929017,p01911,/usr/include/c++/15/bits/hashtable.h:210:51: error: static assertion failed: hash function must be copy constructible
s422763325,p01919,/mnt/d/Dev/Github/transformer-defect-prediction/data/processed/sources/p01919/C++/s422763325.cpp:8:10: error: ‘Solution’ is not a valid filename
s545120963,p01921,"/mnt/d/Dev/Github/transformer-defect-prediction/data/processed/sources/p01921/C++/s545120963.cpp:123:32: error: return-statement with a value, in function returning ‘void’ [-fpermissive]"
s624482420,p01926,/mnt/d/Dev/Github/transformer-defect-prediction/data/processed/sources/p01926/C++/s624482420.cpp:34:18: error: overloaded function with no contextual type information
s669037408,p01935,"/mnt/d/Dev/Github/transformer-defect-prediction/data/processed/sources/p01935/C++/s669037408.cpp:73:38: error: return-statement with a value, in function returning ‘void’ [-fpermissive]"
s408595807,p01935,/mnt/d/Dev/Github/transformer-defect-prediction/data/processed/sources/p01935/C++/s408595807.cpp:75:18: error: invalid types ‘ll {aka long long int}[ll {aka long long int}]’ for array subscript
s747273001,p01953,/mnt/d/Dev/Github/transformer-defect-prediction/data/processed/sources/p01953/C++/s747273001.cpp:145:10: error: expected primary-expression at end of input
s010362285,p01967,/mnt/d/Dev/Github/transformer-defect-prediction/data/processed/sources/p01967/C++/s010362285.cpp:23:39: error: use of ‘auto’ in template argument
s539963889,p01967,/mnt/d/Dev/Github/transformer-defect-prediction/data/processed/sources/p01967/C++/s539963889.cpp:7:15: error: invalid types ‘int[int]’ for array subscript
s184111103,p01969,/mnt/d/Dev/Github/transformer-defect-prediction/data/processed/sources/p01969/C++/s184111103.cpp:23:39: error: use of ‘auto’ in template argument
s417191254,p01971,/mnt/d/Dev/Github/transformer-defect-prediction/data/processed/sources/p01971/C++/s417191254.cpp:23:39: error: use of ‘auto’ in template argument
s923952259,p01973,/mnt/d/Dev/Github/transformer-defect-prediction/data/processed/sources/p01973/C++/s923952259.cpp:23:39: error: use of ‘auto’ in template argument
s558876946,p01973,/mnt/d/Dev/Github/transformer-defect-prediction/data/processed/sources/p01973/C++/s558876946.cpp:23:39: error: use of ‘auto’ in template argument
s213682834,p01975,/mnt/d/Dev/Github/transformer-defect-prediction/data/processed/sources/p01975/C++/s213682834.cpp:45:47: error: invalid type argument of unary ‘*’ (have ‘long long int’)
s521253068,p01976,/mnt/d/Dev/Github/transformer-defect-prediction/data/processed/sources/p01976/C++/s521253068.cpp:3:7: error: empty character constant
s092873353,p01979,/mnt/d/Dev/Github/transformer-defect-prediction/data/processed/sources/p01979/C++/s092873353.cpp:23:39: error: use of ‘auto’ in template argument
s126479117,p02016,"/mnt/d/Dev/Github/transformer-defect-prediction/data/processed/sources/p02016/C++/s126479117.cpp:17:9: error: could not convert ‘n.std::__cxx11::basic_string<char>::operator=(((const char*)""ani""))’ from ‘std::__cxx11::basic_string<char>’ to ‘bool’"
s043901424,p02018,/mnt/d/Dev/Github/transformer-defect-prediction/data/processed/sources/p02018/C++/s043901424.cpp:10:23: error: invalid types ‘int[int]’ for array subscript
s057720697,p02018,/mnt/d/Dev/Github/transformer-defect-prediction/data/processed/sources/p02018/C++/s057720697.cpp:10:23: error: invalid types ‘int[int]’ for array subscript
s016780927,p02018,/mnt/d/Dev/Github/transformer-defect-prediction/data/processed/sources/p02018/C++/s016780927.cpp:10:23: error: invalid types ‘int[int]’ for array subscript
s113951777,p02018,/mnt/d/Dev/Github/transformer-defect-prediction/data/processed/sources/p02018/C++/s113951777.cpp:9:23: error: invalid types ‘int[int]’ for array subscript
s648479625,p02021,/mnt/d/Dev/Github/transformer-defect-prediction/data/processed/sources/p02021/C++/s648479625.cpp:1:34: error: too many decimal points in number
s611801162,p02028,"/mnt/d/Dev/Github/transformer-defect-prediction/data/processed/sources/p02028/C++/s611801162.cpp:11:13: error: macro ‘f’ requires 2 arguments, but only 1 given"
s512440534,p02028,"/mnt/d/Dev/Github/transformer-defect-prediction/data/processed/sources/p02028/C++/s512440534.cpp:11:13: error: macro ‘f’ requires 2 arguments, but only 1 given"
s339877570,p02029,/mnt/d/Dev/Github/transformer-defect-prediction/data/processed/sources/p02029/C++/s339877570.cpp:4:10: error: conversion from ‘double’ to ‘long unsigned int’ in a converted constant expression
s922475463,p02099,/mnt/d/Dev/Github/transformer-defect-prediction/data/processed/sources/p02099/C++/s922475463.cpp:13:10: error: invalid types ‘int [5002][double]’ for array subscript
s191072995,p02102,"/mnt/d/Dev/Github/transformer-defect-prediction/data/processed/sources/p02102/C++/s191072995.cpp:1:2: error: #error ""tsurai"""
s739604651,p02103,/mnt/d/Dev/Github/transformer-defect-prediction/data/processed/sources/p02103/C++/s739604651.cpp:34:7: error: explicit specialization of ‘template<class _Tp> struct std::hash’ outside its namespace must use a nested-name-specifier [-fpermissive]
s787871945,p02106,/mnt/d/Dev/Github/transformer-defect-prediction/data/processed/sources/p02106/C++/s787871945.cpp:54:39: error: invalid types ‘int [10][int [10]]’ for array subscript
s997208003,p02108,/mnt/d/Dev/Github/transformer-defect-prediction/data/processed/sources/p02108/C++/s997208003.cpp:109:19: error: ‘v’ is not captured
s111453660,p02122,/mnt/d/Dev/Github/transformer-defect-prediction/data/processed/sources/p02122/C++/s111453660.cpp:44:22: error: field ‘a’ has incomplete type ‘RBST::Node’
s281949618,p02136,/mnt/d/Dev/Github/transformer-defect-prediction/data/processed/sources/p02136/C++/s281949618.cpp:53:5: error: conflicting declaration ‘long long int L [222222]’
s263162891,p02233,/mnt/d/Dev/Github/transformer-defect-prediction/data/processed/sources/p02233/C++/s263162891.cpp:16:1: error: two or more data types in declaration of ‘main’
s138186487,p02234,/mnt/d/Dev/Github/transformer-defect-prediction/data/processed/sources/p02234/C++/s138186487.cpp:15:9: error: invalid types ‘int[int]’ for array subscript
s196100732,p02235,/mnt/d/Dev/Github/transformer-defect-prediction/data/processed/sources/p02235/C++/s196100732.cpp:6:15: error: array must be initialized with a brace-enclosed initializer
s093078785,p02240,/mnt/d/Dev/Github/transformer-defect-prediction/data/processed/sources/p02240/C++/s093078785.cpp:11:17: error: cannot resolve overloaded function ‘max’ based on conversion to type ‘long unsigned int’
s449669062,p02243,"/mnt/d/Dev/Github/transformer-defect-prediction/data/processed/sources/p02243/C++/s449669062.cpp:42:21: error: binding reference of type ‘node&’ {aka ‘std::pair<int, int>&’} to ‘const __gnu_cxx::__alloc_traits<std::allocator<std::pair<int, int> >, std::pair<int, int> >::value_type’ {aka ‘const std::pair<int, int>’} discards qualifiers"
s648384655,p02248,/mnt/d/Dev/Github/transformer-defect-prediction/data/processed/sources/p02248/C++/s648384655.cpp:30:1: error: a template declaration cannot appear at block scope
s199461834,p02259,/mnt/d/Dev/Github/transformer-defect-prediction/data/processed/sources/p02259/C++/s199461834.cpp:5:56: error: ‘vector’ in namespace ‘std’ does not name a template type
s683989157,p02260,/mnt/d/Dev/Github/transformer-defect-prediction/data/processed/sources/p02260/C++/s683989157.cpp:3:6: error: variable or field ‘selectionSort’ declared void
s806302161,p02260,/mnt/d/Dev/Github/transformer-defect-prediction/data/processed/sources/p02260/C++/s806302161.cpp:10:26: error: invalid types ‘int*[<unresolved overloaded function type>]’ for array subscript
s241735051,p02260,"/mnt/d/Dev/Github/transformer-defect-prediction/data/processed/sources/p02260/C++/s241735051.cpp:5:14: error: unable to find numeric literal operator ‘operator""""，tmp’"
s022912614,p02261,/mnt/d/Dev/Github/transformer-defect-prediction/data/processed/sources/p02261/C++/s022912614.cpp:58:30: error: use of parameter outside function body before ‘]’ token
s694778671,p02264,/mnt/d/Dev/Github/transformer-defect-prediction/data/processed/sources/p02264/C++/s694778671.cpp:96:78: error: invalid digit ‘8’ in octal constant
s916682523,p02266,/mnt/d/Dev/Github/transformer-defect-prediction/data/processed/sources/p02266/C++/s916682523.cpp:18:46: error: statement cannot resolve address of overloaded function
s292902247,p02269,/mnt/d/Dev/Github/transformer-defect-prediction/data/processed/sources/p02269/C++/s292902247.cpp:18:55: error: taking address of rvalue [-fpermissive]
s526305583,p02269,"/mnt/d/Dev/Github/transformer-defect-prediction/data/processed/sources/p02269/C++/s526305583.cpp:14:32: error: unable to find string literal operator ‘operator""""m’ with ‘const char [4]’, ‘long unsigned int’ arguments"
s621903955,p02270,/usr/include/c++/15/bits/hashtable.h:210:51: error: static assertion failed: hash function must be copy constructible
s246937070,p02273,/mnt/d/Dev/Github/transformer-defect-prediction/data/processed/sources/p02273/C++/s246937070.cpp:4:6: error: variable or field ‘kochCurve’ declared void
s236176112,p02275,/mnt/d/Dev/Github/transformer-defect-prediction/data/processed/sources/p02275/C++/s236176112.cpp:4:6: error: variable or field ‘cs’ declared void
s885045814,p02278,/mnt/d/Dev/Github/transformer-defect-prediction/data/processed/sources/p02278/C++/s885045814.cpp:32:32: error: two consecutive ‘[’ shall only introduce an attribute before ‘[’ token
s319106710,p02278,/mnt/d/Dev/Github/transformer-defect-prediction/data/processed/sources/p02278/C++/s319106710.cpp:33:32: error: two consecutive ‘[’ shall only introduce an attribute before ‘[’ token
s378240887,p02283,/mnt/d/Dev/Github/transformer-defect-prediction/data/processed/sources/p02283/C++/s378240887.cpp:184:59: error: cannot bind non-const lvalue reference of type ‘std::string&’ {aka ‘std::__cxx11::basic_string<char>&’} to an rvalue of type ‘std::__cxx11::basic_string<char>’
s621594291,p02285,/mnt/d/Dev/Github/transformer-defect-prediction/data/processed/sources/p02285/C++/s621594291.cpp:64:11: error: cannot define member function ‘BinNode::BST::searchIn’ within ‘BinNode’
s721506296,p02285,/mnt/d/Dev/Github/transformer-defect-prediction/data/processed/sources/p02285/C++/s721506296.cpp:7:9: error: multiple types in one declaration
s794376510,p02289,/mnt/d/Dev/Github/transformer-defect-prediction/data/processed/sources/p02289/C++/s794376510.cpp:35:23: error: class template argument deduction failed:
s142317107,p02289,/mnt/d/Dev/Github/transformer-defect-prediction/data/processed/sources/p02289/C++/s142317107.cpp:16:6: error: variable or field ‘maxHeapify’ declared void
s603915313,p02289,"/mnt/d/Dev/Github/transformer-defect-prediction/data/processed/sources/p02289/C++/s603915313.cpp:109:42: error: there are no arguments to ‘malloc’ that depend on a template parameter, so a declaration of ‘malloc’ must be available [-Wtemplate-body]"
s319342444,p02289,"/mnt/d/Dev/Github/transformer-defect-prediction/data/processed/sources/p02289/C++/s319342444.cpp:27:16: error: return-statement with no value, in function returning ‘int’ [-fpermissive]"
s466664701,p02290,/mnt/d/Dev/Github/transformer-defect-prediction/data/processed/sources/p02290/C++/s466664701.cpp:65:30: error: cannot bind non-const lvalue reference of type ‘Point&’ to an rvalue of type ‘Point’
s906005317,p02291,/mnt/d/Dev/Github/transformer-defect-prediction/data/processed/sources/p02291/C++/s906005317.cpp:3:14: error: ‘vector’ in namespace ‘std’ does not name a template type
s469552931,p02291,/mnt/d/Dev/Github/transformer-defect-prediction/data/processed/sources/p02291/C++/s469552931.cpp:44:27: error: passing ‘const Segment’ as ‘this’ argument discards qualifiers [-fpermissive]
s655574006,p02294,/mnt/d/Dev/Github/transformer-defect-prediction/data/processed/sources/p02294/C++/s655574006.cpp:171:31: error: conflicting declaration ‘point a [i]’
s227936577,p02299,/mnt/d/Dev/Github/transformer-defect-prediction/data/processed/sources/p02299/C++/s227936577.cpp:30:10: error: declaration of ‘double c’ shadows a parameter
s467590912,p02302,/mnt/d/Dev/Github/transformer-defect-prediction/data/processed/sources/p02302/C++/s467590912.cpp:105:30: error: cannot bind non-const lvalue reference of type ‘Vector&’ {aka ‘std::complex<double>&’} to an rvalue of type ‘std::complex<double>’
s738617294,p02303,/mnt/d/Dev/Github/transformer-defect-prediction/data/processed/sources/p02303/C++/s738617294.cpp:20:7: error: explicit specialization of ‘template<class _Tp> struct std::hash’ outside its namespace must use a nested-name-specifier [-fpermissive]
s382437779,p02304,/mnt/d/Dev/Github/transformer-defect-prediction/data/processed/sources/p02304/C++/s382437779.cpp:35:12: error: template argument 1 is invalid
s661290145,p02309,"/mnt/d/Dev/Github/transformer-defect-prediction/data/processed/sources/p02309/C++/s661290145.cpp:11:75: error: use of deleted function ‘std::basic_istream<_CharT, _Traits>::basic_istream(const std::basic_istream<_CharT, _Traits>&) [with _CharT = char; _Traits = std::char_traits<char>]’"
s455432991,p02310,"/mnt/d/Dev/Github/transformer-defect-prediction/data/processed/sources/p02310/C++/s455432991.cpp:13:34: error: could not convert ‘(std::sort<__gnu_cxx::__normal_iterator<complex<long double>*, vector<complex<long double> > > >(std::begin<vector<complex<long double> > >(ret), std::end<vector<complex<long double> > >(ret)), ret.std::vector<std::complex<long double> >::erase(__gnu_cxx::__normal_iterator<const std::complex<long double>*, std::vector<std::complex<long double> > >(std::unique<__gnu_cxx::__normal_iterator<complex<long double>*, vector<complex<long double> > > >(std::begin<vector<complex<long double> > >(ret), std::end<vector<complex<long double> > >(ret))), __gnu_cxx::__normal_iterator<const std::complex<long double>*, std::vector<std::complex<long double> > >(std::end<vector<complex<long double> > >(ret))))’ from ‘std::vector<std::complex<long double> >::iterator’ to ‘VP’ {aka ‘std::vector<std::complex<long double> >’}"
s503715326,p02311,"/mnt/d/Dev/Github/transformer-defect-prediction/data/processed/sources/p02311/C++/s503715326.cpp:114:18: error: return-statement with no value, in function returning ‘int’ [-fpermissive]"
s494799488,p02317,/mnt/d/Dev/Github/transformer-defect-prediction/data/processed/sources/p02317/C++/s494799488.cpp:18:16: error: missing binary operator before token ‘(’
s261117469,p02323,"/usr/include/x86_64-linux-gnu/bits/stdlib.h:20:3: error: #error ""Never include <bits/stdlib.h> directly; use <stdlib.h> instead."""
s137075607,p02328,/mnt/d/Dev/Github/transformer-defect-prediction/data/processed/sources/p02328/C++/s137075607.cpp:29:30: error: template argument 1 is invalid
s806012671,p02329,"/mnt/d/Dev/Github/transformer-defect-prediction/data/processed/sources/p02329/C++/s806012671.cpp:26:38: error: conversion from ‘std::unordered_map<long long int, long long int>::iterator’ {aka ‘std::_Hashtable<long long int, std::pair<const long long int, long long int>, std::allocator<std::pair<const long long int, long long int> >, std::__detail::_Select1st, std::equal_to<long long int>, std::hash<long long int>, std::__detail::_Mod_range_hashing, std::__detail::_Default_ranged_hash, std::__detail::_Prime_rehash_policy, std::__detail::_Hashtable_traits<false, false, true> >::iterator’} to non-scalar type ‘std::map<long long int, long long int>::iterator’ {aka ‘std::_Rb_tree<long long int, std::pair<const long long int, long long int>, std::_Select1st<std::pair<const long long int, long long int> >, std::less<long long int>, std::allocator<std::pair<const long long int, long long int> > >::iterator’} requested"
s792277033,p02345,"/mnt/d/Dev/Github/transformer-defect-prediction/data/processed/sources/p02345/C++/s792277033.cpp:15:27: error: there are no arguments to ‘log2’ that depend on a template parameter, so a declaration of ‘log2’ must be available [-Wtemplate-body]"
s552449431,p02346,/mnt/d/Dev/Github/transformer-defect-prediction/data/processed/sources/p02346/C++/s552449431.cpp:19:38: error: invalid types ‘int[int]’ for array subscript
s801076184,p02346,"/mnt/d/Dev/Github/transformer-defect-prediction/data/processed/sources/p02346/C++/s801076184.cpp:21:10: error: ‘void SegTree::add(int, int)’ cannot be overloaded with ‘void SegTree::add(int, int)’"
s669400732,p02346,"/mnt/d/Dev/Github/transformer-defect-prediction/data/processed/sources/p02346/C++/s669400732.cpp:11:29: error: there are no arguments to ‘malloc’ that depend on a template parameter, so a declaration of ‘malloc’ must be available [-Wtemplate-body]"
s813644550,p02346,/mnt/d/Dev/Github/transformer-defect-prediction/data/processed/sources/p02346/C++/s813644550.cpp:76:9: error: need ‘typename’ before ‘std::vector<_Tp>::reference’ because ‘std::vector<_Tp>’ is a dependent scope [-Wtemplate-body]
s860470801,p02348,/mnt/d/Dev/Github/transformer-defect-prediction/data/processed/sources/p02348/C++/s860470801.cpp:150:29: error: variable ‘std::ofstream fout’ has initializer but incomplete type
s748948455,p02348,/mnt/d/Dev/Github/transformer-defect-prediction/data/processed/sources/p02348/C++/s748948455.cpp:34:10: error: ‘else’ without a previous ‘if’
s517724997,p02350,"/usr/include/c++/15/bits/stl_construct.h:133:7: error: cannot bind rvalue reference of type ‘PersistentLazySegmentTree<Mini, Ass>::node_t::ptr_type&&’ {aka ‘std::shared_ptr<const PersistentLazySegmentTree<Mini, Ass>::node_t>&&’} to lvalue of type ‘const std::shared_ptr<const PersistentLazySegmentTree<Mini, Ass>::node_t>’"
s822258346,p02351,/mnt/d/Dev/Github/transformer-defect-prediction/data/processed/sources/p02351/C++/s822258346.cpp:303:26: error: class template argument deduction failed:
s797427857,p02352,/mnt/d/Dev/Github/transformer-defect-prediction/data/processed/sources/p02352/C++/s797427857.cpp:84:28: error: ‘function’ in namespace ‘std’ does not name a template type [-Wtemplate-body]
s702051345,p02352,/mnt/d/Dev/Github/transformer-defect-prediction/data/processed/sources/p02352/C++/s702051345.cpp:129:23: error: assignment of read-only reference ‘index’
s330010108,p02353,/mnt/d/Dev/Github/transformer-defect-prediction/data/processed/sources/p02353/C++/s330010108.cpp:126:23: error: assignment of read-only parameter ‘index’
s416535386,p02356,/mnt/d/Dev/Github/transformer-defect-prediction/data/processed/sources/p02356/C++/s416535386.cpp:29:9: error: empty character constant
s589665748,p02356,"/mnt/d/Dev/Github/transformer-defect-prediction/data/processed/sources/p02356/C++/s589665748.cpp:16:19: error: macro ‘FOR’ requires 3 arguments, but only 2 given"
s144900358,p02357,/mnt/d/Dev/Github/transformer-defect-prediction/data/processed/sources/p02357/C++/s144900358.cpp:42:25: error: empty character constant
s390756811,p02357,/mnt/d/Dev/Github/transformer-defect-prediction/data/processed/sources/p02357/C++/s390756811.cpp:230:29: error: cannot bind non-const lvalue reference of type ‘SUB&’ to an rvalue of type ‘SUB’
s733670885,p02357,/mnt/d/Dev/Github/transformer-defect-prediction/data/processed/sources/p02357/C++/s733670885.cpp:29:8: error: definition of ‘uint32 __builtin_ctz(uint32)’ ambiguates built-in declaration ‘int __builtin_ctz(unsigned int)’
s999493325,p02357,/mnt/d/Dev/Github/transformer-defect-prediction/data/processed/sources/p02357/C++/s999493325.cpp:24:8: error: definition of ‘uint32 __builtin_popcount(uint32)’ ambiguates built-in declaration ‘int __builtin_popcount(unsigned int)’
s279135602,p02357,"/usr/include/c++/15/bits/stl_deque.h:803:66: error: static assertion failed: std::deque must have a non-const, non-volatile value_type"
s023023013,p02358,/mnt/d/Dev/Github/transformer-defect-prediction/data/processed/sources/p02358/C++/s023023013.cpp:10:10: error: ‘Solution’ is not a valid filename
s701331304,p02358,/mnt/d/Dev/Github/transformer-defect-prediction/data/processed/sources/p02358/C++/s701331304.cpp:44:39: error: conversion from ‘vector<long long int>’ to non-scalar type ‘vector<int>’ requested
s079740095,p02363,/mnt/d/Dev/Github/transformer-defect-prediction/data/processed/sources/p02363/C++/s079740095.cpp:70:25: error: ‘else’ without a previous ‘if’
s130331364,p02370,/mnt/d/Dev/Github/transformer-defect-prediction/data/processed/sources/p02370/C++/s130331364.cpp:38:16: error: invalid declarator before ‘glaph’
s310184971,p02371,/mnt/d/Dev/Github/transformer-defect-prediction/data/processed/sources/p02371/C++/s310184971.cpp:42:14: error: missing template argument list after ‘rika::edge’; template placeholder not permitted in parameter [-Wtemplate-body]
s691339309,p02372,/usr/include/c++/15/bits/hashtable.h:210:51: error: static assertion failed: hash function must be copy constructible
s445904441,p02373,"/mnt/d/Dev/Github/transformer-defect-prediction/data/processed/sources/p02373/C++/s445904441.cpp:59:33: error: ‘graph’ is not a class, namespace, or enumeration [-Wtemplate-body]"
s850164289,p02377,/mnt/d/Dev/Github/transformer-defect-prediction/data/processed/sources/p02377/C++/s850164289.cpp:1:1: error: empty character constant
s812779839,p02382,/mnt/d/Dev/Github/transformer-defect-prediction/data/processed/sources/p02382/C++/s812779839.cpp:39:32: error: two consecutive ‘[’ shall only introduce an attribute before ‘[’ token
s970406647,p02384,/mnt/d/Dev/Github/transformer-defect-prediction/data/processed/sources/p02384/C++/s970406647.cpp:50:13: error: empty character constant
s815722790,p02384,"/mnt/d/Dev/Github/transformer-defect-prediction/data/processed/sources/p02384/C++/s815722790.cpp:19:57: error: return-statement with a value, in function returning ‘void’ [-fpermissive]"
s363368000,p02389,"/mnt/d/Dev/Github/transformer-defect-prediction/data/processed/sources/p02389/C++/s363368000.cpp:1:9: error: ‘#include’ expects ‘""FILENAME""’ or ‘<FILENAME>’"
s044506408,p02393,/mnt/d/Dev/Github/transformer-defect-prediction/data/processed/sources/p02393/C++/s044506408.cpp:19:6: error: ‘else’ without a previous ‘if’
s996040345,p02394,/mnt/d/Dev/Github/transformer-defect-prediction/data/processed/sources/p02394/C++/s996040345.cpp:4:19: error: uninitialized ‘const H’ [-fpermissive]
s922821773,p02396,/mnt/d/Dev/Github/transformer-defect-prediction/data/processed/sources/p02396/C++/s922821773.cpp:2:17: error: ‘syd’ is not a namespace-name
s188596109,p02396,/mnt/d/Dev/Github/transformer-defect-prediction/data/processed/sources/p02396/C++/s188596109.cpp:5:9: error: storage size of ‘x’ isn’t known
s347968802,p02396,/mnt/d/Dev/Github/transformer-defect-prediction/data/processed/sources/p02396/C++/s347968802.cpp:4:8: error: storage size of ‘x’ isn’t known
s478404602,p02406,/mnt/d/Dev/Github/transformer-defect-prediction/data/processed/sources/p02406/C++/s478404602.cpp:13:6: error: variable or field ‘call’ declared void
s868824471,p02407,"/mnt/d/Dev/Github/transformer-defect-prediction/data/processed/sources/p02407/C++/s868824471.cpp:12:11: error: unable to find string literal operator ‘operator""""a’ with ‘const char [2]’, ‘long unsigned int’ arguments"
s113290542,p02411,/mnt/d/Dev/Github/transformer-defect-prediction/data/processed/sources/p02411/C++/s113290542.cpp:5:9: error: declaration of ‘int m’ shadows a parameter
s899193111,p02411,/mnt/d/Dev/Github/transformer-defect-prediction/data/processed/sources/p02411/C++/s899193111.cpp:25:17: error: ‘else’ without a previous ‘if’
s274506276,p02411,/mnt/d/Dev/Github/transformer-defect-prediction/data/processed/sources/p02411/C++/s274506276.cpp:32:38: error: break statement not within loop or switch
s426483274,p02412,/mnt/d/Dev/Github/transformer-defect-prediction/data/processed/sources/p02412/C++/s426483274.cpp:10:12: error: break statement not within loop or switch
s270651549,p02413,/mnt/d/Dev/Github/transformer-defect-prediction/data/processed/sources/p02413/C++/s270651549.cpp:4:29: error: use of parameter outside function body before ‘+’ token
s756308600,p02414,/mnt/d/Dev/Github/transformer-defect-prediction/data/processed/sources/p02414/C++/s756308600.cpp:23:53: error: missing template arguments before ‘[’ token
s944967681,p02414,/mnt/d/Dev/Github/transformer-defect-prediction/data/processed/sources/p02414/C++/s944967681.cpp:32:30: error: two consecutive ‘[’ shall only introduce an attribute before ‘[’ token
s011421584,p02419,/mnt/d/Dev/Github/transformer-defect-prediction/data/processed/sources/p02419/C++/s011421584.cpp:12:18: error: no ‘operator++(int)’ declared for postfix ‘++’ [-fpermissive]
s712278845,p02421,/mnt/d/Dev/Github/transformer-defect-prediction/data/processed/sources/p02421/C++/s712278845.cpp:13:26: error: could not convert ‘animalh.std::__cxx11::basic_string<char>::operator=(animalt)’ from ‘std::__cxx11::basic_string<char>’ to ‘bool’
s870587422,p02421,/mnt/d/Dev/Github/transformer-defect-prediction/data/processed/sources/p02421/C++/s870587422.cpp:23:19: error: invalid type argument of unary ‘*’ (have ‘int’)
s723548996,p02423,/mnt/d/Dev/Github/transformer-defect-prediction/data/processed/sources/p02423/C++/s723548996.cpp:3:13: error: ‘long long long’ is too long for GCC
s984820301,p02423,/mnt/d/Dev/Github/transformer-defect-prediction/data/processed/sources/p02423/C++/s984820301.cpp:3:13: error: ‘long long long’ is too long for GCC
s125165915,p02423,/mnt/d/Dev/Github/transformer-defect-prediction/data/processed/sources/p02423/C++/s125165915.cpp:3:13: error: ‘long long long’ is too long for GCC
s481569161,p02431,"/mnt/d/Dev/Github/transformer-defect-prediction/data/processed/sources/p02431/C++/s481569161.cpp:20:22: error: invalid use of non-static member function ‘void std::vector<_Tp, _Alloc>::pop_back() [with _Tp = int; _Alloc = std::allocator<int>]’"
s755194739,p02432,/mnt/d/Dev/Github/transformer-defect-prediction/data/processed/sources/p02432/C++/s755194739.cpp:1:7: error: ‘/’ is not a valid filename
s619549012,p02432,/mnt/d/Dev/Github/transformer-defect-prediction/data/processed/sources/p02432/C++/s619549012.cpp:1:7: error: ‘/’ is not a valid filename
s191587424,p02433,/mnt/d/Dev/Github/transformer-defect-prediction/data/processed/sources/p02433/C++/s191587424.cpp:24:12: error: could not convert ‘(it = L.std::__cxx11::list<int>::end())’ from ‘std::__cxx11::list<int>::iterator’ to ‘bool’
s489152086,p02433,/mnt/d/Dev/Github/transformer-defect-prediction/data/processed/sources/p02433/C++/s489152086.cpp:9:18: error: qualified-id in declaration before ‘itr’
s987949021,p02434,"/mnt/d/Dev/Github/transformer-defect-prediction/data/processed/sources/p02434/C++/s987949021.cpp:22:19: error: invalid use of non-static member function ‘void std::vector<_Tp, _Alloc>::clear() [with _Tp = int; _Alloc = std::allocator<int>]’"
s800671057,p02439,"/mnt/d/Dev/Github/transformer-defect-prediction/data/processed/sources/p02439/C++/s800671057.cpp:1:9: error: ‘#include’ expects ‘""FILENAME""’ or ‘<FILENAME>’"
s824807626,p02448,/mnt/d/Dev/Github/transformer-defect-prediction/data/processed/sources/p02448/C++/s824807626.cpp:13:10: error: invalid types ‘int[int]’ for array subscript
s522936812,p02448,/usr/include/c++/15/tuple:2421:25: error: static assertion failed: tuple index must be in range
s811081664,p02457,/mnt/d/Dev/Github/transformer-defect-prediction/data/processed/sources/p02457/C++/s811081664.cpp:20:7: error: inconsistent deduction for ‘auto’: ‘std::_Rb_tree_const_iterator<int>’ and then ‘int’
s834089687,p02462,"/mnt/d/Dev/Github/transformer-defect-prediction/data/processed/sources/p02462/C++/s834089687.cpp:21:40: error: base operand of ‘->’ has non-pointer type ‘std::multimap<std::__cxx11::basic_string<char>, int>’"
s194754518,p02462,/mnt/d/Dev/Github/transformer-defect-prediction/data/processed/sources/p02462/C++/s194754518.cpp:26:22: error: jump to case label
s991182978,p02462,/mnt/d/Dev/Github/transformer-defect-prediction/data/processed/sources/p02462/C++/s991182978.cpp:26:22: error: jump to case label
s413983262,p02471,/mnt/d/Dev/Github/transformer-defect-prediction/data/processed/sources/p02471/C++/s413983262.cpp:2:6: error: variable or field ‘extgcd’ declared void
s680218831,p02471,/usr/include/c++/15/bits/predefined_ops.h:117:16: error: invalid type argument of unary ‘*’ (have ‘int’)
s250361756,p02477,/mnt/d/Dev/Github/transformer-defect-prediction/data/processed/sources/p02477/C++/s250361756.cpp:11:17: error: invalid use of ‘this’ in non-member function
s489935545,p02481,"/mnt/d/Dev/Github/transformer-defect-prediction/data/processed/sources/p02481/C++/s489935545.cpp:1:10: error: ‘#include’ expects ‘""FILENAME""’ or ‘<FILENAME>’"
s107374008,p02483,"/mnt/d/Dev/Github/transformer-defect-prediction/data/processed/sources/p02483/C++/s107374008.cpp:6:23: error: aggregate ‘std::array<int, 3> nums’ has incomplete type and cannot be defined"
s321831528,p02485,/mnt/d/Dev/Github/transformer-defect-prediction/data/processed/sources/p02485/C++/s321831528.cpp:12:8: error: could not convert ‘numb.std::__cxx11::basic_string<char>::operator=(48)’ from ‘std::__cxx11::basic_string<char>’ to ‘bool’
s634789250,p02486,/mnt/d/Dev/Github/transformer-defect-prediction/data/processed/sources/p02486/C++/s634789250.cpp:11:37: error: invalid types ‘int[int]’ for array subscript
s281095855,p02486,/mnt/d/Dev/Github/transformer-defect-prediction/data/processed/sources/p02486/C++/s281095855.cpp:9:15: error: break statement not within loop or switch
s299623213,p02488,/mnt/d/Dev/Github/transformer-defect-prediction/data/processed/sources/p02488/C++/s299623213.cpp:53:32: error: cast from ‘const char*’ to ‘int’ loses precision [-fpermissive]
s414697745,p02490,/mnt/d/Dev/Github/transformer-defect-prediction/data/processed/sources/p02490/C++/s414697745.cpp:1:12: error: too many decimal points in number
s562965934,p02490,/mnt/d/Dev/Github/transformer-defect-prediction/data/processed/sources/p02490/C++/s562965934.cpp:24:9: error: ‘or’ cannot be used as a macro name as it is an operator in C++
s836630358,p02491,"/mnt/d/Dev/Github/transformer-defect-prediction/data/processed/sources/p02491/C++/s836630358.cpp:12:10: error: unable to find numeric literal operator ‘operator""""a’"
s128498279,p02491,"/mnt/d/Dev/Github/transformer-defect-prediction/data/processed/sources/p02491/C++/s128498279.cpp:6:19: error: found ‘:’ in nested-name-specifier, expected ‘::’"
s074075256,p02515,"/mnt/d/Dev/Github/transformer-defect-prediction/data/processed/sources/p02515/C++/s074075256.cpp:51:30: error: macro ‘FOR’ passed 3 arguments, but takes just 2"
s324910403,p02515,"/mnt/d/Dev/Github/transformer-defect-prediction/data/processed/sources/p02515/C++/s324910403.cpp:51:30: error: macro ‘FOR’ passed 3 arguments, but takes just 2"
s663776334,p02521,/mnt/d/Dev/Github/transformer-defect-prediction/data/processed/sources/p02521/C++/s663776334.cpp:17:8: error: extra qualification ‘state::’ on member ‘have’ [-fpermissive]
s212939911,p02521,/mnt/d/Dev/Github/transformer-defect-prediction/data/processed/sources/p02521/C++/s212939911.cpp:17:8: error: extra qualification ‘state::’ on member ‘have’ [-fpermissive]
s444542727,p02524,/mnt/d/Dev/Github/transformer-defect-prediction/data/processed/sources/p02524/C++/s444542727.cpp:9:3: error: ‘unsigned’ specified with ‘double’
s815420670,p02525,/usr/include/c++/15/functional:839:43: error: static assertion failed: Wrong number of arguments for function
s928305040,p02526,/mnt/d/Dev/Github/transformer-defect-prediction/data/processed/sources/p02526/C++/s928305040.cpp:47:36: error: break statement not within loop or switch
s868797243,p02526,/mnt/d/Dev/Github/transformer-defect-prediction/data/processed/sources/p02526/C++/s868797243.cpp:12:6: error: invalid types ‘bool [1000000][double]’ for array subscript
s492864648,p02528,/mnt/d/Dev/Github/transformer-defect-prediction/data/processed/sources/p02528/C++/s492864648.cpp:19:21: error: invalid use of void expression
s051277691,p02528,"/mnt/d/Dev/Github/transformer-defect-prediction/data/processed/sources/p02528/C++/s051277691.cpp:29:9: error: return-statement with no value, in function returning ‘int’ [-fpermissive]"
s508960457,p02529,/mnt/d/Dev/Github/transformer-defect-prediction/data/processed/sources/p02529/C++/s508960457.cpp:43:31: error: invalid types ‘int[int]’ for array subscript
s515287967,p02534,/mnt/d/Dev/Github/transformer-defect-prediction/data/processed/sources/p02534/C++/s515287967.cpp:9:11: error: structured binding declaration cannot have type ‘std::string’ {aka ‘std::__cxx11::basic_string<char>’}
s018206956,p02537,"/mnt/d/Dev/Github/transformer-defect-prediction/data/processed/sources/p02537/C++/s018206956.cpp:55:9: error: there are no arguments to ‘assert’ that depend on a template parameter, so a declaration of ‘assert’ must be available [-Wtemplate-body]"
s543234561,p02538,/usr/include/c++/15/bits/utility.h:77:61: error: incomplete type ‘std::tuple_size<long long int>’ used in nested name specifier
s093775705,p02542,"atcoder-workspace/acl1/c/c.cpp:25:33: error: wrong number of template arguments (3, should be 2)"
s312144777,p02546,/mnt/d/Dev/Github/transformer-defect-prediction/data/processed/sources/p02546/C++/s312144777.cpp:13:19: error: empty character constant
s338915397,p02547,/mnt/d/Dev/Github/transformer-defect-prediction/data/processed/sources/p02547/C++/s338915397.cpp:11:33: error: template argument 1 is invalid
s713971195,p02547,/mnt/d/Dev/Github/transformer-defect-prediction/data/processed/sources/p02547/C++/s713971195.cpp:10:11: error: invalid types ‘int[int]’ for array subscript
s933763821,p02547,"/mnt/d/Dev/Github/transformer-defect-prediction/data/processed/sources/p02547/C++/s933763821.cpp:84:25: error: return-statement with no value, in function returning ‘int’ [-fpermissive]"
s898920859,p02550,/mnt/d/Dev/Github/transformer-defect-prediction/data/processed/sources/p02550/C++/s898920859.cpp:188:2: error: unterminated argument list invoking macro ‘REP’
s084501681,p02550,/mnt/d/Dev/Github/transformer-defect-prediction/data/processed/sources/p02550/C++/s084501681.cpp:114:2: error: unterminated argument list invoking macro ‘rep’
s591690708,p02551,/mnt/d/Dev/Github/transformer-defect-prediction/data/processed/sources/p02551/C++/s591690708.cpp:25:16: error: template argument 1 is invalid
s239786522,p02552,/mnt/d/Dev/Github/transformer-defect-prediction/data/processed/sources/p02552/C++/s239786522.cpp:3:17: error: ‘atcoder’ is not a namespace-name
s605595660,p02552,/mnt/d/Dev/Github/transformer-defect-prediction/data/processed/sources/p02552/C++/s605595660.cpp:7:17: error: ‘atcoder’ is not a namespace-name
s852230737,p02553,/mnt/d/Dev/Github/transformer-defect-prediction/data/processed/sources/p02553/C++/s852230737.cpp:8:16: error: cannot resolve overloaded function ‘max’ based on conversion to type ‘long long int’
s453887357,p02553,/mnt/d/Dev/Github/transformer-defect-prediction/data/processed/sources/p02553/C++/s453887357.cpp:28:21: error: invalid type argument of unary ‘*’ (have ‘int’)
s626327000,p02556,/mnt/d/Dev/Github/transformer-defect-prediction/data/processed/sources/p02556/C++/s626327000.cpp:26:10: error: overloaded function with no contextual type information
s749791099,p02561,"/mnt/d/Dev/Github/transformer-defect-prediction/data/processed/sources/p02561/C++/s749791099.cpp:58:9: error: ‘internal’ is not a class, namespace, or enumeration [-Wtemplate-body]"
s373667453,p02564,"/mnt/d/Dev/Github/transformer-defect-prediction/data/processed/sources/p02564/C++/s373667453.cpp:49:9: error: there are no arguments to ‘assert’ that depend on a template parameter, so a declaration of ‘assert’ must be available [-Wtemplate-body]"
s870484065,p02566,/mnt/d/Dev/Github/transformer-defect-prediction/data/processed/sources/p02566/C++/s870484065.cpp:4:17: error: ‘atcoder’ is not a namespace-name
s519796786,p02571,"/mnt/d/Dev/Github/transformer-defect-prediction/data/processed/sources/p02571/C++/s519796786.cpp:5:13: error: found ‘:’ in nested-name-specifier, expected ‘::’"
s822681781,p02572,"/mnt/d/Dev/Github/transformer-defect-prediction/data/processed/sources/p02572/C++/s822681781.cpp:64:13: error: expected parameter name, found ‘,’"
s110360375,p02572,/mnt/d/Dev/Github/transformer-defect-prediction/data/processed/sources/p02572/C++/s110360375.cpp:9:27: error: size ‘-1863462911’ of array ‘c’ is negative
s190871310,p02573,/mnt/d/Dev/Github/transformer-defect-prediction/data/processed/sources/p02573/C++/s190871310.cpp:28:24: error: invalid types ‘<unresolved overloaded function type>[int]’ for array subscript
s736896469,p02573,/mnt/d/Dev/Github/transformer-defect-prediction/data/processed/sources/p02573/C++/s736896469.cpp:20:13: error: invalid types ‘<unresolved overloaded function type>[int]’ for array subscript
s916564223,p02573,/mnt/d/Dev/Github/transformer-defect-prediction/data/processed/sources/p02573/C++/s916564223.cpp:19:5: error: declaration of ‘auto i’ has no initializer
s567932492,p02573,/mnt/d/Dev/Github/transformer-defect-prediction/data/processed/sources/p02573/C++/s567932492.cpp:47:39: error: invalid types ‘<unresolved overloaded function type>[int]’ for array subscript
s762189290,p02574,/mnt/d/Dev/Github/transformer-defect-prediction/data/processed/sources/p02574/C++/s762189290.cpp:86:9: error: missing template arguments before ‘int’
s694960305,p02578,/mnt/d/Dev/Github/transformer-defect-prediction/data/processed/sources/p02578/C++/s694960305.cpp:9:18: error: variable ‘std::ifstream read’ has initializer but incomplete type
s294598532,p02578,"/mnt/d/Dev/Github/transformer-defect-prediction/data/processed/sources/p02578/C++/s294598532.cpp:5:8: error: found ‘:’ in nested-name-specifier, expected ‘::’"
s429179794,p02579,"/mnt/d/Dev/Github/transformer-defect-prediction/data/processed/sources/p02579/C++/s429179794.cpp:54:27: error: invalid initialization of reference of type ‘Grid<bool>&’ {aka ‘std::vector<std::vector<bool, std::allocator<bool> >, std::allocator<std::vector<bool, std::allocator<bool> > > >&’} from expression of type ‘Grid<long long int>’ {aka ‘std::vector<std::vector<long long int, std::allocator<long long int> >, std::allocator<std::vector<long long int, std::allocator<long long int> > > >’}"
s073550486,p02580,"/mnt/d/Dev/Github/transformer-defect-prediction/data/processed/sources/p02580/C++/s073550486.cpp:43:8: error: return-statement with no value, in function returning ‘int’ [-fpermissive]"
s107226766,p02580,"/mnt/d/Dev/Github/transformer-defect-prediction/data/processed/sources/p02580/C++/s107226766.cpp:6:20: error: wrong number of template arguments (1, should be at least 2)"
s129948702,p02580,/usr/include/c++/15/bits/hashtable.h:210:51: error: static assertion failed: hash function must be copy constructible
s187784309,p02580,/usr/include/c++/15/bits/hashtable.h:210:51: error: static assertion failed: hash function must be copy constructible
s464431339,p02580,/mnt/d/Dev/Github/transformer-defect-prediction/data/processed/sources/p02580/C++/s464431339.cpp:113:5: error: ‘else’ without a previous ‘if’
s711708736,p02581,
s586621644,p02581,"/mnt/d/Dev/Github/transformer-defect-prediction/data/processed/sources/p02581/C++/s586621644.cpp:362:33: error: macro ‘rep2’ requires 3 arguments, but only 2 given"
s170216031,p02581,/usr/include/c++/15/bits/hashtable.h:210:51: error: static assertion failed: hash function must be copy constructible
s436365634,p02583,"/mnt/d/Dev/Github/transformer-defect-prediction/data/processed/sources/p02583/C++/s436365634.cpp:58:19: error: macro ‘srt’ requires 2 arguments, but only 1 given"
s275611043,p02583,/mnt/d/Dev/Github/transformer-defect-prediction/data/processed/sources/p02583/C++/s275611043.cpp:8:12: error: array must be initialized with a brace-enclosed initializer
s024378185,p02585,/mnt/d/Dev/Github/transformer-defect-prediction/data/processed/sources/p02585/C++/s024378185.cpp:195:5: error: ‘else’ without a previous ‘if’
s615919654,p02587,"/mnt/d/Dev/Github/transformer-defect-prediction/data/processed/sources/p02587/C++/s615919654.cpp:52:17: error: ‘static bool Pos::operator<(const Pos&, const Pos&)’ must be either a non-static member function or a non-member function"
s331285995,p02587,/mnt/d/Dev/Github/transformer-defect-prediction/data/processed/sources/p02587/C++/s331285995.cpp:54:29: error: cannot bind non-const lvalue reference of type ‘std::string&’ {aka ‘std::__cxx11::basic_string<char>&’} to an rvalue of type ‘std::__cxx11::basic_string<char>’
s879908398,p02587,"/usr/include/c++/15/bits/random.tcc:1364:40: error: macro ‘ceil’ requires 2 arguments, but only 1 given"
s094165402,p02588,/usr/include/c++/15/bits/hashtable.h:210:51: error: static assertion failed: hash function must be copy constructible
s450349755,p02588,/mnt/d/Dev/Github/transformer-defect-prediction/data/processed/sources/p02588/C++/s450349755.cpp:8:15: error: ‘long long’ specified with ‘double’
s552666063,p02588,/mnt/d/Dev/Github/transformer-defect-prediction/data/processed/sources/p02588/C++/s552666063.cpp:8:10: error: ‘unsigned’ specified with ‘double’
s585086175,p02589,/mnt/d/Dev/Github/transformer-defect-prediction/data/processed/sources/p02589/C++/s585086175.cpp:34:2: error: ‘#endif’ without ‘#if’
s730286383,p02589,/usr/include/c++/15/bits/hashtable.h:210:51: error: static assertion failed: hash function must be copy constructible
s457678924,p02589,/usr/include/c++/15/bits/hashtable.h:210:51: error: static assertion failed: hash function must be copy constructible
s437707001,p02590,/mnt/d/Dev/Github/transformer-defect-prediction/data/processed/sources/p02590/C++/s437707001.cpp:247:49: error: conversion from ‘vector<long int>’ to non-scalar type ‘vector<long long int>’ requested
s007720318,p02590,/mnt/d/Dev/Github/transformer-defect-prediction/data/processed/sources/p02590/C++/s007720318.cpp:247:49: error: conversion from ‘vector<long int>’ to non-scalar type ‘vector<long long int>’ requested
s334553074,p02590,/mnt/d/Dev/Github/transformer-defect-prediction/data/processed/sources/p02590/C++/s334553074.cpp:247:49: error: conversion from ‘vector<long int>’ to non-scalar type ‘vector<long long int>’ requested
s019660933,p02591,/usr/include/c++/15/bits/hashtable.h:210:51: error: static assertion failed: hash function must be copy constructible
s040233641,p02591,"/mnt/d/Dev/Github/transformer-defect-prediction/data/processed/sources/p02591/C++/s040233641.cpp:45:28: error: unable to find numeric literal operator ‘operator""""UUL’"
s705162762,p02591,/mnt/d/Dev/Github/transformer-defect-prediction/data/processed/sources/p02591/C++/s705162762.cpp:97:14: error: too many decimal points in number
s563259171,p02592,/mnt/d/Dev/Github/transformer-defect-prediction/data/processed/sources/p02592/C++/s563259171.cpp:268:8: error: template argument 1 is invalid
s896935376,p02593,/mnt/d/Dev/Github/transformer-defect-prediction/data/processed/sources/p02593/C++/s896935376.cpp:30:17: error: ‘#’ is not followed by a macro parameter
s895836788,p02593,"/mnt/d/Dev/Github/transformer-defect-prediction/data/processed/sources/p02593/C++/s895836788.cpp:1:32: error: ‘#include’ expects ‘""FILENAME""’ or ‘<FILENAME>’"
s387380089,p02595,/mnt/d/Dev/Github/transformer-defect-prediction/data/processed/sources/p02595/C++/s387380089.cpp:21:11: error: overloaded function with no contextual type information
s127038327,p02595,/mnt/d/Dev/Github/transformer-defect-prediction/data/processed/sources/p02595/C++/s127038327.cpp:11:3: error: ‘long’ specified with ‘float’
s627782889,p02596,"/mnt/d/Dev/Github/transformer-defect-prediction/data/processed/sources/p02596/C++/s627782889.cpp:70:5: error: return-statement with no value, in function returning ‘int’ [-fpermissive]"
s957667803,p02596,/mnt/d/Dev/Github/transformer-defect-prediction/data/processed/sources/p02596/C++/s957667803.cpp:4:16: error: token ‘;’ is not valid in preprocessor expressions
s011943341,p02598,/mnt/d/Dev/Github/transformer-defect-prediction/data/processed/sources/p02598/C++/s011943341.cpp:5:9: error: multiple types in one declaration
s351279768,p02598,/mnt/d/Dev/Github/transformer-defect-prediction/data/processed/sources/p02598/C++/s351279768.cpp:25:6: error: variable or field ‘printPQ’ declared void
s147531972,p02598,/mnt/d/Dev/Github/transformer-defect-prediction/data/processed/sources/p02598/C++/s147531972.cpp:33:35: error: converting to ‘bool’ from ‘std::nullptr_t’ requires direct-initialization [-fpermissive]
s963214660,p02598,/mnt/d/Dev/Github/transformer-defect-prediction/data/processed/sources/p02598/C++/s963214660.cpp:33:35: error: converting to ‘bool’ from ‘std::nullptr_t’ requires direct-initialization [-fpermissive]
s700663141,p02598,/usr/include/c++/15/bits/stl_tree.h:1407:15: error: static assertion failed: comparison object must be invocable as const
s924703784,p02599,/mnt/d/Dev/Github/transformer-defect-prediction/data/processed/sources/p02599/C++/s924703784.cpp:137:44: error: cannot bind non-const lvalue reference of type ‘int&’ to an rvalue of type ‘int’
s562642114,p02600,/mnt/d/Dev/Github/transformer-defect-prediction/data/processed/sources/p02600/C++/s562642114.cpp:1:9: error: empty filename in #include
s165404166,p02602,/mnt/d/Dev/Github/transformer-defect-prediction/data/processed/sources/p02602/C++/s165404166.cpp:9:15: error: non-local lambda expression cannot have a capture-default
s076779921,p02602,/mnt/d/Dev/Github/transformer-defect-prediction/data/processed/sources/p02602/C++/s076779921.cpp:6:7: error: storage size of ‘A’ isn’t known
s386510271,p02602,/mnt/d/Dev/Github/transformer-defect-prediction/data/processed/sources/p02602/C++/s386510271.cpp:21:9: error: ‘long’ specified with ‘float’
s658604593,p02604,/mnt/d/Dev/Github/transformer-defect-prediction/data/processed/sources/p02604/C++/s658604593.cpp:17:17: error: ‘__gnu_pbds’ is not a namespace-name
s483353024,p02605,/mnt/d/Dev/Github/transformer-defect-prediction/data/processed/sources/p02605/C++/s483353024.cpp:79:25: error: operands to ‘?:’ have different types ‘const char*’ and ‘ll’ {aka ‘long long int’}
s695856050,p02607,/mnt/d/Dev/Github/transformer-defect-prediction/data/processed/sources/p02607/C++/s695856050.cpp:11:17: error: invalid types ‘int[int]’ for array subscript
s559756641,p02608,"/mnt/d/Dev/Github/transformer-defect-prediction/data/processed/sources/p02608/C++/s559756641.cpp:20:14: error: conflicting declaration ‘std::map<long long int, long long int> ans’"
s147923938,p02608,/mnt/d/Dev/Github/transformer-defect-prediction/data/processed/sources/p02608/C++/s147923938.cpp:21:62: error: invalid type argument of unary ‘*’ (have ‘int’)
s174690888,p02609,/mnt/d/Dev/Github/transformer-defect-prediction/data/processed/sources/p02609/C++/s174690888.cpp:69:3: error: expected ‘)’ at end of input
s091699244,p02610,/usr/include/c++/15/bits/stl_tree.h:1407:15: error: static assertion failed: comparison object must be invocable as const
s524457124,p02611,/mnt/d/Dev/Github/transformer-defect-prediction/data/processed/sources/p02611/C++/s524457124.cpp:32:34: error: cannot bind non-const lvalue reference of type ‘Mat&’ {aka ‘std::vector<std::vector<long long int> >&’} to an rvalue of type ‘Mat’ {aka ‘std::vector<std::vector<long long int> >’}
s956678682,p02611,"/mnt/d/Dev/Github/transformer-defect-prediction/data/processed/sources/p02611/C++/s956678682.cpp:146:13: error: return-statement with no value, in function returning ‘int’ [-fpermissive]"
s931928374,p02613,"/mnt/d/Dev/Github/transformer-defect-prediction/data/processed/sources/p02613/C++/s931928374.cpp:21:35: error: found ‘:’ in nested-name-specifier, expected ‘::’"
s306119335,p02613,"/mnt/d/Dev/Github/transformer-defect-prediction/data/processed/sources/p02613/C++/s306119335.cpp:11:18: error: could not convert ‘(& vec.std::vector<std::__cxx11::basic_string<char> >::at(((std::vector<std::__cxx11::basic_string<char> >::size_type)i)))->std::__cxx11::basic_string<char>::operator=(((const char*)""AC""))’ from ‘std::__cxx11::basic_string<char>’ to ‘bool’"
s205096953,p02614,/mnt/d/Dev/Github/transformer-defect-prediction/data/processed/sources/p02614/C++/s205096953.cpp:39:2: error: unterminated argument list invoking macro ‘FOR’
s331889546,p02614,"/mnt/d/Dev/Github/transformer-defect-prediction/data/processed/sources/p02614/C++/s331889546.cpp:453:26: error: type/value mismatch at argument 1 in template parameter list for ‘template<class _Tp, class _Alloc> class std::vector’"
s744422502,p02615,/usr/include/c++/15/bits/stl_algo.h:1781:17: error: no type named ‘value_type’ in ‘struct std::iterator_traits<long long int>’
s522599498,p02615,/mnt/d/Dev/Github/transformer-defect-prediction/data/processed/sources/p02615/C++/s522599498.cpp:5:10: error: too many decimal points in number
s247263087,p02618,/mnt/d/Dev/Github/transformer-defect-prediction/data/processed/sources/p02618/C++/s247263087.cpp:12:17: error: size of array ‘ans’ is not an integral constant-expression
s518121841,p02618,"/mnt/d/Dev/Github/transformer-defect-prediction/data/processed/sources/p02618/C++/s518121841.cpp:11:13: error: there are no arguments to ‘isdigit’ that depend on a template parameter, so a declaration of ‘isdigit’ must be available [-Wtemplate-body]"
s510661035,p02619,/mnt/d/Dev/Github/transformer-defect-prediction/data/processed/sources/p02619/C++/s510661035.cpp:21:15: error: conflicting declaration ‘std::vector<int> n’
s158407847,p02622,"/mnt/d/Dev/Github/transformer-defect-prediction/data/processed/sources/p02622/C++/s158407847.cpp:12:3: error: return-statement with no value, in function returning ‘int’ [-fpermissive]"
s497446583,p02622,/mnt/d/Dev/Github/transformer-defect-prediction/data/processed/sources/p02622/C++/s497446583.cpp:15:25: error: invalid types ‘int[long long int]’ for array subscript
s487143059,p02623,/mnt/d/Dev/Github/transformer-defect-prediction/data/processed/sources/p02623/C++/s487143059.cpp:46:14: error: ‘else’ without a previous ‘if’
s665162931,p02623,/mnt/d/Dev/Github/transformer-defect-prediction/data/processed/sources/p02623/C++/s665162931.cpp:19:5: error: ‘else’ without a previous ‘if’
s607003010,p02624,/mnt/d/Dev/Github/transformer-defect-prediction/data/processed/sources/p02624/C++/s607003010.cpp:16:9: error: ‘constexpr’ loop iteration count exceeds limit of 262144 (use ‘-fconstexpr-loop-limit=’ to increase the limit)
s909703657,p02625,/mnt/d/Dev/Github/transformer-defect-prediction/data/processed/sources/p02625/C++/s909703657.cpp:110:13: error: no ‘operator--(int)’ declared for postfix ‘--’ [-fpermissive]
s639932027,p02626,"/mnt/d/Dev/Github/transformer-defect-prediction/data/processed/sources/p02626/C++/s639932027.cpp:103:16: error: return-statement with a value, in function returning ‘void’ [-fpermissive]"
s372655213,p02627,/mnt/d/Dev/Github/transformer-defect-prediction/data/processed/sources/p02627/C++/s372655213.cpp:6:8: error: conflicting declaration ‘char a’
s628267988,p02627,"/mnt/d/Dev/Github/transformer-defect-prediction/data/processed/sources/p02627/C++/s628267988.cpp:6:10: error: unable to find string literal operator ‘operator""""or’ with ‘const char [2]’, ‘long unsigned int’ arguments"
s483503657,p02628,/mnt/d/Dev/Github/transformer-defect-prediction/data/processed/sources/p02628/C++/s483503657.cpp:10:13: error: invalid types ‘int[int]’ for array subscript
s420730800,p02629,/mnt/d/Dev/Github/transformer-defect-prediction/data/processed/sources/p02629/C++/s420730800.cpp:10:7: error: empty character constant
s027479182,p02629,/mnt/d/Dev/Github/transformer-defect-prediction/data/processed/sources/p02629/C++/s027479182.cpp:35:9: error: overloaded function with no contextual type information
s513595553,p02629,"/mnt/d/Dev/Github/transformer-defect-prediction/data/processed/sources/p02629/C++/s513595553.cpp:28:5: error: return-statement with no value, in function returning ‘int’ [-fpermissive]"
s712158572,p02629,/mnt/d/Dev/Github/transformer-defect-prediction/data/processed/sources/p02629/C++/s712158572.cpp:9:13: error: invalid type argument of unary ‘*’ (have ‘int’)
s183421734,p02629,/mnt/d/Dev/Github/transformer-defect-prediction/data/processed/sources/p02629/C++/s183421734.cpp:35: error: unterminated #ifndef
s753156377,p02630,/mnt/d/Dev/Github/transformer-defect-prediction/data/processed/sources/p02630/C++/s753156377.cpp:8:29: error: invalid type argument of unary ‘*’ (have ‘int’)
s820497029,p02630,/mnt/d/Dev/Github/transformer-defect-prediction/data/processed/sources/p02630/C++/s820497029.cpp:29:12: error: could not convert ‘flag’ from ‘std::vector<int>’ to ‘bool’
s776146386,p02630,/mnt/d/Dev/Github/transformer-defect-prediction/data/processed/sources/p02630/C++/s776146386.cpp:30:37: error: assignment of read-only location ‘sit.std::_Rb_tree_const_iterator<int>::operator*()’
s029888296,p02633,/mnt/d/Dev/Github/transformer-defect-prediction/data/processed/sources/p02633/C++/s029888296.cpp:9:9: error: two or more data types in declaration of ‘X’
s025008864,p02639,"/mnt/d/Dev/Github/transformer-defect-prediction/data/processed/sources/p02639/C++/s025008864.cpp:136:35: error: return-statement with no value, in function returning ‘int’ [-fpermissive]"
s754439989,p02640,"/mnt/d/Dev/Github/transformer-defect-prediction/data/processed/sources/p02640/C++/s754439989.cpp:74:27: error: return-statement with a value, in function returning ‘void’ [-fpermissive]"
s076244772,p02640,"/mnt/d/Dev/Github/transformer-defect-prediction/data/processed/sources/p02640/C++/s076244772.cpp:6:6: error: unable to find numeric literal operator ‘operator""""a’"
s942502143,p02641,"/mnt/d/Dev/Github/transformer-defect-prediction/data/processed/sources/p02641/C++/s942502143.cpp:17:9: error: return-statement with no value, in function returning ‘int’ [-fpermissive]"
s961375759,p02644,"/mnt/d/Dev/Github/transformer-defect-prediction/data/processed/sources/p02644/C++/s961375759.cpp:95:22: error: invalid types ‘__gnu_cxx::__alloc_traits<std::allocator<int>, int>::value_type {aka int}[__gnu_cxx::__alloc_traits<std::allocator<int>, int>::value_type {aka int}]’ for array subscript"
s132367025,p02646,/mnt/d/Dev/Github/transformer-defect-prediction/data/processed/sources/p02646/C++/s132367025.cpp:8:14: error: ‘long long’ specified with ‘double’
s146677013,p02646,/mnt/d/Dev/Github/transformer-defect-prediction/data/processed/sources/p02646/C++/s146677013.cpp:4:14: error: ‘long long’ specified with ‘double’
s783168229,p02648,/mnt/d/Dev/Github/transformer-defect-prediction/data/processed/sources/p02648/C++/s783168229.cpp:29:19: error: conversion from ‘__gnu_cxx::__promote<double>::__type’ {aka ‘double’} to ‘long unsigned int’ in a converted constant expression
s877410255,p02649,"/mnt/d/Dev/Github/transformer-defect-prediction/data/processed/sources/p02649/C++/s877410255.cpp:13:12: error: macro ‘REP’ passed 2 arguments, but takes just 1"
s469719055,p02651,"/mnt/d/Dev/Github/transformer-defect-prediction/data/processed/sources/p02651/C++/s469719055.cpp:22:32: error: return-statement with a value, in function returning ‘void’ [-fpermissive]"
s725057815,p02652,/mnt/d/Dev/Github/transformer-defect-prediction/data/processed/sources/p02652/C++/s725057815.cpp:20:10: error: inconsistent deduction for ‘auto’: ‘long unsigned int’ and then ‘int’
s834550001,p02652,"solve.cpp:137:39: error: macro ‘mp’ requires 2 arguments, but only 1 given"
s880651945,p02658,"/mnt/d/Dev/Github/transformer-defect-prediction/data/processed/sources/p02658/C++/s880651945.cpp:47:25: error: return-statement with no value, in function returning ‘int’ [-fpermissive]"
s705467166,p02659,/mnt/d/Dev/Github/transformer-defect-prediction/data/processed/sources/p02659/C++/s705467166.cpp:8:3: error: ‘long’ specified with ‘float’
s432466548,p02659,/mnt/d/Dev/Github/transformer-defect-prediction/data/processed/sources/p02659/C++/s432466548.cpp:25:10: error: conflicting declaration ‘char c’
s982710583,p02659,/mnt/d/Dev/Github/transformer-defect-prediction/data/processed/sources/p02659/C++/s982710583.cpp:5:3: error: ‘unsigned’ specified with ‘double’
s398808447,p02660,"/mnt/d/Dev/Github/transformer-defect-prediction/data/processed/sources/p02660/C++/s398808447.cpp:25:32: error: conversion from ‘map<long int,[...]>’ to non-scalar type ‘map<long long int,[...]>’ requested"
s108890438,p02661,/mnt/d/Dev/Github/transformer-defect-prediction/data/processed/sources/p02661/C++/s108890438.cpp:13:14: error: too many decimal points in number
s862247311,p02661,/mnt/d/Dev/Github/transformer-defect-prediction/data/processed/sources/p02661/C++/s862247311.cpp:23:24: error: invalid cast from type ‘std::basic_ostream<char>::__ostream_type’ {aka ‘std::basic_ostream<char>’} to type ‘long long int’
s824707310,p02661,"/mnt/d/Dev/Github/transformer-defect-prediction/data/processed/sources/p02661/C++/s824707310.cpp:88:20: error: macro ‘for’ requires 3 arguments, but only 1 given"
s777036292,p02662,"/mnt/d/Dev/Github/transformer-defect-prediction/data/processed/sources/p02662/C++/s777036292.cpp:59:12: error: invalid cast from type ‘__gnu_cxx::__alloc_traits<std::allocator<mint>, mint>::value_type’ {aka ‘mint’} to type ‘ll’ {aka ‘long long int’}"
s566575752,p02662,/mnt/d/Dev/Github/transformer-defect-prediction/data/processed/sources/p02662/C++/s566575752.cpp:24:19: error: invalid types ‘ll {aka long long int}[ll {aka long long int}]’ for array subscript
s848300117,p02663,/mnt/d/Dev/Github/transformer-defect-prediction/data/processed/sources/p02663/C++/s848300117.cpp:13:84: error: exponent has no digits
s103330285,p02663,/mnt/d/Dev/Github/transformer-defect-prediction/data/processed/sources/p02663/C++/s103330285.cpp:5:17: error: conflicting declaration ‘int H [2]’
s967498228,p02663,/mnt/d/Dev/Github/transformer-defect-prediction/data/processed/sources/p02663/C++/s967498228.cpp:5:6: error: structured binding declaration cannot have type ‘int’
s617101571,p02663,"/mnt/d/Dev/Github/transformer-defect-prediction/data/processed/sources/p02663/C++/s617101571.cpp:7:8: error: found ‘:’ in nested-name-specifier, expected ‘::’"
s149415515,p02665,/mnt/d/Dev/Github/transformer-defect-prediction/data/processed/sources/p02665/C++/s149415515.cpp:69:9: error: ‘else’ without a previous ‘if’
s908061987,p02666,/mnt/d/Dev/Github/transformer-defect-prediction/data/processed/sources/p02666/C++/s908061987.cpp:18:40: error: binding reference of type ‘int&’ to ‘const int’ discards qualifiers [-Wtemplate-body]
s965081605,p02668,/mnt/d/Dev/Github/transformer-defect-prediction/data/processed/sources/p02668/C++/s965081605.cpp:133:15: error: conflicting declaration ‘long long int dp [5002][5002]’
s544775960,p02670,/mnt/d/Dev/Github/transformer-defect-prediction/data/processed/sources/p02670/C++/s544775960.cpp:49:20: error: size ‘-627377468’ of array ‘vis’ is negative
s302601391,p02671,"/mnt/d/Dev/Github/transformer-defect-prediction/data/processed/sources/p02671/C++/s302601391.cpp:85:15: error: ambiguating new declaration of ‘long long int X(int, int)’"
s399006618,p02677,/mnt/d/Dev/Github/transformer-defect-prediction/data/processed/sources/p02677/C++/s399006618.cpp:14:14: error: ‘long long’ specified with ‘double’
s483926239,p02678,/mnt/d/Dev/Github/transformer-defect-prediction/data/processed/sources/p02678/C++/s483926239.cpp:88:186: error: cannot bind non-const lvalue reference of type ‘int&’ to an rvalue of type ‘int’
s025282309,p02679,/usr/include/c++/15/numeric:181:21: error: static assertion failed: std::gcd arguments must be integers
s748125490,p02679,"/mnt/d/Dev/Github/transformer-defect-prediction/data/processed/sources/p02679/C++/s748125490.cpp:42:14: error: could not convert ‘- b’ from ‘long long int’ to ‘std::pair<long long int, long long int>’"
s789643697,p02679,/mnt/d/Dev/Github/transformer-defect-prediction/data/processed/sources/p02679/C++/s789643697.cpp:112:17: error: ‘else’ without a previous ‘if’
s657564509,p02680,"/mnt/d/Dev/Github/transformer-defect-prediction/data/processed/sources/p02680/C++/s657564509.cpp:54:24: error: return-statement with a value, in function returning ‘void’ [-fpermissive]"
s122770017,p02681,/mnt/d/Dev/Github/transformer-defect-prediction/data/processed/sources/p02681/C++/s122770017.cpp:12:13: error: invalid types ‘<unresolved overloaded function type>[int]’ for array subscript
s956388814,p02681,"/mnt/d/Dev/Github/transformer-defect-prediction/data/processed/sources/p02681/C++/s956388814.cpp:12:7: error: return-statement with no value, in function returning ‘int’ [-fpermissive]"
s193395927,p02682,"/mnt/d/Dev/Github/transformer-defect-prediction/data/processed/sources/p02682/C++/s193395927.cpp:14:8: error: return-statement with no value, in function returning ‘int’ [-fpermissive]"
s408396273,p02682,/mnt/d/Dev/Github/transformer-defect-prediction/data/processed/sources/p02682/C++/s408396273.cpp:5:14: error: conflicting declaration ‘char c’
s614364622,p02683,/mnt/d/Dev/Github/transformer-defect-prediction/data/processed/sources/p02683/C++/s614364622.cpp:19:37: error: conflicting declaration ‘std::vector<std::vector<int> > m’
s313598086,p02684,"/mnt/d/Dev/Github/transformer-defect-prediction/data/processed/sources/p02684/C++/s313598086.cpp:323:21: error: macro ‘Rsort’ requires 2 arguments, but only 1 given"
s463668617,p02685,"/mnt/d/Dev/Github/transformer-defect-prediction/data/processed/sources/p02685/C++/s463668617.cpp:240:9: error: return-statement with no value, in function returning ‘int’ [-fpermissive]"
s615449859,p02685,/mnt/d/Dev/Github/transformer-defect-prediction/data/processed/sources/p02685/C++/s615449859.cpp:69:2: error: ‘#endif’ without ‘#if’
s964090857,p02685,/mnt/d/Dev/Github/transformer-defect-prediction/data/processed/sources/p02685/C++/s964090857.cpp:24:19: error: use of ‘auto’ in template argument
s782417695,p02686,/mnt/d/Dev/Github/transformer-defect-prediction/data/processed/sources/p02686/C++/s782417695.cpp:92:16: error: conflicting declaration ‘long long int ct2’
s721852534,p02688,"/mnt/d/Dev/Github/transformer-defect-prediction/data/processed/sources/p02688/C++/s721852534.cpp:18:14: error: found ‘:’ in nested-name-specifier, expected ‘::’"
s120552030,p02688,/mnt/d/Dev/Github/transformer-defect-prediction/data/processed/sources/p02688/C++/s120552030.cpp:3:11: error: storage size of ‘d’ isn’t known
s674456123,p02689,/mnt/d/Dev/Github/transformer-defect-prediction/data/processed/sources/p02689/C++/s674456123.cpp:15:6: error: invalid types ‘int[int]’ for array subscript
s777068262,p02690,"/mnt/d/Dev/Github/transformer-defect-prediction/data/processed/sources/p02690/C++/s777068262.cpp:30:17: error: return-statement with no value, in function returning ‘int’ [-fpermissive]"
s208063271,p02690,"/mnt/d/Dev/Github/transformer-defect-prediction/data/processed/sources/p02690/C++/s208063271.cpp:27:17: error: return-statement with no value, in function returning ‘int’ [-fpermissive]"
s919227217,p02691,"/mnt/d/Dev/Github/transformer-defect-prediction/data/processed/sources/p02691/C++/s919227217.cpp:9:9: error: ‘#include’ expects ‘""FILENAME""’ or ‘<FILENAME>’"
s744626528,p02692,/mnt/d/Dev/Github/transformer-defect-prediction/data/processed/sources/p02692/C++/s744626528.cpp:139:17: error: ‘else’ without a previous ‘if’
s726366192,p02693,/mnt/d/Dev/Github/transformer-defect-prediction/data/processed/sources/p02693/C++/s726366192.cpp:6:23: error: expected ‘:’ at end of input
s964222788,p02693,/mnt/d/Dev/Github/transformer-defect-prediction/data/processed/sources/p02693/C++/s964222788.cpp:16:2: error: ‘else’ without a previous ‘if’
s501719319,p02694,/mnt/d/Dev/Github/transformer-defect-prediction/data/processed/sources/p02694/C++/s501719319.cpp:3:14: error: ‘long long’ specified with ‘double’
s512698392,p02694,/mnt/d/Dev/Github/transformer-defect-prediction/data/processed/sources/p02694/C++/s512698392.cpp:17:5: error: two or more data types in declaration of ‘x’
s861001016,p02695,/mnt/d/Dev/Github/transformer-defect-prediction/data/processed/sources/p02695/C++/s861001016.cpp:18:12: error: template argument 1 is invalid
s357191706,p02695,/mnt/d/Dev/Github/transformer-defect-prediction/data/processed/sources/p02695/C++/s357191706.cpp:37:57: error: invalid types ‘int[int]’ for array subscript
s058325569,p02695,/mnt/d/Dev/Github/transformer-defect-prediction/data/processed/sources/p02695/C++/s058325569.cpp:22:12: error: template argument 1 is invalid
s836594939,p02695,/mnt/d/Dev/Github/transformer-defect-prediction/data/processed/sources/p02695/C++/s836594939.cpp:21:12: error: template argument 1 is invalid
s071616753,p02699,"/mnt/d/Dev/Github/transformer-defect-prediction/data/processed/sources/p02699/C++/s071616753.cpp:8:9: error: return-statement with no value, in function returning ‘int’ [-fpermissive]"
s260121361,p02701,"/mnt/d/Dev/Github/transformer-defect-prediction/data/processed/sources/p02701/C++/s260121361.cpp:38:20: error: conflicting declaration ‘std::map<std::__cxx11::basic_string<char>, long long int> S’"
s677232444,p02702,"/mnt/d/Dev/Github/transformer-defect-prediction/data/processed/sources/p02702/C++/s677232444.cpp:35:13: error: macro ‘loop’ requires 3 arguments, but only 2 given"
s376430734,p02702,"/mnt/d/Dev/Github/transformer-defect-prediction/data/processed/sources/p02702/C++/s376430734.cpp:23:7: error: invalid use of non-static member function ‘void std::vector<_Tp, _Alloc>::pop_back() [with _Tp = long long int; _Alloc = std::allocator<long long int>]’"
s979195393,p02703,/mnt/d/Dev/Github/transformer-defect-prediction/data/processed/sources/p02703/C++/s979195393.cpp:52:24: error: template argument 1 is invalid
s848903723,p02703,/mnt/d/Dev/Github/transformer-defect-prediction/data/processed/sources/p02703/C++/s848903723.cpp:64:24: error: template argument 1 is invalid
s528039852,p02703,/usr/include/c++/15/bits/new_allocator.h:191:11: error: new initializer expression list treated as compound expression [-fpermissive]
s684078327,p02703,/mnt/d/Dev/Github/transformer-defect-prediction/data/processed/sources/p02703/C++/s684078327.cpp:59:37: error: template argument 1 is invalid
s821171501,p02703,/mnt/d/Dev/Github/transformer-defect-prediction/data/processed/sources/p02703/C++/s821171501.cpp:93:20: error: template argument 1 is invalid
s178443067,p02704,/mnt/d/Dev/Github/transformer-defect-prediction/data/processed/sources/p02704/C++/s178443067.cpp:75:7: error: conflicting declaration ‘using uint = uint64_t’
s156317480,p02705,/mnt/d/Dev/Github/transformer-defect-prediction/data/processed/sources/p02705/C++/s156317480.cpp:50:15: error: invalid declarator before ‘=’ token
s356344475,p02705,"/mnt/d/Dev/Github/transformer-defect-prediction/data/processed/sources/p02705/C++/s356344475.cpp:5:9: error: found ‘:’ in nested-name-specifier, expected ‘::’"
s290637408,p02706,/mnt/d/Dev/Github/transformer-defect-prediction/data/processed/sources/p02706/C++/s290637408.cpp:13:3: error: ‘else’ without a previous ‘if’
s243425616,p02707,"/mnt/d/Dev/Github/transformer-defect-prediction/data/processed/sources/p02707/C++/s243425616.cpp:14:14: error: macro ‘rep’ requires 3 arguments, but only 2 given"
s757605677,p02708,/mnt/d/Dev/Github/transformer-defect-prediction/data/processed/sources/p02708/C++/s757605677.cpp:24:15: error: ‘#’ is not followed by a macro parameter
s621465515,p02708,/mnt/d/Dev/Github/transformer-defect-prediction/data/processed/sources/p02708/C++/s621465515.cpp:16:1: error: empty character constant
s148524304,p02710,"/mnt/d/Dev/Github/transformer-defect-prediction/data/processed/sources/p02710/C++/s148524304.cpp:118:16: error: use of deleted function ‘main()::<lambda(auto:30&&, int, int)>::~<lambda>()’"
s607427783,p02710,"/mnt/d/Dev/Github/transformer-defect-prediction/data/processed/sources/p02710/C++/s607427783.cpp:119:16: error: use of deleted function ‘main()::<lambda(auto:30&&, int, int)>::~<lambda>()’"
s714827392,p02710,/mnt/d/Dev/Github/transformer-defect-prediction/data/processed/sources/p02710/C++/s714827392.cpp:3:11: error: uninitialized ‘const k’ [-fpermissive]
s351875571,p02711,"/mnt/d/Dev/Github/transformer-defect-prediction/data/processed/sources/p02711/C++/s351875571.cpp:21:37: error: return-statement with no value, in function returning ‘int’ [-fpermissive]"
s618200947,p02714,cc1plus: error: attribute ‘target’ argument ‘avx512’ is unknown
s974918507,p02718,"/mnt/d/Dev/Github/transformer-defect-prediction/data/processed/sources/p02718/C++/s974918507.cpp:14:22: error: unable to find numeric literal operator ‘operator""""M’"
s699950526,p02718,"/mnt/d/Dev/Github/transformer-defect-prediction/data/processed/sources/p02718/C++/s699950526.cpp:29:40: error: return-statement with a value, in function returning ‘void’ [-fpermissive]"
s511603146,p02718,/mnt/d/Dev/Github/transformer-defect-prediction/data/processed/sources/p02718/C++/s511603146.cpp:7:14: error: conversion from ‘double’ to ‘long unsigned int’ in a converted constant expression
s246713410,p02718,/mnt/d/Dev/Github/transformer-defect-prediction/data/processed/sources/p02718/C++/s246713410.cpp:25:17: error: invalid types ‘int [N][double]’ for array subscript
s292658977,p02718,/mnt/d/Dev/Github/transformer-defect-prediction/data/processed/sources/p02718/C++/s292658977.cpp:11:3: error: ‘long’ specified with ‘float’
s679698248,p02718,"/mnt/d/Dev/Github/transformer-defect-prediction/data/processed/sources/p02718/C++/s679698248.cpp:23:27: error: unable to find numeric literal operator ‘operator""""M’"
s352622267,p02721,/mnt/d/Dev/Github/transformer-defect-prediction/data/processed/sources/p02721/C++/s352622267.cpp:35:26: error: invalid types ‘int[int]’ for array subscript
s189130966,p02723,/mnt/d/Dev/Github/transformer-defect-prediction/data/processed/sources/p02723/C++/s189130966.cpp:7:9: error: invalid types ‘int[int]’ for array subscript
s209019921,p02724,/mnt/d/Dev/Github/transformer-defect-prediction/data/processed/sources/p02724/C++/s209019921.cpp:13:9: error: ‘else’ without a previous ‘if’
s949992981,p02725,/mnt/d/Dev/Github/transformer-defect-prediction/data/processed/sources/p02725/C++/s949992981.cpp:6:13: error: class template argument deduction failed:
s395122510,p02726,/mnt/d/Dev/Github/transformer-defect-prediction/data/processed/sources/p02726/C++/s395122510.cpp:4:1: error: empty character constant
s417113837,p02727,/mnt/d/Dev/Github/transformer-defect-prediction/data/processed/sources/p02727/C++/s417113837.cpp:5:15: error: size of array ‘e’ is not an integral constant-expression
s527647430,p02727,/mnt/d/Dev/Github/transformer-defect-prediction/data/processed/sources/p02727/C++/s527647430.cpp:55:13: error: ‘else’ without a previous ‘if’
s229445392,p02727,"/mnt/d/Dev/Github/transformer-defect-prediction/data/processed/sources/p02727/C++/s229445392.cpp:53:11: error: found ‘:’ in nested-name-specifier, expected ‘::’"
s760333059,p02727,"/mnt/d/Dev/Github/transformer-defect-prediction/data/processed/sources/p02727/C++/s760333059.cpp:26:29: error: invalid types ‘<unresolved overloaded function type>[__gnu_cxx::__alloc_traits<std::allocator<int>, int>::value_type {aka int}]’ for array subscript"
s987278049,p02727,/mnt/d/Dev/Github/transformer-defect-prediction/data/processed/sources/p02727/C++/s987278049.cpp:26:18: error: invalid types ‘int[int]’ for array subscript
s597614795,p02728,/mnt/d/Dev/Github/transformer-defect-prediction/data/processed/sources/p02728/C++/s597614795.cpp:18:37: error: local variable ‘mod’ may not appear in this context
s006927758,p02728,/usr/include/c++/15/bits/hashtable.h:210:51: error: static assertion failed: hash function must be copy constructible
s953577021,p02730,/mnt/d/Dev/Github/transformer-defect-prediction/data/processed/sources/p02730/C++/s953577021.cpp:6:22: error: conversion from ‘void’ to non-scalar type ‘std::string’ {aka ‘std::__cxx11::basic_string<char>’} requested
s665446975,p02730,/mnt/d/Dev/Github/transformer-defect-prediction/data/processed/sources/p02730/C++/s665446975.cpp:3:17: error: ‘basic_string’ is not a namespace-name
s748369144,p02732,"/mnt/d/Dev/Github/transformer-defect-prediction/data/processed/sources/p02732/C++/s748369144.cpp:23:14: error: macro ‘rep’ passed 3 arguments, but takes just 2"
s801239447,p02732,/mnt/d/Dev/Github/transformer-defect-prediction/data/processed/sources/p02732/C++/s801239447.cpp:6:18: error: cannot resolve overloaded function ‘max’ based on conversion to type ‘long unsigned int’
s215673235,p02734,/mnt/d/Dev/Github/transformer-defect-prediction/data/processed/sources/p02734/C++/s215673235.cpp:59:16: error: invalid initialization of reference of type ‘std::vector<int>&’ from expression of type ‘std::vector<long long int>’
s799725136,p02734,/mnt/d/Dev/Github/transformer-defect-prediction/data/processed/sources/p02734/C++/s799725136.cpp:59:16: error: invalid initialization of reference of type ‘std::vector<int>&’ from expression of type ‘std::vector<long long int>’
s792412411,p02735,"/mnt/d/Dev/Github/transformer-defect-prediction/data/processed/sources/p02735/C++/s792412411.cpp:18:24: error: increment of read-only location ‘std::min<long long int>(f((i + 1), j), f(i, (j + 1)))’"
s133474020,p02739,"/mnt/d/Dev/Github/transformer-defect-prediction/data/processed/sources/p02739/C++/s133474020.cpp:24:15: error: there are no arguments to ‘getchar’ that depend on a template parameter, so a declaration of ‘getchar’ must be available [-Wtemplate-body]"
s317060753,p02742,"/mnt/d/Dev/Github/transformer-defect-prediction/data/processed/sources/p02742/C++/s317060753.cpp:16:36: error: return-statement with no value, in function returning ‘int’ [-fpermissive]"
s457503465,p02742,/mnt/d/Dev/Github/transformer-defect-prediction/data/processed/sources/p02742/C++/s457503465.cpp:34:9: error: continue statement not within a loop
s322457672,p02742,/mnt/d/Dev/Github/transformer-defect-prediction/data/processed/sources/p02742/C++/s322457672.cpp:7:13: error: ‘long long long’ is too long for GCC
s052369356,p02742,/mnt/d/Dev/Github/transformer-defect-prediction/data/processed/sources/p02742/C++/s052369356.cpp:13:37: error: break statement not within loop or switch
s639820983,p02742,"/mnt/d/Dev/Github/transformer-defect-prediction/data/processed/sources/p02742/C++/s639820983.cpp:30:10: error: return-statement with no value, in function returning ‘int’ [-fpermissive]"
s906110717,p02743,/mnt/d/Dev/Github/transformer-defect-prediction/data/processed/sources/p02743/C++/s906110717.cpp:7:18: error: ‘long long’ specified with ‘double’
s988225152,p02743,/mnt/d/Dev/Github/transformer-defect-prediction/data/processed/sources/p02743/C++/s988225152.cpp:6:3: error: ‘unsigned’ specified with ‘long double’
s792419193,p02743,/mnt/d/Dev/Github/transformer-defect-prediction/data/processed/sources/p02743/C++/s792419193.cpp:8:3: error: ‘unsigned’ specified with ‘double’
s945124288,p02744,"/mnt/d/Dev/Github/transformer-defect-prediction/data/processed/sources/p02744/C++/s945124288.cpp:1:9: error: ‘#import’ expects ‘""FILENAME""’ or ‘<FILENAME>’"
s669573172,p02747,/mnt/d/Dev/Github/transformer-defect-prediction/data/processed/sources/p02747/C++/s669573172.cpp:9:16: error: conversion from ‘const char [3]’ to non-scalar type ‘std::__cxx11::regex’ {aka ‘std::__cxx11::basic_regex<char>’} requested
s090217068,p02748,/mnt/d/Dev/Github/transformer-defect-prediction/data/processed/sources/p02748/C++/s090217068.cpp:12:16: error: two or more data types in declaration of ‘type name’
s551998665,p02749,"/mnt/d/Dev/Github/transformer-defect-prediction/data/processed/sources/p02749/C++/s551998665.cpp:90:11: error: found ‘:’ in nested-name-specifier, expected ‘::’"
s924300463,p02750,/mnt/d/Dev/Github/transformer-defect-prediction/data/processed/sources/p02750/C++/s924300463.cpp:6:26: error: invalid types ‘int[int]’ for array subscript
s595096337,p02753,/mnt/d/Dev/Github/transformer-defect-prediction/data/processed/sources/p02753/C++/s595096337.cpp:7:7: error: conflicting declaration ‘int a’
s018620688,p02754,/mnt/d/Dev/Github/transformer-defect-prediction/data/processed/sources/p02754/C++/s018620688.cpp:8:18: error: conversion from ‘ldiv_t’ to non-scalar type ‘lldiv_t’ requested
s523142835,p02755,/mnt/d/Dev/Github/transformer-defect-prediction/data/processed/sources/p02755/C++/s523142835.cpp:16:9: error: ‘else’ without a previous ‘if’
s065094944,p02756,/mnt/d/Dev/Github/transformer-defect-prediction/data/processed/sources/p02756/C++/s065094944.cpp:26:11: error: empty character constant
s736487831,p02757,"/mnt/d/Dev/Github/transformer-defect-prediction/data/processed/sources/p02757/C++/s736487831.cpp:51:12: error: return-statement with a value, in function returning ‘void’ [-fpermissive]"
s723527306,p02758,/mnt/d/Dev/Github/transformer-defect-prediction/data/processed/sources/p02758/C++/s723527306.cpp:19:80: error: template argument 3 is invalid
s629930946,p02760,/mnt/d/Dev/Github/transformer-defect-prediction/data/processed/sources/p02760/C++/s629930946.cpp:33:33: error: invalid types ‘int[int]’ for array subscript
s730868299,p02760,/mnt/d/Dev/Github/transformer-defect-prediction/data/processed/sources/p02760/C++/s730868299.cpp:18:23: error: template argument 1 is invalid
s715006663,p02761,/mnt/d/Dev/Github/transformer-defect-prediction/data/processed/sources/p02761/C++/s715006663.cpp:40:19: error: invalid types ‘int[int]’ for array subscript
s751217738,p02765,/mnt/d/Dev/Github/transformer-defect-prediction/data/processed/sources/p02765/C++/s751217738.cpp:21:5: error: ‘else’ without a previous ‘if’
s674627094,p02767,/mnt/d/Dev/Github/transformer-defect-prediction/data/processed/sources/p02767/C++/s674627094.cpp:16:23: error: overloaded function with no contextual type information
s269303555,p02767,/mnt/d/Dev/Github/transformer-defect-prediction/data/processed/sources/p02767/C++/s269303555.cpp:5:10: error: too many decimal points in number
s042753312,p02769,/mnt/d/Dev/Github/transformer-defect-prediction/data/processed/sources/p02769/C++/s042753312.cpp:12:14: error: too many decimal points in number
s293792945,p02769,/mnt/d/Dev/Github/transformer-defect-prediction/data/processed/sources/p02769/C++/s293792945.cpp:53:18: error: too many decimal points in number
s870587019,p02769,/mnt/d/Dev/Github/transformer-defect-prediction/data/processed/sources/p02769/C++/s870587019.cpp:53:18: error: too many decimal points in number
s291731646,p02772,"/mnt/d/Dev/Github/transformer-defect-prediction/data/processed/sources/p02772/C++/s291731646.cpp:22:3: error: return-statement with no value, in function returning ‘int’ [-fpermissive]"
s821087921,p02772,"/mnt/d/Dev/Github/transformer-defect-prediction/data/processed/sources/p02772/C++/s821087921.cpp:10:19: error: return-statement with no value, in function returning ‘int’ [-fpermissive]"
s909500851,p02773,"/mnt/d/Dev/Github/transformer-defect-prediction/data/processed/sources/p02773/C++/s909500851.cpp:33:12: error: base operand of ‘->’ has non-pointer type ‘std::pair<const std::__cxx11::basic_string<char>, int>’"
s756716791,p02774,"/mnt/d/Dev/Github/transformer-defect-prediction/data/processed/sources/p02774/C++/s756716791.cpp:8:14: error: found ‘:’ in nested-name-specifier, expected ‘::’"
s104973416,p02775,"/mnt/d/Dev/Github/transformer-defect-prediction/data/processed/sources/p02775/C++/s104973416.cpp:39:14: error: ‘bool usi::operator>(const usi&, const usi&) const’ must have exactly one argument"
s485737519,p02775,/mnt/d/Dev/Github/transformer-defect-prediction/data/processed/sources/p02775/C++/s485737519.cpp:35:11: error: conflicting declaration ‘const int INF’
s716143899,p02775,/mnt/d/Dev/Github/transformer-defect-prediction/data/processed/sources/p02775/C++/s716143899.cpp:13:30: error: array must be initialized with a brace-enclosed initializer
s925167567,p02777,/mnt/d/Dev/Github/transformer-defect-prediction/data/processed/sources/p02777/C++/s925167567.cpp:9:7: error: two or more data types in declaration of ‘type name’
s499118403,p02777,"/mnt/d/Dev/Github/transformer-defect-prediction/data/processed/sources/p02777/C++/s499118403.cpp:12:18: error: unable to find string literal operator ‘operator""""r’ with ‘const char [2]’, ‘long unsigned int’ arguments"
s855120447,p02781,/mnt/d/Dev/Github/transformer-defect-prediction/data/processed/sources/p02781/C++/s855120447.cpp:6:18: error: narrowing conversion of ‘-2101737672’ from ‘int’ to ‘long unsigned int’ [-Wnarrowing]
s827332418,p02781,"/mnt/d/Dev/Github/transformer-defect-prediction/data/processed/sources/p02781/C++/s827332418.cpp:70:9: error: return-statement with no value, in function returning ‘int’ [-fpermissive]"
s483982910,p02782,/mnt/d/Dev/Github/transformer-defect-prediction/data/processed/sources/p02782/C++/s483982910.cpp:65:66: error: ‘constexpr’ evaluation operation count exceeds limit of 33554432 (use ‘-fconstexpr-ops-limit=’ to increase the limit)
s233130511,p02782,/mnt/d/Dev/Github/transformer-defect-prediction/data/processed/sources/p02782/C++/s233130511.cpp:37:39: error: inconsistent deduction for auto return type: ‘int’ and then ‘long long int’
s774154693,p02784,/mnt/d/Dev/Github/transformer-defect-prediction/data/processed/sources/p02784/C++/s774154693.cpp:18:22: error: conversion from ‘int’ to non-scalar type ‘std::string’ {aka ‘std::__cxx11::basic_string<char>’} requested
s175287576,p02785,/mnt/d/Dev/Github/transformer-defect-prediction/data/processed/sources/p02785/C++/s175287576.cpp:8:9: error: conflicting declaration ‘int h [n]’
s008757272,p02787,/mnt/d/Dev/Github/transformer-defect-prediction/data/processed/sources/p02787/C++/s008757272.cpp:33:59: error: invalid types ‘int [10001][__gnu_cxx::__promote<double>::__type {aka double}]’ for array subscript
s215355838,p02787,/mnt/d/Dev/Github/transformer-defect-prediction/data/processed/sources/p02787/C++/s215355838.cpp:16:14: error: too many decimal points in number
s424709228,p02787,/mnt/d/Dev/Github/transformer-defect-prediction/data/processed/sources/p02787/C++/s424709228.cpp:7:27: error: narrowing conversion of ‘1.0e+10’ from ‘double’ to ‘long long int’ [-Wnarrowing]
s799666052,p02789,"/mnt/d/Dev/Github/transformer-defect-prediction/data/processed/sources/p02789/C++/s799666052.cpp:27:6: error: need ‘typename’ before ‘std::common_type<long int, typename std::make_signed<decltype (c.size())>::type>::type’ because ‘std::common_type<long int, typename std::make_signed<decltype (c.size())>::type>’ is a dependent scope"
s935790648,p02790,/mnt/d/Dev/Github/transformer-defect-prediction/data/processed/sources/p02790/C++/s935790648.cpp:9:10: error: conflicting declaration ‘std::string a’
s100006373,p02792,/mnt/d/Dev/Github/transformer-defect-prediction/data/processed/sources/p02792/C++/s100006373.cpp:22:10: error: could not convert ‘out’ from ‘vector<int>’ to ‘vector<long long int>’
s332889170,p02793,/mnt/d/Dev/Github/transformer-defect-prediction/data/processed/sources/p02793/C++/s332889170.cpp:13:20: error: invalid type argument of unary ‘*’ (have ‘int’)
s855629216,p02793,/mnt/d/Dev/Github/transformer-defect-prediction/data/processed/sources/p02793/C++/s855629216.cpp:59:17: error: statement cannot resolve address of overloaded function [-Wtemplate-body]
s027442843,p02794,/mnt/d/Dev/Github/transformer-defect-prediction/data/processed/sources/p02794/C++/s027442843.cpp:28:21: error: template argument 2 is invalid
s566105837,p02796,/mnt/d/Dev/Github/transformer-defect-prediction/data/processed/sources/p02796/C++/s566105837.cpp:5:7: error: expected nested-name-specifier
s535478365,p02799,"/mnt/d/Dev/Github/transformer-defect-prediction/data/processed/sources/p02799/C++/s535478365.cpp:9:62: error: wrong number of template arguments (1, should be at least 2)"
s070618593,p02800,/usr/include/c++/15/bits/stl_algobase.h:910:53: error: invalid type argument of unary ‘*’ (have ‘long long int’)
s004598210,p02800,/usr/include/c++/15/bits/stl_algo.h:5125:25: error: assignment of read-only location ‘__result.std::_Rb_tree_const_iterator<long long unsigned int>::operator*()’
s784037702,p02802,/mnt/d/Dev/Github/transformer-defect-prediction/data/processed/sources/p02802/C++/s784037702.cpp:21:32: error: condition declares an array
s727689890,p02803,/mnt/d/Dev/Github/transformer-defect-prediction/data/processed/sources/p02803/C++/s727689890.cpp:112:42: error: cannot bind non-const lvalue reference of type ‘std::_Bit_reference&’ to an rvalue of type ‘std::_Bit_iterator::reference’
s438010037,p02803,/mnt/d/Dev/Github/transformer-defect-prediction/data/processed/sources/p02803/C++/s438010037.cpp:17:5: error: scalar object ‘dirh’ requires one element in initializer
s593810473,p02803,/mnt/d/Dev/Github/transformer-defect-prediction/data/processed/sources/p02803/C++/s593810473.cpp:62:5: error: ‘else’ without a previous ‘if’
s321433975,p02803,/mnt/d/Dev/Github/transformer-defect-prediction/data/processed/sources/p02803/C++/s321433975.cpp:22:13: error: size of array ‘mat’ is not an integral constant-expression
s938152177,p02804,"/mnt/d/Dev/Github/transformer-defect-prediction/data/processed/sources/p02804/C++/s938152177.cpp:94:42: error: wrong number of template arguments (1, should be 2)"
s672650284,p02804,"/mnt/d/Dev/Github/transformer-defect-prediction/data/processed/sources/p02804/C++/s672650284.cpp:70:5: error: there are no arguments to ‘assert’ that depend on a template parameter, so a declaration of ‘assert’ must be available [-Wtemplate-body]"
s368957385,p02804,/mnt/d/Dev/Github/transformer-defect-prediction/data/processed/sources/p02804/C++/s368957385.cpp:4:13: error: conversion from ‘double’ to ‘long unsigned int’ in a converted constant expression
s192328124,p02804,/mnt/d/Dev/Github/transformer-defect-prediction/data/processed/sources/p02804/C++/s192328124.cpp:4:13: error: conversion from ‘double’ to ‘long unsigned int’ in a converted constant expression
s204216653,p02805,"/mnt/d/Dev/Github/transformer-defect-prediction/data/processed/sources/p02805/C++/s204216653.cpp:409:30: error: macro ‘F0R’ passed 3 arguments, but takes just 2"
s401889625,p02805,/mnt/d/Dev/Github/transformer-defect-prediction/data/processed/sources/p02805/C++/s401889625.cpp:8:34: error: invalid types ‘double [1024][double]’ for array subscript
s139861993,p02805,"/mnt/d/Dev/Github/transformer-defect-prediction/data/processed/sources/p02805/C++/s139861993.cpp:267:15: error: unable to find numeric literal operator ‘operator"""".0’"
s064209370,p02807,/mnt/d/Dev/Github/transformer-defect-prediction/data/processed/sources/p02807/C++/s064209370.cpp:20:19: error: conversion from ‘double’ to ‘long unsigned int’ in a converted constant expression
s301946320,p02812,"/mnt/d/Dev/Github/transformer-defect-prediction/data/processed/sources/p02812/C++/s301946320.cpp:11:16: error: could not convert ‘sam.std::__cxx11::basic_string<char>::operator=(str.std::__cxx11::basic_string<char>::substr(((std::__cxx11::basic_string<char>::size_type)i), 3))’ from ‘std::__cxx11::basic_string<char>’ to ‘bool’"
s695071568,p02812,/mnt/d/Dev/Github/transformer-defect-prediction/data/processed/sources/p02812/C++/s695071568.cpp:15:12: error: no post-increment operator for type
s474826025,p02813,"/mnt/d/Dev/Github/transformer-defect-prediction/data/processed/sources/p02813/C++/s474826025.cpp:34:24: error: macro ‘rep’ passed 3 arguments, but takes just 2"
s176907377,p02813,/mnt/d/Dev/Github/transformer-defect-prediction/data/processed/sources/p02813/C++/s176907377.cpp:26:41: error: use of ‘P’ before deduction of ‘auto’
s131603448,p02814,"/mnt/d/Dev/Github/transformer-defect-prediction/data/processed/sources/p02814/C++/s131603448.cpp:189:13: error: return-statement with no value, in function returning ‘int’ [-fpermissive]"
s498355601,p02814,"/mnt/d/Dev/Github/transformer-defect-prediction/data/processed/sources/p02814/C++/s498355601.cpp:63:20: error: macro ‘REPN’ requires 3 arguments, but only 1 given"
s276095897,p02814,/mnt/d/Dev/Github/transformer-defect-prediction/data/processed/sources/p02814/C++/s276095897.cpp:58:6: error: conflicting declaration ‘long long int a’
s126826232,p02816,/mnt/d/Dev/Github/transformer-defect-prediction/data/processed/sources/p02816/C++/s126826232.cpp:36:7: error: conflicting declaration ‘using ulong = long long unsigned int’
s597420187,p02817,/mnt/d/Dev/Github/transformer-defect-prediction/data/processed/sources/p02817/C++/s597420187.cpp:35:15: error: conflicting declaration ‘std::string t’
s972785965,p02820,/mnt/d/Dev/Github/transformer-defect-prediction/data/processed/sources/p02820/C++/s972785965.cpp:14:9: error: invalid types ‘int[int]’ for array subscript
s311979759,p02821,/mnt/d/Dev/Github/transformer-defect-prediction/data/processed/sources/p02821/C++/s311979759.cpp:33:17: error: invalid initialization of reference of type ‘std::vector<int>&’ from expression of type ‘std::vector<long long int>’
s381467292,p02824,"/mnt/d/Dev/Github/transformer-defect-prediction/data/processed/sources/p02824/C++/s381467292.cpp:62:18: error: conflicting declaration ‘std::map<long long int, long long int> m’"
s329208754,p02826,/mnt/d/Dev/Github/transformer-defect-prediction/data/processed/sources/p02826/C++/s329208754.cpp:67:29: error: cannot bind non-const lvalue reference of type ‘int&’ to a value of type ‘ll’ {aka ‘long long int’}
s788323369,p02827,"/mnt/d/Dev/Github/transformer-defect-prediction/data/processed/sources/p02827/C++/s788323369.cpp:54:12: error: return-statement with a value, in function returning ‘void’ [-fpermissive]"
s830714717,p02829,/usr/include/c++/15/bits/stl_algo.h:1781:17: error: no type named ‘value_type’ in ‘struct std::iterator_traits<int>’
s221470130,p02829,/mnt/d/Dev/Github/transformer-defect-prediction/data/processed/sources/p02829/C++/s221470130.cpp:12:5: error: invalid types ‘int[int]’ for array subscript
s595668300,p02830,/mnt/d/Dev/Github/transformer-defect-prediction/data/processed/sources/p02830/C++/s595668300.cpp:12:7: error: statement cannot resolve address of overloaded function
s320447264,p02832,/mnt/d/Dev/Github/transformer-defect-prediction/data/processed/sources/p02832/C++/s320447264.cpp:28:7: error: ‘else’ without a previous ‘if’
s165411204,p02833,"/mnt/d/Dev/Github/transformer-defect-prediction/data/processed/sources/p02833/C++/s165411204.cpp:13:16: error: return-statement with no value, in function returning ‘int’ [-fpermissive]"
s340342302,p02833,"/mnt/d/Dev/Github/transformer-defect-prediction/data/processed/sources/p02833/C++/s340342302.cpp:1:9: error: ‘#include’ expects ‘""FILENAME""’ or ‘<FILENAME>’"
s867351356,p02834,/mnt/d/Dev/Github/transformer-defect-prediction/data/processed/sources/p02834/C++/s867351356.cpp:122:17: error: invalid types ‘<unresolved overloaded function type>[int]’ for array subscript
s412392111,p02835,/mnt/d/Dev/Github/transformer-defect-prediction/data/processed/sources/p02835/C++/s412392111.cpp:51:5: error: conflicting declaration ‘int a [10000]’
s406059122,p02836,/mnt/d/Dev/Github/transformer-defect-prediction/data/processed/sources/p02836/C++/s406059122.cpp:9:29: error: no ‘operator++(int)’ declared for postfix ‘++’ [-fpermissive]
s336685508,p02838,/mnt/d/Dev/Github/transformer-defect-prediction/data/processed/sources/p02838/C++/s336685508.cpp:1626:14: error: invalid use of non-static member function ‘LL ModInt::getNumber() const’
s582767236,p02839,/mnt/d/Dev/Github/transformer-defect-prediction/data/processed/sources/p02839/C++/s582767236.cpp:23:17: error: cannot bind non-const lvalue reference of type ‘bool&’ to an rvalue of type ‘bool’
s519570786,p02840,"/mnt/d/Dev/Github/transformer-defect-prediction/data/processed/sources/p02840/C++/s519570786.cpp:174:33: error: return-statement with no value, in function returning ‘int’ [-fpermissive]"
s575751989,p02844,/mnt/d/Dev/Github/transformer-defect-prediction/data/processed/sources/p02844/C++/s575751989.cpp:9:12: error: conflicting declaration ‘std::string a’
s738011392,p02845,/mnt/d/Dev/Github/transformer-defect-prediction/data/processed/sources/p02845/C++/s738011392.cpp:61:12: error: no ‘operator++(int)’ declared for postfix ‘++’ [-fpermissive]
s425609133,p02845,"/mnt/d/Dev/Github/transformer-defect-prediction/data/processed/sources/p02845/C++/s425609133.cpp:238:23: error: variable ‘std::array<long long int, 3> c’ has initializer but incomplete type"
s219630507,p02847,/mnt/d/Dev/Github/transformer-defect-prediction/data/processed/sources/p02847/C++/s219630507.cpp:31:12: error: switch quantity not an integer
s224193308,p02847,/mnt/d/Dev/Github/transformer-defect-prediction/data/processed/sources/p02847/C++/s224193308.cpp:6:17: error: switch quantity not an integer
s458571930,p02847,/mnt/d/Dev/Github/transformer-defect-prediction/data/processed/sources/p02847/C++/s458571930.cpp:6:1: error: ‘std::string’ {aka ‘std::__cxx11::basic_string<char>’} is not a template
s048535344,p02848,/mnt/d/Dev/Github/transformer-defect-prediction/data/processed/sources/p02848/C++/s048535344.cpp:5:16: error: conflicting declaration ‘std::string N’
s283903143,p02848,/mnt/d/Dev/Github/transformer-defect-prediction/data/processed/sources/p02848/C++/s283903143.cpp:17:9: error: no ‘operator++(int)’ declared for postfix ‘++’ [-fpermissive]
s426652485,p02851,/mnt/d/Dev/Github/transformer-defect-prediction/data/processed/sources/p02851/C++/s426652485.cpp:39:28: error: no ‘operator++(int)’ declared for postfix ‘++’ [-fpermissive]
s625938415,p02852,/mnt/d/Dev/Github/transformer-defect-prediction/data/processed/sources/p02852/C++/s625938415.cpp:28:9: error: conflicting declaration ‘int s’
s450240898,p02854,"/mnt/d/Dev/Github/transformer-defect-prediction/data/processed/sources/p02854/C++/s450240898.cpp:36:13: error: macro ‘repa’ requires 3 arguments, but only 2 given"
s459466910,p02860,"/mnt/d/Dev/Github/transformer-defect-prediction/data/processed/sources/p02860/C++/s459466910.cpp:11:20: error: unable to find numeric literal operator ‘operator""""n’"
s772615809,p02860,"/mnt/d/Dev/Github/transformer-defect-prediction/data/processed/sources/p02860/C++/s772615809.cpp:9:5: error: return-statement with no value, in function returning ‘int’ [-fpermissive]"
s549468321,p02860,/mnt/d/Dev/Github/transformer-defect-prediction/data/processed/sources/p02860/C++/s549468321.cpp:12:7: error: break statement not within loop or switch
s118332475,p02861,/mnt/d/Dev/Github/transformer-defect-prediction/data/processed/sources/p02861/C++/s118332475.cpp:38:12: error: overloaded function with no contextual type information
s464070312,p02862,/mnt/d/Dev/Github/transformer-defect-prediction/data/processed/sources/p02862/C++/s464070312.cpp:170:10: error: invalid types ‘<unresolved overloaded function type>[int]’ for array subscript [-Wtemplate-body]
s113879692,p02862,"/mnt/d/Dev/Github/transformer-defect-prediction/data/processed/sources/p02862/C++/s113879692.cpp:38:9: error: unable to find numeric literal operator ‘operator""""n’"
s427339632,p02862,/mnt/d/Dev/Github/transformer-defect-prediction/data/processed/sources/p02862/C++/s427339632.cpp:4:17: error: cannot resolve overloaded function ‘max’ based on conversion to type ‘long unsigned int’
s714631423,p02866,/mnt/d/Dev/Github/transformer-defect-prediction/data/processed/sources/p02866/C++/s714631423.cpp:37:23: error: invalid types ‘ll {aka long long int}[int]’ for array subscript
s819476158,p02866,/mnt/d/Dev/Github/transformer-defect-prediction/data/processed/sources/p02866/C++/s819476158.cpp:29:29: error: break statement not within loop or switch
s987845376,p02869,"/mnt/d/Dev/Github/transformer-defect-prediction/data/processed/sources/p02869/C++/s987845376.cpp:20:16: error: return-statement with a value, in function returning ‘void’ [-fpermissive]"
s342971511,p02869,"/mnt/d/Dev/Github/transformer-defect-prediction/data/processed/sources/p02869/C++/s342971511.cpp:12:9: error: return-statement with no value, in function returning ‘int’ [-fpermissive]"
s356852539,p02869,"/mnt/d/Dev/Github/transformer-defect-prediction/data/processed/sources/p02869/C++/s356852539.cpp:20:16: error: return-statement with a value, in function returning ‘void’ [-fpermissive]"
s509350625,p02869,"/mnt/d/Dev/Github/transformer-defect-prediction/data/processed/sources/p02869/C++/s509350625.cpp:29:49: error: unable to find numeric literal operator ‘operator""""n’"
s122384342,p02872,/usr/include/c++/15/bits/new_allocator.h:191:11: error: new initializer expression list treated as compound expression [-fpermissive]
s380916547,p02875,"/mnt/d/Dev/Github/transformer-defect-prediction/data/processed/sources/p02875/C++/s380916547.cpp:24:16: error: return-statement with no value, in function returning ‘int’ [-fpermissive]"
s238661859,p02875,/mnt/d/Dev/Github/transformer-defect-prediction/data/processed/sources/p02875/C++/s238661859.cpp:1:43: error: ‘#pragma GCC optimize’ string is badly formed
s542280430,p02877,/mnt/d/Dev/Github/transformer-defect-prediction/data/processed/sources/p02877/C++/s542280430.cpp:11:13: error: template argument 1 is invalid
s574369369,p02877,/mnt/d/Dev/Github/transformer-defect-prediction/data/processed/sources/p02877/C++/s574369369.cpp:12:28: error: narrowing conversion of ‘1.0e+9’ from ‘double’ to ‘int’ [-Wnarrowing]
s176150847,p02880,/mnt/d/Dev/Github/transformer-defect-prediction/data/processed/sources/p02880/C++/s176150847.cpp:16:17: error: use of an operand of type ‘bool’ in ‘operator++’ is forbidden in C++17
s717077490,p02880,"/mnt/d/Dev/Github/transformer-defect-prediction/data/processed/sources/p02880/C++/s717077490.cpp:26:25: error: macro ‘REP’ passed 3 arguments, but takes just 2"
s145611410,p02880,"/mnt/d/Dev/Github/transformer-defect-prediction/data/processed/sources/p02880/C++/s145611410.cpp:12:13: error: return-statement with no value, in function returning ‘int’ [-fpermissive]"
s226966995,p02881,"/mnt/d/Dev/Github/transformer-defect-prediction/data/processed/sources/p02881/C++/s226966995.cpp:11:20: error: type/value mismatch at argument 1 in template parameter list for ‘template<class _Tp, class _Alloc> class std::vector’"
s353314385,p02882,/mnt/d/Dev/Github/transformer-defect-prediction/data/processed/sources/p02882/C++/s353314385.cpp:7:8: error: ‘long long’ specified with ‘double’
s529543876,p02883,/mnt/d/Dev/Github/transformer-defect-prediction/data/processed/sources/p02883/C++/s529543876.cpp:327:9: error: ‘else’ without a previous ‘if’
s000463436,p02885,"/mnt/d/Dev/Github/transformer-defect-prediction/data/processed/sources/p02885/C++/s000463436.cpp:6:7: error: unable to find numeric literal operator ‘operator""""B’"
s814103498,p02885,/mnt/d/Dev/Github/transformer-defect-prediction/data/processed/sources/p02885/C++/s814103498.cpp:48:12: error: fixed-point types not supported in C++
s433229217,p02886,/mnt/d/Dev/Github/transformer-defect-prediction/data/processed/sources/p02886/C++/s433229217.cpp:18:19: error: invalid types ‘int[int]’ for array subscript
s381629379,p02887,/mnt/d/Dev/Github/transformer-defect-prediction/data/processed/sources/p02887/C++/s381629379.cpp:6:15: error: empty character constant
s914129741,p02887,/mnt/d/Dev/Github/transformer-defect-prediction/data/processed/sources/p02887/C++/s914129741.cpp:9:9: error: overloaded function with no contextual type information
s887096608,p02887,/mnt/d/Dev/Github/transformer-defect-prediction/data/processed/sources/p02887/C++/s887096608.cpp:36:15: error: expected primary-expression at end of input
s721789504,p02888,/mnt/d/Dev/Github/transformer-defect-prediction/data/processed/sources/p02888/C++/s721789504.cpp:20: error: unterminated #ifdef
s184725070,p02888,"/mnt/d/Dev/Github/transformer-defect-prediction/data/processed/sources/p02888/C++/s184725070.cpp:10:11: error: macro ‘rep’ requires 3 arguments, but only 2 given"
s951251988,p02888,/usr/include/c++/15/bits/stl_algo.h:1781:17: error: no type named ‘value_type’ in ‘struct std::iterator_traits<int>’
s914550390,p02890,/mnt/d/Dev/Github/transformer-defect-prediction/data/processed/sources/p02890/C++/s914550390.cpp:25:23: error: conversion from ‘vector<int>’ to non-scalar type ‘vector<long long int>’ requested
s880997627,p02894,/mnt/d/Dev/Github/transformer-defect-prediction/data/processed/sources/p02894/C++/s880997627.cpp:75:49: error: invalid initialization of reference of type ‘const mpnt&’ from expression of type ‘std::complex<double>’
s761210920,p02898,/mnt/d/Dev/Github/transformer-defect-prediction/data/processed/sources/p02898/C++/s761210920.cpp:20:8: error: break statement not within loop or switch
s542355570,p02900,/mnt/d/Dev/Github/transformer-defect-prediction/data/processed/sources/p02900/C++/s542355570.cpp:9:11: error: invalid type argument of unary ‘*’ (have ‘double’)
s005087598,p02903,/mnt/d/Dev/Github/transformer-defect-prediction/data/processed/sources/p02903/C++/s005087598.cpp:23:16: error: empty character constant
s798006211,p02903,/mnt/d/Dev/Github/transformer-defect-prediction/data/processed/sources/p02903/C++/s798006211.cpp:51:43: error: array must be initialized with a brace-enclosed initializer
s871237046,p02905,/mnt/d/Dev/Github/transformer-defect-prediction/data/processed/sources/p02905/C++/s871237046.cpp:5:4: error: invalid digit ‘8’ in octal constant
s737695210,p02905,/mnt/d/Dev/Github/transformer-defect-prediction/data/processed/sources/p02905/C++/s737695210.cpp:24:13: error: ‘long long long’ is too long for GCC
s278513719,p02905,/mnt/d/Dev/Github/transformer-defect-prediction/data/processed/sources/p02905/C++/s278513719.cpp:20:12: error: conversion from ‘double’ to ‘long unsigned int’ in a converted constant expression
s436623531,p02906,"/mnt/d/Dev/Github/transformer-defect-prediction/data/processed/sources/p02906/C++/s436623531.cpp:83:7: error: return-statement with no value, in function returning ‘int’ [-fpermissive]"
s484713306,p02908,/mnt/d/Dev/Github/transformer-defect-prediction/data/processed/sources/p02908/C++/s484713306.cpp:49:28: error: cannot bind non-const lvalue reference of type ‘int&’ to a value of type ‘long long int’
s141365951,p02909,/mnt/d/Dev/Github/transformer-defect-prediction/data/processed/sources/p02909/C++/s141365951.cpp:6:10: error: switch quantity not an integer
s987887961,p02909,/mnt/d/Dev/Github/transformer-defect-prediction/data/processed/sources/p02909/C++/s987887961.cpp:8:10: error: switch quantity not an integer
s934873380,p02909,/mnt/d/Dev/Github/transformer-defect-prediction/data/processed/sources/p02909/C++/s934873380.cpp:12:29: error: conversion from ‘const char [6]’ to non-scalar type ‘std::vector<std::__cxx11::basic_string<char> >’ requested
s344226394,p02910,"/mnt/d/Dev/Github/transformer-defect-prediction/data/processed/sources/p02910/C++/s344226394.cpp:15:9: error: return-statement with no value, in function returning ‘int’ [-fpermissive]"
s635031089,p02910,/mnt/d/Dev/Github/transformer-defect-prediction/data/processed/sources/p02910/C++/s635031089.cpp:30:2: error: expected class-name at end of input
s932297415,p02911,/mnt/d/Dev/Github/transformer-defect-prediction/data/processed/sources/p02911/C++/s932297415.cpp:324:10: error: invalid types ‘long long int[long long int]’ for array subscript
s900714047,p02911,/mnt/d/Dev/Github/transformer-defect-prediction/data/processed/sources/p02911/C++/s900714047.cpp:7:6: error: invalid types ‘int[int]’ for array subscript
s697066886,p02911,/mnt/d/Dev/Github/transformer-defect-prediction/data/processed/sources/p02911/C++/s697066886.cpp:7:6: error: invalid types ‘int[int]’ for array subscript
s302893667,p02915,/mnt/d/Dev/Github/transformer-defect-prediction/data/processed/sources/p02915/C++/s302893667.cpp:9:13: error: invalid type argument of unary ‘*’ (have ‘int’)
s928937503,p02915,/mnt/d/Dev/Github/transformer-defect-prediction/data/processed/sources/p02915/C++/s928937503.cpp:7:14: error: invalid type argument of unary ‘*’ (have ‘int’)
s233815111,p02915,/mnt/d/Dev/Github/transformer-defect-prediction/data/processed/sources/p02915/C++/s233815111.cpp:8:14: error: invalid type argument of unary ‘*’ (have ‘int’)
s197661358,p02915,/mnt/d/Dev/Github/transformer-defect-prediction/data/processed/sources/p02915/C++/s197661358.cpp:7:11: error: invalid type argument of unary ‘*’ (have ‘int’)
s637338012,p02917,/mnt/d/Dev/Github/transformer-defect-prediction/data/processed/sources/p02917/C++/s637338012.cpp:9:12: error: invalid types ‘int[int]’ for array subscript
s975272196,p02917,/mnt/d/Dev/Github/transformer-defect-prediction/data/processed/sources/p02917/C++/s975272196.cpp:26:2: error: expected class-name at end of input
s661006473,p02920,/mnt/d/Dev/Github/transformer-defect-prediction/data/processed/sources/p02920/C++/s661006473.cpp:50:20: error: class template argument deduction failed:
s776604837,p02923,/mnt/d/Dev/Github/transformer-defect-prediction/data/processed/sources/p02923/C++/s776604837.cpp:19:17: error: invalid types ‘int[int]’ for array subscript
s504829613,p02925,/usr/include/c++/15/bits/hashtable.h:210:51: error: static assertion failed: hash function must be copy constructible
s292555058,p02925,"/mnt/d/Dev/Github/transformer-defect-prediction/data/processed/sources/p02925/C++/s292555058.cpp:42:33: error: return-statement with no value, in function returning ‘int’ [-fpermissive]"
s813842643,p02927,/mnt/d/Dev/Github/transformer-defect-prediction/data/processed/sources/p02927/C++/s813842643.cpp:10:25: error: template argument 1 is invalid
s475460769,p02929,"/mnt/d/Dev/Github/transformer-defect-prediction/data/processed/sources/p02929/C++/s475460769.cpp:45:12: error: unable to find numeric literal operator ‘operator""""N’"
s903913150,p02930,/mnt/d/Dev/Github/transformer-defect-prediction/data/processed/sources/p02930/C++/s903913150.cpp:7:1: error: ‘f’ declared as function returning a function
s968966951,p02933,/mnt/d/Dev/Github/transformer-defect-prediction/data/processed/sources/p02933/C++/s968966951.cpp:38:12: error: non-local lambda expression cannot have a capture-default
s930447172,p02933,/mnt/d/Dev/Github/transformer-defect-prediction/data/processed/sources/p02933/C++/s930447172.cpp:16:3: error: ‘else’ without a previous ‘if’
s881403650,p02933,/mnt/d/Dev/Github/transformer-defect-prediction/data/processed/sources/p02933/C++/s881403650.cpp:2:17: error: ‘td’ is not a namespace-name
s546093548,p02934,/mnt/d/Dev/Github/transformer-defect-prediction/data/processed/sources/p02934/C++/s546093548.cpp:11:13: error: invalid types ‘int[int]’ for array subscript
s760084493,p02935,/mnt/d/Dev/Github/transformer-defect-prediction/data/processed/sources/p02935/C++/s760084493.cpp:2:17: error: ‘std；’ is not a namespace-name
s122493831,p02935,/mnt/d/Dev/Github/transformer-defect-prediction/data/processed/sources/p02935/C++/s122493831.cpp:13:14: error: ‘long long’ specified with ‘double’
s029523185,p02936,/mnt/d/Dev/Github/transformer-defect-prediction/data/processed/sources/p02936/C++/s029523185.cpp:22:6: error: variable or field ‘dfs’ declared void
s939933725,p02937,"/mnt/d/Dev/Github/transformer-defect-prediction/data/processed/sources/p02937/C++/s939933725.cpp:99:51: error: return-statement with no value, in function returning ‘int’ [-fpermissive]"
s174689479,p02937,/mnt/d/Dev/Github/transformer-defect-prediction/data/processed/sources/p02937/C++/s174689479.cpp:39:46: error: invalid initialization of reference of type ‘std::set<int>&’ from expression of type ‘std::set<long long int>’
s105363514,p02937,"/mnt/d/Dev/Github/transformer-defect-prediction/data/processed/sources/p02937/C++/s105363514.cpp:22:25: error: return-statement with no value, in function returning ‘int’ [-fpermissive]"
s409294532,p02937,"/mnt/d/Dev/Github/transformer-defect-prediction/data/processed/sources/p02937/C++/s409294532.cpp:186:20: error: return-statement with a value, in function returning ‘void’ [-fpermissive]"
s111782063,p02939,/mnt/d/Dev/Github/transformer-defect-prediction/data/processed/sources/p02939/C++/s111782063.cpp:8:23: error: overloaded function with no contextual type information
s896119911,p02939,"/mnt/d/Dev/Github/transformer-defect-prediction/data/processed/sources/p02939/C++/s896119911.cpp:9:17: error: conversion from ‘__gnu_cxx::__alloc_traits<std::allocator<char>, char>::value_type’ {aka ‘char’} to non-scalar type ‘std::string’ {aka ‘std::__cxx11::basic_string<char>’} requested"
s033706264,p02941,"/mnt/d/Dev/Github/transformer-defect-prediction/data/processed/sources/p02941/C++/s033706264.cpp:123:25: error: return-statement with no value, in function returning ‘int’ [-fpermissive]"
s726173609,p02946,/mnt/d/Dev/Github/transformer-defect-prediction/data/processed/sources/p02946/C++/s726173609.cpp:8:18: error: fixed-point types not supported in C++
s639259652,p02946,/mnt/d/Dev/Github/transformer-defect-prediction/data/processed/sources/p02946/C++/s639259652.cpp:20:15: error: expected primary-expression at end of input
s920838853,p02947,"/mnt/d/Dev/Github/transformer-defect-prediction/data/processed/sources/p02947/C++/s920838853.cpp:15:54: error: conversion from ‘_Rb_tree_iterator<pair<[...],int>>’ to non-scalar type ‘_Rb_tree_iterator<pair<[...],long long int>>’ requested"
s155881426,p02947,/usr/include/c++/15/bits/stl_algobase.h:1643:13: error: no type named ‘iterator_category’ in ‘struct std::iterator_traits<int>’
s646765118,p02948,/mnt/d/Dev/Github/transformer-defect-prediction/data/processed/sources/p02948/C++/s646765118.cpp:27:21: error: declaration of ‘operator<’ as non-function
s358826329,p02948,/mnt/d/Dev/Github/transformer-defect-prediction/data/processed/sources/p02948/C++/s358826329.cpp:10:19: error: wrong type argument to unary minus
s543864394,p02949,/mnt/d/Dev/Github/transformer-defect-prediction/data/processed/sources/p02949/C++/s543864394.cpp:21:14: error: invalid declarator before ‘g’
s833297582,p02950,/mnt/d/Dev/Github/transformer-defect-prediction/data/processed/sources/p02950/C++/s833297582.cpp:90:88: error: invalid types ‘ll {aka long long int}[ll {aka long long int}]’ for array subscript
s095777197,p02951,/mnt/d/Dev/Github/transformer-defect-prediction/data/processed/sources/p02951/C++/s095777197.cpp:4:9: error: ‘unsigned’ specified with ‘long double’
s219351267,p02953,/mnt/d/Dev/Github/transformer-defect-prediction/data/processed/sources/p02953/C++/s219351267.cpp:17:9: error: ‘else’ without a previous ‘if’
s380636076,p02954,/mnt/d/Dev/Github/transformer-defect-prediction/data/processed/sources/p02954/C++/s380636076.cpp:8:19: error: conflicting declaration ‘typedef long long int ll’
s382956586,p02957,/mnt/d/Dev/Github/transformer-defect-prediction/data/processed/sources/p02957/C++/s382956586.cpp:8:31: error: operands to ‘?:’ have different types ‘int’ and ‘const char*’
s161943169,p02957,/mnt/d/Dev/Github/transformer-defect-prediction/data/processed/sources/p02957/C++/s161943169.cpp:8:23: error: invalid type argument of unary ‘*’ (have ‘int’)
s416432834,p02959,/mnt/d/Dev/Github/transformer-defect-prediction/data/processed/sources/p02959/C++/s416432834.cpp:11:18: error: invalid types ‘int[int]’ for array subscript
s058774364,p02964,/mnt/d/Dev/Github/transformer-defect-prediction/data/processed/sources/p02964/C++/s058774364.cpp:77:23: error: expression list treated as compound expression in initializer [-fpermissive]
s569611084,p02969,/mnt/d/Dev/Github/transformer-defect-prediction/data/processed/sources/p02969/C++/s569611084.cpp:13:24: error: declaration of ‘ts ... ts’ shadows template parameter
s748753080,p02970,"/mnt/d/Dev/Github/transformer-defect-prediction/data/processed/sources/p02970/C++/s748753080.cpp:7:18: error: unable to find numeric literal operator ‘operator""""d’"
s143936898,p02970,"/mnt/d/Dev/Github/transformer-defect-prediction/data/processed/sources/p02970/C++/s143936898.cpp:8:18: error: unable to find numeric literal operator ‘operator""""D’"
s471565697,p02970,"/mnt/d/Dev/Github/transformer-defect-prediction/data/processed/sources/p02970/C++/s471565697.cpp:372:18: error: unable to find numeric literal operator ‘operator""""D’"
s838270509,p02971,/mnt/d/Dev/Github/transformer-defect-prediction/data/processed/sources/p02971/C++/s838270509.cpp:8:11: error: conflicting declaration ‘const int N’
s631129274,p02972,/mnt/d/Dev/Github/transformer-defect-prediction/data/processed/sources/p02972/C++/s631129274.cpp:12:22: error: no post-increment operator for type
s112673392,p02972,/mnt/d/Dev/Github/transformer-defect-prediction/data/processed/sources/p02972/C++/s112673392.cpp:135:16: error: could not convert ‘ans’ from ‘vi’ {aka ‘std::vector<int>’} to ‘bool’
s026388973,p02972,"/mnt/d/Dev/Github/transformer-defect-prediction/data/processed/sources/p02972/C++/s026388973.cpp:22:29: error: macro ‘rep’ requires 2 arguments, but only 1 given"
s654353570,p02972,/mnt/d/Dev/Github/transformer-defect-prediction/data/processed/sources/p02972/C++/s654353570.cpp:79:36: error: conversion from ‘vector<long int>’ to non-scalar type ‘vector<long long int>’ requested
s677571933,p02983,"/mnt/d/Dev/Github/transformer-defect-prediction/data/processed/sources/p02983/C++/s677571933.cpp:11:9: error: return-statement with no value, in function returning ‘int’ [-fpermissive]"
s150405009,p02985,/mnt/d/Dev/Github/transformer-defect-prediction/data/processed/sources/p02985/C++/s150405009.cpp:43:16: error: inconsistent types ‘int’ and ‘long long int’ deduced for lambda return type
s149874242,p02987,/mnt/d/Dev/Github/transformer-defect-prediction/data/processed/sources/p02987/C++/s149874242.cpp:11:3: error: ‘else’ without a previous ‘if’
s375501783,p02987,/mnt/d/Dev/Github/transformer-defect-prediction/data/processed/sources/p02987/C++/s375501783.cpp:16:11: error: ‘else’ without a previous ‘if’
s641710619,p02990,/mnt/d/Dev/Github/transformer-defect-prediction/data/processed/sources/p02990/C++/s641710619.cpp:51:7: error: size of array ‘f’ is not an integral constant-expression
s236864653,p02990,"/mnt/d/Dev/Github/transformer-defect-prediction/data/processed/sources/p02990/C++/s236864653.cpp:18:10: error: return-statement with a value, in function returning ‘void’ [-fpermissive]"
s652660637,p02992,"/mnt/d/Dev/Github/transformer-defect-prediction/data/processed/sources/p02992/C++/s652660637.cpp:5:22: error: unable to find numeric literal operator ‘operator""""；’"
s262517082,p02993,/mnt/d/Dev/Github/transformer-defect-prediction/data/processed/sources/p02993/C++/s262517082.cpp:11:21: error: invalid types ‘char[int]’ for array subscript
s105681378,p02994,"/mnt/d/Dev/Github/transformer-defect-prediction/data/processed/sources/p02994/C++/s105681378.cpp:41:16: error: conversion from ‘int’ to non-scalar type ‘PII’ {aka ‘std::pair<int, int>’} requested"
s153779885,p02999,"/mnt/d/Dev/Github/transformer-defect-prediction/data/processed/sources/p02999/C++/s153779885.cpp:10:11: error: unable to find numeric literal operator ‘operator""""；’"
s117035454,p03000,/mnt/d/Dev/Github/transformer-defect-prediction/data/processed/sources/p03000/C++/s117035454.cpp:12:7: error: conflicting declaration ‘int arr [0]’
s018327007,p03001,/mnt/d/Dev/Github/transformer-defect-prediction/data/processed/sources/p03001/C++/s018327007.cpp:3:17: error: ‘long long’ specified with ‘double’
s851350413,p03003,/mnt/d/Dev/Github/transformer-defect-prediction/data/processed/sources/p03003/C++/s851350413.cpp:9:114: error: assignment of read-only variable ‘i’
s090217677,p03004,/mnt/d/Dev/Github/transformer-defect-prediction/data/processed/sources/p03004/C++/s090217677.cpp:2:9: error: macro names must be identifiers
s542436344,p03004,"/mnt/d/Dev/Github/transformer-defect-prediction/data/processed/sources/p03004/C++/s542436344.cpp:67:45: error: macro ‘FOR’ requires 3 arguments, but only 2 given"
s983256241,p03005,"/mnt/d/Dev/Github/transformer-defect-prediction/data/processed/sources/p03005/C++/s983256241.cpp:26:9: error: return-statement with no value, in function returning ‘int’ [-fpermissive]"
s929314120,p03006,/mnt/d/Dev/Github/transformer-defect-prediction/data/processed/sources/p03006/C++/s929314120.cpp:11:27: error: conflicting declaration ‘std::vector<int> a’
s674261549,p03006,"/mnt/d/Dev/Github/transformer-defect-prediction/data/processed/sources/p03006/C++/s674261549.cpp:26:9: error: return-statement with no value, in function returning ‘int’ [-fpermissive]"
s203687419,p03008,/mnt/d/Dev/Github/transformer-defect-prediction/data/processed/sources/p03008/C++/s203687419.cpp:37:47: error: template argument 1 is invalid
s419742152,p03010,/mnt/d/Dev/Github/transformer-defect-prediction/data/processed/sources/p03010/C++/s419742152.cpp:65:4: error: ambiguating new declaration of ‘LL random()’
s797684173,p03014,/mnt/d/Dev/Github/transformer-defect-prediction/data/processed/sources/p03014/C++/s797684173.cpp:80:18: error: invalid type argument of unary ‘*’ (have ‘int’)
s913919811,p03015,/mnt/d/Dev/Github/transformer-defect-prediction/data/processed/sources/p03015/C++/s913919811.cpp:39:26: error: cannot bind non-const lvalue reference of type ‘std::string&’ {aka ‘std::__cxx11::basic_string<char>&’} to an rvalue of type ‘std::__cxx11::basic_string<char>’
s325100385,p03019,/mnt/d/Dev/Github/transformer-defect-prediction/data/processed/sources/p03019/C++/s325100385.cpp:62:20: error: inconsistent types ‘long long int’ and ‘long int’ deduced for lambda return type
s147991355,p03024,/mnt/d/Dev/Github/transformer-defect-prediction/data/processed/sources/p03024/C++/s147991355.cpp:10:12: error: invalid types ‘int[int]’ for array subscript
s600393364,p03026,"/mnt/d/Dev/Github/transformer-defect-prediction/data/processed/sources/p03026/C++/s600393364.cpp:71:26: error: macro ‘rep’ requires 2 arguments, but only 1 given"
s837223389,p03027,/mnt/d/Dev/Github/transformer-defect-prediction/data/processed/sources/p03027/C++/s837223389.cpp:50:5: error: ‘else’ without a previous ‘if’
s680873235,p03027,/mnt/d/Dev/Github/transformer-defect-prediction/data/processed/sources/p03027/C++/s680873235.cpp:17:14: error: cannot resolve overloaded function ‘tgamma’ based on conversion to type ‘double’
s431416019,p03027,/mnt/d/Dev/Github/transformer-defect-prediction/data/processed/sources/p03027/C++/s431416019.cpp:17:14: error: cannot resolve overloaded function ‘tgamma’ based on conversion to type ‘double’
s546557953,p03027,/mnt/d/Dev/Github/transformer-defect-prediction/data/processed/sources/p03027/C++/s546557953.cpp:280:33: error: non-local lambda expression cannot have a capture-default
s403157064,p03028,/mnt/d/Dev/Github/transformer-defect-prediction/data/processed/sources/p03028/C++/s403157064.cpp:4:11: error: size of array ‘a’ is not an integral constant-expression
s716751931,p03030,/usr/include/c++/15/variant:103:25: error: static assertion failed
s863907624,p03030,/mnt/d/Dev/Github/transformer-defect-prediction/data/processed/sources/p03030/C++/s863907624.cpp:12:23: error: cannot bind non-const lvalue reference of type ‘int&’ to an rvalue of type ‘int’
s567100037,p03033,/mnt/d/Dev/Github/transformer-defect-prediction/data/processed/sources/p03033/C++/s567100037.cpp:23:54: error: expression list treated as compound expression in initializer [-fpermissive]
s067427441,p03035,/mnt/d/Dev/Github/transformer-defect-prediction/data/processed/sources/p03035/C++/s067427441.cpp:1:21: error: variable or field ‘Main’ declared void
s315304834,p03037,/mnt/d/Dev/Github/transformer-defect-prediction/data/processed/sources/p03037/C++/s315304834.cpp:38:2: error: unterminated argument list invoking macro ‘REP’
s595304062,p03038,"/mnt/d/Dev/Github/transformer-defect-prediction/data/processed/sources/p03038/C++/s595304062.cpp:35:16: error: return-statement with a value, in function returning ‘void’ [-fpermissive]"
s714781514,p03040,/mnt/d/Dev/Github/transformer-defect-prediction/data/processed/sources/p03040/C++/s714781514.cpp:53:16: error: declaration of ‘OnlineMedian OnlineLeastAbsoluteErrors::OnlineMedian()’ changes meaning of ‘OnlineMedian’ [-Wchanges-meaning]
s987487727,p03041,"/mnt/d/Dev/Github/transformer-defect-prediction/data/processed/sources/p03041/C++/s987487727.cpp:12:26: error: conversion from ‘__gnu_cxx::__alloc_traits<std::allocator<char>, char>::value_type’ {aka ‘char’} to non-scalar type ‘std::string’ {aka ‘std::__cxx11::basic_string<char>’} requested"
s721289244,p03044,/mnt/d/Dev/Github/transformer-defect-prediction/data/processed/sources/p03044/C++/s721289244.cpp:4:13: error: ‘long long long’ is too long for GCC
s306702009,p03044,"/mnt/d/Dev/Github/transformer-defect-prediction/data/processed/sources/p03044/C++/s306702009.cpp:7:24: error: wrong number of template arguments (3, should be 2)"
s876080621,p03044,/mnt/d/Dev/Github/transformer-defect-prediction/data/processed/sources/p03044/C++/s876080621.cpp:22:8: error: variable or field ‘dfs’ declared void
s127728990,p03044,/mnt/d/Dev/Github/transformer-defect-prediction/data/processed/sources/p03044/C++/s127728990.cpp:26:7: error: use of ‘dfs’ before deduction of ‘auto’
s490526665,p03046,"/mnt/d/Dev/Github/transformer-defect-prediction/data/processed/sources/p03046/C++/s490526665.cpp:25:5: error: return-statement with no value, in function returning ‘int’ [-fpermissive]"
s978160014,p03047,/mnt/d/Dev/Github/transformer-defect-prediction/data/processed/sources/p03047/C++/s978160014.cpp:8:24: error: statement cannot resolve address of overloaded function
s233084897,p03049,/mnt/d/Dev/Github/transformer-defect-prediction/data/processed/sources/p03049/C++/s233084897.cpp:50:9: error: ‘else’ without a previous ‘if’
s964733897,p03053,/mnt/d/Dev/Github/transformer-defect-prediction/data/processed/sources/p03053/C++/s964733897.cpp:172:46: error: cannot bind non-const lvalue reference of type ‘int&’ to a value of type ‘char’
s947126246,p03053,/mnt/d/Dev/Github/transformer-defect-prediction/data/processed/sources/p03053/C++/s947126246.cpp:4:6: error: variable or field ‘number’ declared void
s400558477,p03054,"/mnt/d/Dev/Github/transformer-defect-prediction/data/processed/sources/p03054/C++/s400558477.cpp:39:7: error: return-statement with no value, in function returning ‘int’ [-fpermissive]"
s579725665,p03054,/mnt/d/Dev/Github/transformer-defect-prediction/data/processed/sources/p03054/C++/s579725665.cpp:2:2: error: too many decimal points in number
s459096757,p03054,"/mnt/d/Dev/Github/transformer-defect-prediction/data/processed/sources/p03054/C++/s459096757.cpp:43:18: error: macro ‘FORD’ requires 3 arguments, but only 2 given"
s854879827,p03056,/mnt/d/Dev/Github/transformer-defect-prediction/data/processed/sources/p03056/C++/s854879827.cpp:34:66: error: cannot bind non-const lvalue reference of type ‘int&’ to a value of type ‘char’
s344045209,p03056,"/mnt/d/Dev/Github/transformer-defect-prediction/data/processed/sources/p03056/C++/s344045209.cpp:58:16: error: return-statement with a value, in function returning ‘void’ [-fpermissive]"
s835719186,p03057,/mnt/d/Dev/Github/transformer-defect-prediction/data/processed/sources/p03057/C++/s835719186.cpp:72:13: error: continue statement not within a loop
s803047645,p03061,/mnt/d/Dev/Github/transformer-defect-prediction/data/processed/sources/p03061/C++/s803047645.cpp:20:22: error: cannot bind non-const lvalue reference of type ‘int&’ to an rvalue of type ‘int’
s231275842,p03065,/mnt/d/Dev/Github/transformer-defect-prediction/data/processed/sources/p03065/C++/s231275842.cpp:2:5: error: empty character constant
s224474494,p03067,"/mnt/d/Dev/Github/transformer-defect-prediction/data/processed/sources/p03067/C++/s224474494.cpp:35:18: error: macro ‘sdd’ passed 3 arguments, but takes just 2"
s306578339,p03068,"/mnt/d/Dev/Github/transformer-defect-prediction/data/processed/sources/p03068/C++/s306578339.cpp:9:15: error: conversion from ‘__gnu_cxx::__alloc_traits<std::allocator<char>, char>::value_type’ {aka ‘char’} to non-scalar type ‘std::string’ {aka ‘std::__cxx11::basic_string<char>’} requested"
s242949009,p03068,/mnt/d/Dev/Github/transformer-defect-prediction/data/processed/sources/p03068/C++/s242949009.cpp:6:8: error: invalid types ‘char[int]’ for array subscript
s386803836,p03068,/mnt/d/Dev/Github/transformer-defect-prediction/data/processed/sources/p03068/C++/s386803836.cpp:14:5: error: ‘else’ without a previous ‘if’
s685191166,p03068,"/mnt/d/Dev/Github/transformer-defect-prediction/data/processed/sources/p03068/C++/s685191166.cpp:13:21: error: conversion from ‘__gnu_cxx::__alloc_traits<std::allocator<char>, char>::value_type’ {aka ‘char’} to non-scalar type ‘std::string’ {aka ‘std::__cxx11::basic_string<char>’} requested"
s708200181,p03071,"/mnt/d/Dev/Github/transformer-defect-prediction/data/processed/sources/p03071/C++/s708200181.cpp:9:9: error: unable to find numeric literal operator ‘operator""""B’"
s669074430,p03071,"/mnt/d/Dev/Github/transformer-defect-prediction/data/processed/sources/p03071/C++/s669074430.cpp:9:13: error: unable to find numeric literal operator ‘operator""""＊A’"
s619375822,p03072,/mnt/d/Dev/Github/transformer-defect-prediction/data/processed/sources/p03072/C++/s619375822.cpp:2:17: error: ‘stsd’ is not a namespace-name
s452968953,p03072,"/mnt/d/Dev/Github/transformer-defect-prediction/data/processed/sources/p03072/C++/s452968953.cpp:6:11: error: found ‘:’ in nested-name-specifier, expected ‘::’"
s935904408,p03074,/mnt/d/Dev/Github/transformer-defect-prediction/data/processed/sources/p03074/C++/s935904408.cpp:17:5: error: ‘else’ without a previous ‘if’
s374753686,p03075,/mnt/d/Dev/Github/transformer-defect-prediction/data/processed/sources/p03075/C++/s374753686.cpp:13:3: error: ‘else’ without a previous ‘if’
s634213544,p03075,/mnt/d/Dev/Github/transformer-defect-prediction/data/processed/sources/p03075/C++/s634213544.cpp:33:14: error: overloaded function with no contextual type information
s382657877,p03076,/mnt/d/Dev/Github/transformer-defect-prediction/data/processed/sources/p03076/C++/s382657877.cpp:13:50: error: array must be initialized with a brace-enclosed initializer
s446154011,p03080,"/mnt/d/Dev/Github/transformer-defect-prediction/data/processed/sources/p03080/C++/s446154011.cpp:12:14: error: could not convert ‘(& s.std::vector<std::__cxx11::basic_string<char> >::at(((std::vector<std::__cxx11::basic_string<char> >::size_type)i)))->std::__cxx11::basic_string<char>::operator=(((const char*)""B""))’ from ‘std::__cxx11::basic_string<char>’ to ‘bool’"
s526883161,p03080,/mnt/d/Dev/Github/transformer-defect-prediction/data/processed/sources/p03080/C++/s526883161.cpp:11:5: error: ‘else’ without a previous ‘if’
s819554563,p03081,/mnt/d/Dev/Github/transformer-defect-prediction/data/processed/sources/p03081/C++/s819554563.cpp:12:12: error: array must be initialized with a brace-enclosed initializer
s158712643,p03081,/mnt/d/Dev/Github/transformer-defect-prediction/data/processed/sources/p03081/C++/s158712643.cpp:15:15: error: conflicting declaration ‘std::vector<int> Q’
s536471604,p03082,/mnt/d/Dev/Github/transformer-defect-prediction/data/processed/sources/p03082/C++/s536471604.cpp:38:19: error: exponent has no digits
s502869569,p03087,/mnt/d/Dev/Github/transformer-defect-prediction/data/processed/sources/p03087/C++/s502869569.cpp:21:6: error: ‘else’ without a previous ‘if’
s012244943,p03087,/mnt/d/Dev/Github/transformer-defect-prediction/data/processed/sources/p03087/C++/s012244943.cpp:19:48: error: no ‘operator++(int)’ declared for postfix ‘++’ [-fpermissive]
s981449318,p03087,/mnt/d/Dev/Github/transformer-defect-prediction/data/processed/sources/p03087/C++/s981449318.cpp:11:1: error: empty character constant
s399451431,p03088,/mnt/d/Dev/Github/transformer-defect-prediction/data/processed/sources/p03088/C++/s399451431.cpp:88:1: error: a template declaration cannot appear at block scope
s964074033,p03089,"/mnt/d/Dev/Github/transformer-defect-prediction/data/processed/sources/p03089/C++/s964074033.cpp:34:18: error: return-statement with no value, in function returning ‘int’ [-fpermissive]"
s023262902,p03089,/mnt/d/Dev/Github/transformer-defect-prediction/data/processed/sources/p03089/C++/s023262902.cpp:12:3: error: ‘else’ without a previous ‘if’
s211113759,p03091,/mnt/d/Dev/Github/transformer-defect-prediction/data/processed/sources/p03091/C++/s211113759.cpp:72:5: error: ‘else’ without a previous ‘if’
s136709768,p03092,/mnt/d/Dev/Github/transformer-defect-prediction/data/processed/sources/p03092/C++/s136709768.cpp:11:14: error: conflicting declaration ‘std::vector<long long int> A’
s097667279,p03097,"/mnt/d/Dev/Github/transformer-defect-prediction/data/processed/sources/p03097/C++/s097667279.cpp:11:10: error: unable to find numeric literal operator ‘operator""""；’"
s604890494,p03098,/mnt/d/Dev/Github/transformer-defect-prediction/data/processed/sources/p03098/C++/s604890494.cpp:12:20: error: cannot bind non-const lvalue reference of type ‘std::vector<int>&’ to an rvalue of type ‘std::remove_reference<std::vector<int>&>::type’ {aka ‘std::vector<int>’}
s532889151,p03098,/usr/include/c++/15/bits/utility.h:77:61: error: incomplete type ‘std::tuple_size<std::vector<int> >’ used in nested name specifier
s572087903,p03099,/mnt/d/Dev/Github/transformer-defect-prediction/data/processed/sources/p03099/C++/s572087903.cpp:30:28: error: ‘__float128 abs(__float128)’ conflicts with a previous declaration
s049680209,p03100,"/mnt/d/Dev/Github/transformer-defect-prediction/data/processed/sources/p03100/C++/s049680209.cpp:99:51: error: return-statement with a value, in function returning ‘void’ [-fpermissive]"
s949577316,p03100,/mnt/d/Dev/Github/transformer-defect-prediction/data/processed/sources/p03100/C++/s949577316.cpp:351:44: error: conversion from ‘vector<long int>’ to non-scalar type ‘vector<long long int>’ requested
s518515791,p03103,"/mnt/d/Dev/Github/transformer-defect-prediction/data/processed/sources/p03103/C++/s518515791.cpp:13:16: error: invalid types ‘<unresolved overloaded function type>[__gnu_cxx::__alloc_traits<std::allocator<int>, int>::value_type {aka int}]’ for array subscript"
s921259421,p03104,"/mnt/d/Dev/Github/transformer-defect-prediction/data/processed/sources/p03104/C++/s921259421.cpp:26:9: error: return-statement with no value, in function returning ‘int’ [-fpermissive]"
s186677890,p03108,"/mnt/d/Dev/Github/transformer-defect-prediction/data/processed/sources/p03108/C++/s186677890.cpp:38:21: error: return-statement with a value, in function returning ‘void’ [-fpermissive]"
s823470069,p03108,/mnt/d/Dev/Github/transformer-defect-prediction/data/processed/sources/p03108/C++/s823470069.cpp:50:29: error: invalid use of ‘UnionFind::UnionFind’
s855034152,p03108,/mnt/d/Dev/Github/transformer-defect-prediction/data/processed/sources/p03108/C++/s855034152.cpp:50:25: error: cannot call constructor ‘UnionFind::UnionFind’ directly
s291108951,p03108,/mnt/d/Dev/Github/transformer-defect-prediction/data/processed/sources/p03108/C++/s291108951.cpp:96:12: error: invalid types ‘ll {aka long long int}[int]’ for array subscript
s207744993,p03109,"/mnt/d/Dev/Github/transformer-defect-prediction/data/processed/sources/p03109/C++/s207744993.cpp:13:24: error: conversion from ‘__gnu_cxx::__alloc_traits<std::allocator<char>, char>::value_type’ {aka ‘char’} to non-scalar type ‘std::string’ {aka ‘std::__cxx11::basic_string<char>’} requested"
s182147998,p03109,/mnt/d/Dev/Github/transformer-defect-prediction/data/processed/sources/p03109/C++/s182147998.cpp:7:19: error: invalid type argument of unary ‘*’ (have ‘int’)
s954348279,p03110,"/mnt/d/Dev/Github/transformer-defect-prediction/data/processed/sources/p03110/C++/s954348279.cpp:16:9: error: could not convert ‘s.std::__cxx11::basic_string<char>::operator=(((const char*)""JPY""))’ from ‘std::__cxx11::basic_string<char>’ to ‘bool’"
s034188765,p03110,/mnt/d/Dev/Github/transformer-defect-prediction/data/processed/sources/p03110/C++/s034188765.cpp:134:3: error: ‘unsigned’ specified with ‘double’
s588795580,p03111,/mnt/d/Dev/Github/transformer-defect-prediction/data/processed/sources/p03111/C++/s588795580.cpp:21:56: error: size of array ‘L’ is not an integral constant-expression
s989804886,p03112,/mnt/d/Dev/Github/transformer-defect-prediction/data/processed/sources/p03112/C++/s989804886.cpp:133:26: error: invalid types ‘ll {aka long long int}[ll {aka long long int}]’ for array subscript
s086304305,p03114,/mnt/d/Dev/Github/transformer-defect-prediction/data/processed/sources/p03114/C++/s086304305.cpp:42:27: error: cannot bind non-const lvalue reference of type ‘ll&’ {aka ‘long long int&’} to a value of type ‘long long unsigned int’
s073946055,p03116,/mnt/d/Dev/Github/transformer-defect-prediction/data/processed/sources/p03116/C++/s073946055.cpp:61:8: error: ‘__builtin_ia32_pclmulqdq128’ needs isa option -mpclmul -msse2
s789344751,p03129,/mnt/d/Dev/Github/transformer-defect-prediction/data/processed/sources/p03129/C++/s789344751.cpp:16:5: error: break statement not within loop or switch
s765375717,p03129,/mnt/d/Dev/Github/transformer-defect-prediction/data/processed/sources/p03129/C++/s765375717.cpp:6:10: error: fixed-point types not supported in C++
s488290249,p03130,/mnt/d/Dev/Github/transformer-defect-prediction/data/processed/sources/p03130/C++/s488290249.cpp:8:7: error: invalid types ‘int[int]’ for array subscript
s365209459,p03130,/mnt/d/Dev/Github/transformer-defect-prediction/data/processed/sources/p03130/C++/s365209459.cpp:10:8: error: conflicting declaration ‘bool b’
s697686766,p03130,"/mnt/d/Dev/Github/transformer-defect-prediction/data/processed/sources/p03130/C++/s697686766.cpp:8:16: error: invalid types ‘__gnu_cxx::__alloc_traits<std::allocator<int>, int>::value_type {aka int}[int]’ for array subscript"
s373975146,p03131,/mnt/d/Dev/Github/transformer-defect-prediction/data/processed/sources/p03131/C++/s373975146.cpp:13:13: error: break statement not within loop or switch
s952789110,p03132,/mnt/d/Dev/Github/transformer-defect-prediction/data/processed/sources/p03132/C++/s952789110.cpp:128:14: error: invalid types ‘ll {aka long long int}[int]’ for array subscript
s074802971,p03132,/mnt/d/Dev/Github/transformer-defect-prediction/data/processed/sources/p03132/C++/s074802971.cpp:28:8: error: two consecutive ‘[’ shall only introduce an attribute before ‘[’ token
s250743953,p03134,"/mnt/d/Dev/Github/transformer-defect-prediction/data/processed/sources/p03134/C++/s250743953.cpp:275:16: error: macro ‘srep’ requires 3 arguments, but only 2 given"
s157986535,p03136,/mnt/d/Dev/Github/transformer-defect-prediction/data/processed/sources/p03136/C++/s157986535.cpp:5:10: error: storage size of ‘L’ isn’t known
s496963660,p03137,/mnt/d/Dev/Github/transformer-defect-prediction/data/processed/sources/p03137/C++/s496963660.cpp:14:16: error: size of array ‘x’ is not an integral constant-expression
s636901860,p03139,"/mnt/d/Dev/Github/transformer-defect-prediction/data/processed/sources/p03139/C++/s636901860.cpp:10:15: error: unable to find numeric literal operator ‘operator""""s’"
s782660558,p03140,/mnt/d/Dev/Github/transformer-defect-prediction/data/processed/sources/p03140/C++/s782660558.cpp:15:21: error: invalid types ‘int[int]’ for array subscript
s532868397,p03141,"/mnt/d/Dev/Github/transformer-defect-prediction/data/processed/sources/p03141/C++/s532868397.cpp:10:15: error: unable to find numeric literal operator ‘operator""""s’"
s135638606,p03146,/mnt/d/Dev/Github/transformer-defect-prediction/data/processed/sources/p03146/C++/s135638606.cpp:8:5: error: ‘else’ without a previous ‘if’
s061018064,p03150,"/mnt/d/Dev/Github/transformer-defect-prediction/data/processed/sources/p03150/C++/s061018064.cpp:203:25: error: there are no arguments to ‘SQR’ that depend on a template parameter, so a declaration of ‘SQR’ must be available [-Wtemplate-body]"
s715208114,p03150,/mnt/d/Dev/Github/transformer-defect-prediction/data/processed/sources/p03150/C++/s715208114.cpp:15:1: error: a template declaration cannot appear at block scope
s187297305,p03150,/mnt/d/Dev/Github/transformer-defect-prediction/data/processed/sources/p03150/C++/s187297305.cpp:5:15: error: initializer-string for ‘char [7]’ is too long [-fpermissive]
s365599767,p03151,/mnt/d/Dev/Github/transformer-defect-prediction/data/processed/sources/p03151/C++/s365599767.cpp:46:3: error: ‘else’ without a previous ‘if’
s854127051,p03152,/mnt/d/Dev/Github/transformer-defect-prediction/data/processed/sources/p03152/C++/s854127051.cpp:80:13: error: ‘else’ without a previous ‘if’
s885798243,p03152,"/mnt/d/Dev/Github/transformer-defect-prediction/data/processed/sources/p03152/C++/s885798243.cpp:33:33: error: invalid type argument of unary ‘*’ (have ‘__gnu_cxx::__alloc_traits<std::allocator<int>, int>::value_type’ {aka ‘int’})"
s146980735,p03153,/mnt/d/Dev/Github/transformer-defect-prediction/data/processed/sources/p03153/C++/s146980735.cpp:98:49: error: template argument 3 is invalid
s541780368,p03159,/mnt/d/Dev/Github/transformer-defect-prediction/data/processed/sources/p03159/C++/s541780368.cpp:315:5: error: conflicting declaration ‘long long int dp [5000][5001][2]’
s826442957,p03163,/mnt/d/Dev/Github/transformer-defect-prediction/data/processed/sources/p03163/C++/s826442957.cpp:20:16: error: conflicting declaration ‘std::vector<long long int> w’
s015412395,p03164,/mnt/d/Dev/Github/transformer-defect-prediction/data/processed/sources/p03164/C++/s015412395.cpp:17:31: error: conflicting declaration ‘std::vector<std::vector<long long int> > v’
s825367311,p03164,/mnt/d/Dev/Github/transformer-defect-prediction/data/processed/sources/p03164/C++/s825367311.cpp:7:6: error: conflicting declaration ‘long long int w’
s026203656,p03164,/mnt/d/Dev/Github/transformer-defect-prediction/data/processed/sources/p03164/C++/s026203656.cpp:25:108: error: base operand of ‘->’ is not a pointer
s907608532,p03165,"/mnt/d/Dev/Github/transformer-defect-prediction/data/processed/sources/p03165/C++/s907608532.cpp:76:46: error: unable to find numeric literal operator ‘operator""""，’"
s467411003,p03166,/mnt/d/Dev/Github/transformer-defect-prediction/data/processed/sources/p03166/C++/s467411003.cpp:55:46: error: invalid use of void expression
s585028233,p03169,/mnt/d/Dev/Github/transformer-defect-prediction/data/processed/sources/p03169/C++/s585028233.cpp:14:28: error: continue statement not within a loop
s438208023,p03170,/mnt/d/Dev/Github/transformer-defect-prediction/data/processed/sources/p03170/C++/s438208023.cpp:57:8: error: ‘else’ without a previous ‘if’
s925440055,p03172,/mnt/d/Dev/Github/transformer-defect-prediction/data/processed/sources/p03172/C++/s925440055.cpp:8:15: error: default arguments are only permitted for function parameters [-fpermissive]
s792937554,p03175,/mnt/d/Dev/Github/transformer-defect-prediction/data/processed/sources/p03175/C++/s792937554.cpp:4:18: error: size of array ‘edge’ is not an integral constant-expression
s222023367,p03175,/mnt/d/Dev/Github/transformer-defect-prediction/data/processed/sources/p03175/C++/s222023367.cpp:120:23: error: cannot bind non-const lvalue reference of type ‘int&’ to a value of type ‘ll’ {aka ‘long long int’}
s901339093,p03178,/mnt/d/Dev/Github/transformer-defect-prediction/data/processed/sources/p03178/C++/s901339093.cpp:21:18: error: ‘#’ is not followed by a macro parameter
s791305577,p03179,"/mnt/d/Dev/Github/transformer-defect-prediction/data/processed/sources/p03179/C++/s791305577.cpp:39:17: error: unable to find numeric literal operator ‘operator""""７’"
s239890581,p03181,/mnt/d/Dev/Github/transformer-defect-prediction/data/processed/sources/p03181/C++/s239890581.cpp:64:62: error: invalid types ‘long long int[long long int]’ for array subscript
s687880582,p03185,/mnt/d/Dev/Github/transformer-defect-prediction/data/processed/sources/p03185/C++/s687880582.cpp:36:39: error: narrowing conversion of ‘-1.0e+9’ from ‘double’ to ‘long long int’ [-Wnarrowing]
s055660269,p03185,"/mnt/d/Dev/Github/transformer-defect-prediction/data/processed/sources/p03185/C++/s055660269.cpp:108:44: error: could not convert ‘{(-2 * h[1]), ((1 * h[1]) * h[1])}’ from ‘<brace-enclosed initializer list>’ to ‘point’"
s367805551,p03186,"/mnt/d/Dev/Github/transformer-defect-prediction/data/processed/sources/p03186/C++/s367805551.cpp:6:24: error: unable to find numeric literal operator ‘operator""""B’"
s087039041,p03186,"/mnt/d/Dev/Github/transformer-defect-prediction/data/processed/sources/p03186/C++/s087039041.cpp:8:19: error: unable to find numeric literal operator ‘operator""""b’"
s742441297,p03190,"/mnt/d/Dev/Github/transformer-defect-prediction/data/processed/sources/p03190/C++/s742441297.cpp:26:41: error: found ‘:’ in nested-name-specifier, expected ‘::’"
s216284743,p03191,/mnt/d/Dev/Github/transformer-defect-prediction/data/processed/sources/p03191/C++/s216284743.cpp:49:42: error: cannot bind non-const lvalue reference of type ‘ll&’ {aka ‘long long int&’} to a value of type ‘int’
s975890751,p03191,/mnt/d/Dev/Github/transformer-defect-prediction/data/processed/sources/p03191/C++/s975890751.cpp:54:61: error: cannot bind non-const lvalue reference of type ‘ll&’ {aka ‘long long int&’} to a value of type ‘int’
s153193960,p03191,"/mnt/d/Dev/Github/transformer-defect-prediction/data/processed/sources/p03191/C++/s153193960.cpp:9:23: error: unable to find numeric literal operator ‘operator""""n’"
s315728317,p03192,/mnt/d/Dev/Github/transformer-defect-prediction/data/processed/sources/p03192/C++/s315728317.cpp:9:11: error: condition declares an array
s875355379,p03192,/mnt/d/Dev/Github/transformer-defect-prediction/data/processed/sources/p03192/C++/s875355379.cpp:7:24: error: array must be initialized with a brace-enclosed initializer
s111089583,p03194,"/mnt/d/Dev/Github/transformer-defect-prediction/data/processed/sources/p03194/C++/s111089583.cpp:44:21: error: macro ‘repb’ passed 3 arguments, but takes just 2"
s456940097,p03194,"/mnt/d/Dev/Github/transformer-defect-prediction/data/processed/sources/p03194/C++/s456940097.cpp:10:5: error: return-statement with no value, in function returning ‘int’ [-fpermissive]"
s459550092,p03195,/mnt/d/Dev/Github/transformer-defect-prediction/data/processed/sources/p03195/C++/s459550092.cpp:22:5: error: statement cannot resolve address of overloaded function
s155632393,p03195,"/mnt/d/Dev/Github/transformer-defect-prediction/data/processed/sources/p03195/C++/s155632393.cpp:19:25: error: return-statement with no value, in function returning ‘int’ [-fpermissive]"
s457117322,p03196,"/mnt/d/Dev/Github/transformer-defect-prediction/data/processed/sources/p03196/C++/s457117322.cpp:15:26: error: return-statement with no value, in function returning ‘int’ [-fpermissive]"
s213781585,p03197,"/mnt/d/Dev/Github/transformer-defect-prediction/data/processed/sources/p03197/C++/s213781585.cpp:16:13: error: return-statement with no value, in function returning ‘int’ [-fpermissive]"
s678075343,p03198,/mnt/d/Dev/Github/transformer-defect-prediction/data/processed/sources/p03198/C++/s678075343.cpp:8:37: error: right operand of shift expression ‘(1 << 60)’ is greater than or equal to the precision 32 of the left operand [-fpermissive]
s949003945,p03201,/mnt/d/Dev/Github/transformer-defect-prediction/data/processed/sources/p03201/C++/s949003945.cpp:26:20: error: size of array ‘l’ is not an integral constant-expression
s092977292,p03203,/mnt/d/Dev/Github/transformer-defect-prediction/data/processed/sources/p03203/C++/s092977292.cpp:27:6: error: ‘vector’ in namespace ‘std’ does not name a template type
s930619433,p03203,/usr/include/c++/15/bits/hashtable.h:210:51: error: static assertion failed: hash function must be copy constructible
s153718967,p03203,/mnt/d/Dev/Github/transformer-defect-prediction/data/processed/sources/p03203/C++/s153718967.cpp:824:11: error: ‘else’ without a previous ‘if’
s708871622,p03204,/mnt/d/Dev/Github/transformer-defect-prediction/data/processed/sources/p03204/C++/s708871622.cpp:158:2: error: ‘#endif’ without ‘#if’
s079110171,p03206,/mnt/d/Dev/Github/transformer-defect-prediction/data/processed/sources/p03206/C++/s079110171.cpp:11:13: error: break statement not within loop or switch
s230346183,p03211,"/mnt/d/Dev/Github/transformer-defect-prediction/data/processed/sources/p03211/C++/s230346183.cpp:8:17: error: conversion from ‘__gnu_cxx::__alloc_traits<std::allocator<char>, char>::value_type’ {aka ‘char’} to non-scalar type ‘std::string’ {aka ‘std::__cxx11::basic_string<char>’} requested"
s871072908,p03213,"/usr/include/c++/15/bits/stl_vector.h:94:28: error: ‘long long int’ is not a class, struct, or union type"
s304121706,p03213,"/mnt/d/Dev/Github/transformer-defect-prediction/data/processed/sources/p03213/C++/s304121706.cpp:17:10: error: wrong number of template arguments (1, should be at least 2)"
s710706291,p03213,/mnt/d/Dev/Github/transformer-defect-prediction/data/processed/sources/p03213/C++/s710706291.cpp:6:2: error: too many decimal points in number
s975474576,p03215,"/mnt/d/Dev/Github/transformer-defect-prediction/data/processed/sources/p03215/C++/s975474576.cpp:71:13: error: could not convert ‘(std::operator&<50>(h, o) = h)’ from ‘std::bitset<50>’ to ‘bool’"
s434157666,p03215,/mnt/d/Dev/Github/transformer-defect-prediction/data/processed/sources/p03215/C++/s434157666.cpp:29:6: error: conflicting declaration ‘long int a [1005]’
s791159274,p03215,   21 | DPCV_B.cpp:30:8: error: use of undeclared identifier 'True'; did you mean
s618368077,p03216,"/mnt/d/Dev/Github/transformer-defect-prediction/data/processed/sources/p03216/C++/s618368077.cpp:141:70: error: there are no arguments to ‘make_pair’ that depend on a template parameter, so a declaration of ‘make_pair’ must be available [-Wtemplate-body]"
s949115121,p03216,/mnt/d/Dev/Github/transformer-defect-prediction/data/processed/sources/p03216/C++/s949115121.cpp:2:33: error: ‘long long long’ is too long for GCC
s033765272,p03217,/mnt/d/Dev/Github/transformer-defect-prediction/data/processed/sources/p03217/C++/s033765272.cpp:19:13: error: invalid types ‘ll {aka long long int}[int]’ for array subscript
s168714074,p03217,/mnt/d/Dev/Github/transformer-defect-prediction/data/processed/sources/p03217/C++/s168714074.cpp:39:35: error: narrowing conversion of ‘1.0e+9’ from ‘double’ to ‘int’ [-Wnarrowing]
s255511082,p03217,/mnt/d/Dev/Github/transformer-defect-prediction/data/processed/sources/p03217/C++/s255511082.cpp:20:61: error: narrowing conversion of ‘1.0e+9’ from ‘double’ to ‘int’ [-Wnarrowing]
s487211251,p03217,/mnt/d/Dev/Github/transformer-defect-prediction/data/processed/sources/p03217/C++/s487211251.cpp:98:5: error: conflicting declaration ‘int D [100001]’
s165421995,p03217,/mnt/d/Dev/Github/transformer-defect-prediction/data/processed/sources/p03217/C++/s165421995.cpp:52:59: error: narrowing conversion of ‘1.0e+9’ from ‘double’ to ‘int’ [-Wnarrowing]
s294752072,p03217,/mnt/d/Dev/Github/transformer-defect-prediction/data/processed/sources/p03217/C++/s294752072.cpp:41:36: error: invalid types ‘long long int[int]’ for array subscript
s479839855,p03217,"/mnt/d/Dev/Github/transformer-defect-prediction/data/processed/sources/p03217/C++/s479839855.cpp:17:17: error: return-statement with no value, in function returning ‘int’ [-fpermissive]"
s921934953,p03217,/mnt/d/Dev/Github/transformer-defect-prediction/data/processed/sources/p03217/C++/s921934953.cpp:53:29: error: invalid types ‘int[int]’ for array subscript
s825880430,p03220,/mnt/d/Dev/Github/transformer-defect-prediction/data/processed/sources/p03220/C++/s825880430.cpp:8:18: error: conversion from ‘double’ to ‘long unsigned int’ in a converted constant expression
s708954471,p03221,/mnt/d/Dev/Github/transformer-defect-prediction/data/processed/sources/p03221/C++/s708954471.cpp:8:44: error: template argument 1 is invalid
s413509953,p03221,/mnt/d/Dev/Github/transformer-defect-prediction/data/processed/sources/p03221/C++/s413509953.cpp:22:21: error: too many decimal points in number
s301741333,p03222,/mnt/d/Dev/Github/transformer-defect-prediction/data/processed/sources/p03222/C++/s301741333.cpp:34:14: error: declaration of ‘long int result’ shadows a parameter
s219696830,p03223,"/mnt/d/Dev/Github/transformer-defect-prediction/data/processed/sources/p03223/C++/s219696830.cpp:58:24: error: macro ‘for’ requires 3 arguments, but only 1 given"
s127500188,p03227,/mnt/d/Dev/Github/transformer-defect-prediction/data/processed/sources/p03227/C++/s127500188.cpp:35:5: error: ‘else’ without a previous ‘if’
s403098229,p03229,"/mnt/d/Dev/Github/transformer-defect-prediction/data/processed/sources/p03229/C++/s403098229.cpp:28:5: error: invalid use of non-static member function ‘void std::deque<_Tp, _Alloc>::pop_front() [with _Tp = int; _Alloc = std::allocator<int>]’"
s959582371,p03230,/mnt/d/Dev/Github/transformer-defect-prediction/data/processed/sources/p03230/C++/s959582371.cpp:36:10: error: ‘else’ without a previous ‘if’
s247145773,p03231,/mnt/d/Dev/Github/transformer-defect-prediction/data/processed/sources/p03231/C++/s247145773.cpp:6:1: error: named return values are no longer supported
s689370327,p03237,"/mnt/d/Dev/Github/transformer-defect-prediction/data/processed/sources/p03237/C++/s689370327.cpp:160:17: error: there are no arguments to ‘memset’ that depend on a template parameter, so a declaration of ‘memset’ must be available [-Wtemplate-body]"
s357940767,p03239,/mnt/d/Dev/Github/transformer-defect-prediction/data/processed/sources/p03239/C++/s357940767.cpp:11:11: error: cannot resolve overloaded function ‘min’ based on conversion to type ‘int’
s134816169,p03239,/mnt/d/Dev/Github/transformer-defect-prediction/data/processed/sources/p03239/C++/s134816169.cpp:26:24: error: operands to ‘?:’ have different types ‘const char*’ and ‘int’
s589796762,p03239,/mnt/d/Dev/Github/transformer-defect-prediction/data/processed/sources/p03239/C++/s589796762.cpp:68:28: error: operands to ‘?:’ have different types ‘const char*’ and ‘ll’ {aka ‘long int’}
s541497872,p03239,/mnt/d/Dev/Github/transformer-defect-prediction/data/processed/sources/p03239/C++/s541497872.cpp:18:24: error: operands to ‘?:’ have different types ‘int’ and ‘const char*’
s029171512,p03239,/mnt/d/Dev/Github/transformer-defect-prediction/data/processed/sources/p03239/C++/s029171512.cpp:12:26: error: operands to ‘?:’ have different types ‘int’ and ‘const char*’
s104900650,p03239,/mnt/d/Dev/Github/transformer-defect-prediction/data/processed/sources/p03239/C++/s104900650.cpp:13:18: error: operands to ‘?:’ have different types ‘int’ and ‘const char*’
s598064866,p03239,/mnt/d/Dev/Github/transformer-defect-prediction/data/processed/sources/p03239/C++/s598064866.cpp:25:29: error: operands to ‘?:’ have different types ‘const char*’ and ‘int’
s340403811,p03240,/mnt/d/Dev/Github/transformer-defect-prediction/data/processed/sources/p03240/C++/s340403811.cpp:22:30: error: assignment of function ‘std::ios_base& std::right(ios_base&)’
s831470210,p03241,/mnt/d/Dev/Github/transformer-defect-prediction/data/processed/sources/p03241/C++/s831470210.cpp:32:31: error: conversion from ‘vector<long int>’ to non-scalar type ‘vector<long long int>’ requested
s526151755,p03241,"/mnt/d/Dev/Github/transformer-defect-prediction/data/processed/sources/p03241/C++/s526151755.cpp:168:18: error: macro ‘REP1’ passed 3 arguments, but takes just 2"
s602175219,p03242,"/mnt/d/Dev/Github/transformer-defect-prediction/data/processed/sources/p03242/C++/s602175219.cpp:27:88: error: unable to find numeric literal operator ‘operator""""＝’ [-Wtemplate-body]"
s972659390,p03242,"/mnt/d/Dev/Github/transformer-defect-prediction/data/processed/sources/p03242/C++/s972659390.cpp:102:44: error: unable to find character literal operator ‘operator""""g’ with ‘char’ argument"
s353289462,p03243,/mnt/d/Dev/Github/transformer-defect-prediction/data/processed/sources/p03243/C++/s353289462.cpp:34:18: error: could not convert ‘i’ from ‘ll’ {aka ‘long long int’} to ‘std::string’ {aka ‘std::__cxx11::basic_string<char>’}
s699776747,p03244,"/mnt/d/Dev/Github/transformer-defect-prediction/data/processed/sources/p03244/C++/s699776747.cpp:72:35: error: macro ‘ceil’ requires 2 arguments, but only 1 given"
s922486664,p03244,/mnt/d/Dev/Github/transformer-defect-prediction/data/processed/sources/p03244/C++/s922486664.cpp:7:14: error: conflicting declaration ‘long int a [100000]’
s703264183,p03247,/mnt/d/Dev/Github/transformer-defect-prediction/data/processed/sources/p03247/C++/s703264183.cpp:35:35: error: template argument 1 is invalid
s038739833,p03247,/mnt/d/Dev/Github/transformer-defect-prediction/data/processed/sources/p03247/C++/s038739833.cpp:64:5: error: ‘else’ without a previous ‘if’
s142061909,p03247,"/mnt/d/Dev/Github/transformer-defect-prediction/data/processed/sources/p03247/C++/s142061909.cpp:58:57: error: return-statement with no value, in function returning ‘int’ [-fpermissive]"
s688040534,p03248,/mnt/d/Dev/Github/transformer-defect-prediction/data/processed/sources/p03248/C++/s688040534.cpp:42:25: error: continue statement not within a loop
s920290155,p03255,/mnt/d/Dev/Github/transformer-defect-prediction/data/processed/sources/p03255/C++/s920290155.cpp:47:25: error: inconsistent types ‘long long int’ and ‘long int’ deduced for lambda return type
s722532532,p03255,/mnt/d/Dev/Github/transformer-defect-prediction/data/processed/sources/p03255/C++/s722532532.cpp:47:25: error: inconsistent types ‘long long int’ and ‘long int’ deduced for lambda return type
s411833647,p03255,/usr/include/c++/15/bits/hashtable.h:210:51: error: static assertion failed: hash function must be copy constructible
s978646768,p03255,/mnt/d/Dev/Github/transformer-defect-prediction/data/processed/sources/p03255/C++/s978646768.cpp:6:19: error: two or more data types in declaration of ‘i’
s173952375,p03255,"/mnt/d/Dev/Github/transformer-defect-prediction/data/processed/sources/p03255/C++/s173952375.cpp:33:28: error: invalid types ‘P [2097152] {aka std::pair<long double, long double> [2097152]}[ll {aka long double}]’ for array subscript"
s296339837,p03261,/mnt/d/Dev/Github/transformer-defect-prediction/data/processed/sources/p03261/C++/s296339837.cpp:11:10: error: cannot resolve overloaded function ‘end’ based on conversion to type ‘char’
s621107020,p03261,/mnt/d/Dev/Github/transformer-defect-prediction/data/processed/sources/p03261/C++/s621107020.cpp:17:17: error: invalid types ‘char[int]’ for array subscript
s046875516,p03263,"/mnt/d/Dev/Github/transformer-defect-prediction/data/processed/sources/p03263/C++/s046875516.cpp:29:18: error: macro ‘rep2’ requires 3 arguments, but only 2 given"
s909984883,p03263,/mnt/d/Dev/Github/transformer-defect-prediction/data/processed/sources/p03263/C++/s909984883.cpp:114:23: error: assigning to an array from an initializer list
s459477334,p03265,/mnt/d/Dev/Github/transformer-defect-prediction/data/processed/sources/p03265/C++/s459477334.cpp:8:8: error: assignment of function ‘double y1(double)’
s264018801,p03267,/mnt/d/Dev/Github/transformer-defect-prediction/data/processed/sources/p03267/C++/s264018801.cpp:6:49: error: cannot bind non-const lvalue reference of type ‘std::vector<std::vector<int> >&’ to an rvalue of type ‘std::vector<std::vector<int> >’
s466599293,p03267,"/mnt/d/Dev/Github/transformer-defect-prediction/data/processed/sources/p03267/C++/s466599293.cpp:106:17: error: return-statement with no value, in function returning ‘int’ [-fpermissive]"
s312504681,p03269,/usr/lib/gcc/x86_64-linux-gnu/15/include/lzcntintrin.h:64:1: error: inlining failed in call to ‘always_inline’ ‘long long unsigned int _lzcnt_u64(long long unsigned int)’: target specific option mismatch
s246435365,p03269,/usr/include/c++/15/bits/new_allocator.h:191:11: error: new initializer expression list treated as compound expression [-fpermissive]
s907477781,p03273,/mnt/d/Dev/Github/transformer-defect-prediction/data/processed/sources/p03273/C++/s907477781.cpp:26:28: error: empty character constant
s060415499,p03273,/mnt/d/Dev/Github/transformer-defect-prediction/data/processed/sources/p03273/C++/s060415499.cpp:8:18: error: array must be initialized with a brace-enclosed initializer
s417480374,p03281,/mnt/d/Dev/Github/transformer-defect-prediction/data/processed/sources/p03281/C++/s417480374.cpp:4:11: error: expected initializer at end of input
s816911313,p03282,"/mnt/d/Dev/Github/transformer-defect-prediction/data/processed/sources/p03282/C++/s816911313.cpp:77:9: error: return-statement with no value, in function returning ‘int’ [-fpermissive]"
s377382439,p03282,/mnt/d/Dev/Github/transformer-defect-prediction/data/processed/sources/p03282/C++/s377382439.cpp:2:13: error: ‘long long long’ is too long for GCC
s674616680,p03282,"/mnt/d/Dev/Github/transformer-defect-prediction/data/processed/sources/p03282/C++/s674616680.cpp:11:28: error: invalid use of non-static member function ‘std::__cxx11::basic_string<_CharT, _Traits, _Alloc>::size_type std::__cxx11::basic_string<_CharT, _Traits, _Alloc>::size() const [with _CharT = char; _Traits = std::char_traits<char>; _Alloc = std::allocator<char>; size_type = long unsigned int]’"
s381070725,p03282,/mnt/d/Dev/Github/transformer-defect-prediction/data/processed/sources/p03282/C++/s381070725.cpp:24:34: error: empty character constant
s747135540,p03283,/mnt/d/Dev/Github/transformer-defect-prediction/data/processed/sources/p03283/C++/s747135540.cpp:6:33: error: array must be initialized with a brace-enclosed initializer
s613130910,p03286,/mnt/d/Dev/Github/transformer-defect-prediction/data/processed/sources/p03286/C++/s613130910.cpp:20:28: error: invalid types ‘long long int[int]’ for array subscript
s982395023,p03291,/mnt/d/Dev/Github/transformer-defect-prediction/data/processed/sources/p03291/C++/s982395023.cpp:10:21: error: array must be initialized with a brace-enclosed initializer
s467415655,p03292,/mnt/d/Dev/Github/transformer-defect-prediction/data/processed/sources/p03292/C++/s467415655.cpp:7:21: error: cannot resolve overloaded function ‘max’ based on conversion to type ‘int’
s457141395,p03292,/mnt/d/Dev/Github/transformer-defect-prediction/data/processed/sources/p03292/C++/s457141395.cpp:2:17: error: ‘syd’ is not a namespace-name
s472185047,p03292,/usr/include/c++/15/bits/stl_algo.h:1781:17: error: no type named ‘value_type’ in ‘struct std::iterator_traits<int>’
s463020267,p03293,/mnt/d/Dev/Github/transformer-defect-prediction/data/processed/sources/p03293/C++/s463020267.cpp:20:13: error: conflicting declaration ‘long long int q’
s227844490,p03293,"/mnt/d/Dev/Github/transformer-defect-prediction/data/processed/sources/p03293/C++/s227844490.cpp:22:17: error: macro ‘rep’ passed 3 arguments, but takes just 2"
s209077510,p03293,"/mnt/d/Dev/Github/transformer-defect-prediction/data/processed/sources/p03293/C++/s209077510.cpp:11:25: error: conversion from ‘__gnu_cxx::__alloc_traits<std::allocator<char>, char>::value_type’ {aka ‘char’} to non-scalar type ‘std::string’ {aka ‘std::__cxx11::basic_string<char>’} requested"
s029629276,p03293,/mnt/d/Dev/Github/transformer-defect-prediction/data/processed/sources/p03293/C++/s029629276.cpp:12:9: error: ‘else’ without a previous ‘if’
s019929615,p03293,/mnt/d/Dev/Github/transformer-defect-prediction/data/processed/sources/p03293/C++/s019929615.cpp:12:9: error: ‘else’ without a previous ‘if’
s931633134,p03294,/mnt/d/Dev/Github/transformer-defect-prediction/data/processed/sources/p03294/C++/s931633134.cpp:13:16: error: invalid types ‘long long int[int]’ for array subscript
s939241959,p03295,"/mnt/d/Dev/Github/transformer-defect-prediction/data/processed/sources/p03295/C++/s939241959.cpp:46:18: error: macro ‘v’ passed 2 arguments, but takes just 1"
s216968156,p03295,"/mnt/d/Dev/Github/transformer-defect-prediction/data/processed/sources/p03295/C++/s216968156.cpp:54:41: error: cannot bind non-const lvalue reference of type ‘std::_List_iterator<std::pair<int, int> >&’ to an rvalue of type ‘std::__cxx11::list<std::pair<int, int> >::iterator’"
s926527865,p03300,"/mnt/d/Dev/Github/transformer-defect-prediction/data/processed/sources/p03300/C++/s926527865.cpp:103:33: error: conversion from ‘__gnu_cxx::__alloc_traits<std::allocator<int>, int>::value_type’ {aka ‘int’} to non-scalar type ‘std::string’ {aka ‘std::__cxx11::basic_string<char>’} requested"
s492416466,p03303,/mnt/d/Dev/Github/transformer-defect-prediction/data/processed/sources/p03303/C++/s492416466.cpp:164:35: error: invalid types ‘char[int]’ for array subscript
s008131076,p03304,/mnt/d/Dev/Github/transformer-defect-prediction/data/processed/sources/p03304/C++/s008131076.cpp:8:3: error: two or more data types in declaration of ‘ans’
s022784743,p03305,"/mnt/d/Dev/Github/transformer-defect-prediction/data/processed/sources/p03305/C++/s022784743.cpp:38:50: error: conflicting declaration ‘std::priority_queue<int, std::vector<int>, main()::<lambda(int, int)> > q_s’"
s235663516,p03309,/mnt/d/Dev/Github/transformer-defect-prediction/data/processed/sources/p03309/C++/s235663516.cpp:121:15: error: missing template arguments before ‘(’ token
s098885491,p03312,/mnt/d/Dev/Github/transformer-defect-prediction/data/processed/sources/p03312/C++/s098885491.cpp:241:26: error: invalid initialization of reference of type ‘std::vector<int>&’ from expression of type ‘std::vector<long long int>’
s971129080,p03312,/mnt/d/Dev/Github/transformer-defect-prediction/data/processed/sources/p03312/C++/s971129080.cpp:40:11: error: invalid cast from type ‘ll*’ {aka ‘long long int*’} to type ‘double’
s215388640,p03314,"/mnt/d/Dev/Github/transformer-defect-prediction/data/processed/sources/p03314/C++/s215388640.cpp:5:15: error: there are no arguments to ‘isdigit’ that depend on a template parameter, so a declaration of ‘isdigit’ must be available [-Wtemplate-body]"
s624268924,p03315,"/mnt/d/Dev/Github/transformer-defect-prediction/data/processed/sources/p03315/C++/s624268924.cpp:3:20: error: found ‘:’ in nested-name-specifier, expected ‘::’"
s373224044,p03316,/mnt/d/Dev/Github/transformer-defect-prediction/data/processed/sources/p03316/C++/s373224044.cpp:155:132: error: template argument 1 is invalid
s249040772,p03317,"/mnt/d/Dev/Github/transformer-defect-prediction/data/processed/sources/p03317/C++/s249040772.cpp:17:5: error: return-statement with no value, in function returning ‘int’ [-fpermissive]"
s847779005,p03317,/mnt/d/Dev/Github/transformer-defect-prediction/data/processed/sources/p03317/C++/s847779005.cpp:20:14: error: expected ‘)’ at end of input
s210303574,p03317,"/mnt/d/Dev/Github/transformer-defect-prediction/data/processed/sources/p03317/C++/s210303574.cpp:9:9: error: return-statement with no value, in function returning ‘int’ [-fpermissive]"
s984138363,p03318,/mnt/d/Dev/Github/transformer-defect-prediction/data/processed/sources/p03318/C++/s984138363.cpp:6:5: error: ‘else’ without a previous ‘if’
s813814222,p03322,/mnt/d/Dev/Github/transformer-defect-prediction/data/processed/sources/p03322/C++/s813814222.cpp:5:24: error: narrowing conversion of ‘1.000000007e+9’ from ‘double’ to ‘int’ [-Wnarrowing]
s989744940,p03324,/mnt/d/Dev/Github/transformer-defect-prediction/data/processed/sources/p03324/C++/s989744940.cpp:38:21: error: unable to deduce ‘auto*’ from ‘st.std::set<int>::begin()’
s894152180,p03326,/mnt/d/Dev/Github/transformer-defect-prediction/data/processed/sources/p03326/C++/s894152180.cpp:17:15: error: expected initializer at end of input
s736023382,p03332,/mnt/d/Dev/Github/transformer-defect-prediction/data/processed/sources/p03332/C++/s736023382.cpp:47:13: error: ‘constexpr’ loop iteration count exceeds limit of 262144 (use ‘-fconstexpr-loop-limit=’ to increase the limit)
s413044704,p03334,
s858029040,p03334,/mnt/d/Dev/Github/transformer-defect-prediction/data/processed/sources/p03334/C++/s858029040.cpp:33:17: error: continue statement not within a loop
s038594792,p03337,/mnt/d/Dev/Github/transformer-defect-prediction/data/processed/sources/p03337/C++/s038594792.cpp:1:9: error: macro names must be identifiers
s728989656,p03337,/mnt/d/Dev/Github/transformer-defect-prediction/data/processed/sources/p03337/C++/s728989656.cpp:7:19: error: overloaded function with no contextual type information
s925419599,p03348,/mnt/d/Dev/Github/transformer-defect-prediction/data/processed/sources/p03348/C++/s925419599.cpp:27:14: error: too many decimal points in number
s603099027,p03348,/mnt/d/Dev/Github/transformer-defect-prediction/data/processed/sources/p03348/C++/s603099027.cpp:16:29: error: cannot bind non-const lvalue reference of type ‘int&’ to a value of type ‘long long int’
s534359523,p03348,"/mnt/d/Dev/Github/transformer-defect-prediction/data/processed/sources/p03348/C++/s534359523.cpp:58:20: error: could not convert ‘v.std::vector<long long int>::at(4)’ from ‘__gnu_cxx::__alloc_traits<std::allocator<long long int>, long long int>::value_type’ {aka ‘long long int’} to ‘std::vector<std::vector<long long int> >’"
s321073668,p03348,/mnt/d/Dev/Github/transformer-defect-prediction/data/processed/sources/p03348/C++/s321073668.cpp:18:26: error: narrowing conversion of ‘1.0e+9’ from ‘double’ to ‘int’ [-Wnarrowing]
s825461131,p03350,"/mnt/d/Dev/Github/transformer-defect-prediction/data/processed/sources/p03350/C++/s825461131.cpp:41:42: error: macro ‘Forr’ requires 3 arguments, but only 2 given"
s665222108,p03352,/mnt/d/Dev/Github/transformer-defect-prediction/data/processed/sources/p03352/C++/s665222108.cpp:12:29: error: overloaded function with no contextual type information
s999340087,p03352,/mnt/d/Dev/Github/transformer-defect-prediction/data/processed/sources/p03352/C++/s999340087.cpp:37:9: error: ‘else’ without a previous ‘if’
s779278196,p03352,"/mnt/d/Dev/Github/transformer-defect-prediction/data/processed/sources/p03352/C++/s779278196.cpp:9:32: error: macro ‘rep’ passed 3 arguments, but takes just 2"
s380656200,p03352,/mnt/d/Dev/Github/transformer-defect-prediction/data/processed/sources/p03352/C++/s380656200.cpp:16:10: error: ‘else’ without a previous ‘if’
s785816011,p03352,/mnt/d/Dev/Github/transformer-defect-prediction/data/processed/sources/p03352/C++/s785816011.cpp:6:39: error: conversion from ‘int’ to non-scalar type ‘std::vector<long long int>’ requested
s945041192,p03357,"/mnt/d/Dev/Github/transformer-defect-prediction/data/processed/sources/p03357/C++/s945041192.cpp:101:32: error: macro ‘REP’ passed 3 arguments, but takes just 2"
s595351024,p03359,"/mnt/d/Dev/Github/transformer-defect-prediction/data/processed/sources/p03359/C++/s595351024.cpp:4:13: error: found ‘:’ in nested-name-specifier, expected ‘::’"
s477825746,p03359,/mnt/d/Dev/Github/transformer-defect-prediction/data/processed/sources/p03359/C++/s477825746.cpp:9:1: error: ‘else’ without a previous ‘if’
s476797626,p03360,"/mnt/d/Dev/Github/transformer-defect-prediction/data/processed/sources/p03360/C++/s476797626.cpp:9:23: error: assignment of read-only location ‘std::max<int>(a, (* & std::max<int>(b, c)))’"
s374906839,p03361,"/mnt/d/Dev/Github/transformer-defect-prediction/data/processed/sources/p03361/C++/s374906839.cpp:31:11: error: return-statement with no value, in function returning ‘int’ [-fpermissive]"
s572339737,p03365,/mnt/d/Dev/Github/transformer-defect-prediction/data/processed/sources/p03365/C++/s572339737.cpp:12:5: error: conflicting declaration ‘int dp’
s088020501,p03368,/mnt/d/Dev/Github/transformer-defect-prediction/data/processed/sources/p03368/C++/s088020501.cpp:33:13: error: declaration of ‘operator<’ as non-function
s914550441,p03368,/mnt/d/Dev/Github/transformer-defect-prediction/data/processed/sources/p03368/C++/s914550441.cpp:29:9: error: template argument 1 is invalid
s328137278,p03370,/mnt/d/Dev/Github/transformer-defect-prediction/data/processed/sources/p03370/C++/s328137278.cpp:8:16: error: array must be initialized with a brace-enclosed initializer
s951466739,p03371,/mnt/d/Dev/Github/transformer-defect-prediction/data/processed/sources/p03371/C++/s951466739.cpp:3:17: error: ‘stdl’ is not a namespace-name
s326297029,p03374,/mnt/d/Dev/Github/transformer-defect-prediction/data/processed/sources/p03374/C++/s326297029.cpp:46:23: error: assignment of read-only location ‘sm.std::vector<long int>::operator[](0)’
s576854358,p03378,/mnt/d/Dev/Github/transformer-defect-prediction/data/processed/sources/p03378/C++/s576854358.cpp:20:11: error: invalid types ‘int[int]’ for array subscript
s575089066,p03378,/mnt/d/Dev/Github/transformer-defect-prediction/data/processed/sources/p03378/C++/s575089066.cpp:3:30: error: invalid digit ‘9’ in octal constant
s015583112,p03379,/mnt/d/Dev/Github/transformer-defect-prediction/data/processed/sources/p03379/C++/s015583112.cpp:3:19: error: size of array ‘a’ is not an integral constant-expression
s397315496,p03379,/mnt/d/Dev/Github/transformer-defect-prediction/data/processed/sources/p03379/C++/s397315496.cpp:35:47: error: cannot bind rvalue reference of type ‘long long int&&’ to lvalue of type ‘long long int’
s814042439,p03379,/usr/include/c++/15/bits/predefined_ops.h:196:30: error: invalid initialization of reference of type ‘const x&’ from expression of type ‘const int’
s433011925,p03386,/mnt/d/Dev/Github/transformer-defect-prediction/data/processed/sources/p03386/C++/s433011925.cpp:15:13: error: fixed-point types not supported in C++
s683762567,p03388,/mnt/d/Dev/Github/transformer-defect-prediction/data/processed/sources/p03388/C++/s683762567.cpp:68:35: error: inconsistent types ‘int’ and ‘long int’ deduced for lambda return type
s236619943,p03392,/mnt/d/Dev/Github/transformer-defect-prediction/data/processed/sources/p03392/C++/s236619943.cpp:7:34: error: template argument 1 is invalid
s489054261,p03392,/mnt/d/Dev/Github/transformer-defect-prediction/data/processed/sources/p03392/C++/s489054261.cpp:110:5: error: class template argument deduction failed:
s379761653,p03393,/mnt/d/Dev/Github/transformer-defect-prediction/data/processed/sources/p03393/C++/s379761653.cpp:38:13: error: break statement not within loop or switch
s185484652,p03393,"/mnt/d/Dev/Github/transformer-defect-prediction/data/processed/sources/p03393/C++/s185484652.cpp:55:9: error: could not convert ‘s.std::__cxx11::basic_string<char>::operator=(((const char*)""zyxwvutsrqponmlkjihgfedcba""))’ from ‘std::__cxx11::basic_string<char>’ to ‘bool’"
s476265021,p03393,"/mnt/d/Dev/Github/transformer-defect-prediction/data/processed/sources/p03393/C++/s476265021.cpp:12:18: error: could not convert ‘words.std::__cxx11::basic_string<char>::operator=(((const char*)""zyxwvutsrqponmlkjihgfedcba""))’ from ‘std::__cxx11::basic_string<char>’ to ‘bool’"
s520535175,p03393,/mnt/d/Dev/Github/transformer-defect-prediction/data/processed/sources/p03393/C++/s520535175.cpp:30:26: error: cannot resolve overloaded function ‘back’ based on conversion to type ‘char’
s477469919,p03393,/mnt/d/Dev/Github/transformer-defect-prediction/data/processed/sources/p03393/C++/s477469919.cpp:60:39: error: conversion from ‘char’ to non-scalar type ‘std::string’ {aka ‘std::__cxx11::basic_string<char>’} requested
s414898311,p03397,
s073738089,p03400,/mnt/d/Dev/Github/transformer-defect-prediction/data/processed/sources/p03400/C++/s073738089.cpp:21:2: error: expected class-name at end of input
s090970041,p03400,/mnt/d/Dev/Github/transformer-defect-prediction/data/processed/sources/p03400/C++/s090970041.cpp:17:26: error: invalid types ‘int[int]’ for array subscript
s557150203,p03401,/mnt/d/Dev/Github/transformer-defect-prediction/data/processed/sources/p03401/C++/s557150203.cpp:9:9: error: conflicting declaration ‘long long int A [0]’
s191583145,p03401,/mnt/d/Dev/Github/transformer-defect-prediction/data/processed/sources/p03401/C++/s191583145.cpp:15:25: error: invalid types ‘int[int]’ for array subscript
s385991162,p03404,/mnt/d/Dev/Github/transformer-defect-prediction/data/processed/sources/p03404/C++/s385991162.cpp:63:13: error: ‘else’ without a previous ‘if’
s342232840,p03405,"/mnt/d/Dev/Github/transformer-defect-prediction/data/processed/sources/p03405/C++/s342232840.cpp:75:33: error: return-statement with no value, in function returning ‘int’ [-fpermissive]"
s144717448,p03405,/mnt/d/Dev/Github/transformer-defect-prediction/data/processed/sources/p03405/C++/s144717448.cpp:63:5: error: new types may not be defined in a return type
s562130479,p03408,/mnt/d/Dev/Github/transformer-defect-prediction/data/processed/sources/p03408/C++/s562130479.cpp:14:29: error: no ‘operator++(int)’ declared for postfix ‘++’ [-fpermissive]
s546753086,p03408,/mnt/d/Dev/Github/transformer-defect-prediction/data/processed/sources/p03408/C++/s546753086.cpp:22:29: error: missing template arguments before ‘.’ token
s415534864,p03409,/mnt/d/Dev/Github/transformer-defect-prediction/data/processed/sources/p03409/C++/s415534864.cpp:20:101: error: ‘red’ is not captured
s706784752,p03414,/mnt/d/Dev/Github/transformer-defect-prediction/data/processed/sources/p03414/C++/s706784752.cpp:118:2: error: ‘#endif’ without ‘#if’
s316541758,p03416,/mnt/d/Dev/Github/transformer-defect-prediction/data/processed/sources/p03416/C++/s316541758.cpp:12:21: error: conversion from ‘std::stringstream’ {aka ‘std::__cxx11::basic_stringstream<char>’} to non-scalar type ‘std::string’ {aka ‘std::__cxx11::basic_string<char>’} requested
s060391143,p03418,/mnt/d/Dev/Github/transformer-defect-prediction/data/processed/sources/p03418/C++/s060391143.cpp:17:24: error: invalid type argument of unary ‘*’ (have ‘ll’ {aka ‘long long int’})
s913935557,p03419,/mnt/d/Dev/Github/transformer-defect-prediction/data/processed/sources/p03419/C++/s913935557.cpp:23:2: error: expected class-name at end of input
s366797052,p03421,/mnt/d/Dev/Github/transformer-defect-prediction/data/processed/sources/p03421/C++/s366797052.cpp:30:12: error: conversion from ‘int’ to non-scalar type ‘std::vector<long long int>’ requested
s907352838,p03424,"/mnt/d/Dev/Github/transformer-defect-prediction/data/processed/sources/p03424/C++/s907352838.cpp:7:11: error: found ‘:’ in nested-name-specifier, expected ‘::’"
s254107158,p03428,/mnt/d/Dev/Github/transformer-defect-prediction/data/processed/sources/p03428/C++/s254107158.cpp:1:30: error: ‘#pragma GCC optimize’ string is badly formed
s429223306,p03428,"/mnt/d/Dev/Github/transformer-defect-prediction/data/processed/sources/p03428/C++/s429223306.cpp:84:5: error: return-statement with no value, in function returning ‘int’ [-fpermissive]"
s325092167,p03429,/mnt/d/Dev/Github/transformer-defect-prediction/data/processed/sources/p03429/C++/s325092167.cpp:23:14: error: invalid digit ‘9’ in octal constant
s599497914,p03429,"/mnt/d/Dev/Github/transformer-defect-prediction/data/processed/sources/p03429/C++/s599497914.cpp:28:16: error: return-statement with a value, in function returning ‘void’ [-fpermissive]"
s167799996,p03430,/mnt/d/Dev/Github/transformer-defect-prediction/data/processed/sources/p03430/C++/s167799996.cpp:64:10: error: size of array ‘edges’ is not an integral constant-expression
s833640095,p03433,"/mnt/d/Dev/Github/transformer-defect-prediction/data/processed/sources/p03433/C++/s833640095.cpp:10:12: error: unable to find numeric literal operator ‘operator""""；’"
s990828376,p03433,"/mnt/d/Dev/Github/transformer-defect-prediction/data/processed/sources/p03433/C++/s990828376.cpp:1:9: error: ‘#include’ expects ‘""FILENAME""’ or ‘<FILENAME>’"
s551399002,p03434,/mnt/d/Dev/Github/transformer-defect-prediction/data/processed/sources/p03434/C++/s551399002.cpp:8:16: error: conflicting declaration ‘std::vector<int> a’
s596512940,p03436,"/mnt/d/Dev/Github/transformer-defect-prediction/data/processed/sources/p03436/C++/s596512940.cpp:32:9: error: invalid use of non-static member function ‘void std::queue<_Tp, _Sequence>::pop() [with _Tp = std::pair<int, int>; _Sequence = std::deque<std::pair<int, int>, std::allocator<std::pair<int, int> > >]’"
s856757300,p03437,/mnt/d/Dev/Github/transformer-defect-prediction/data/processed/sources/p03437/C++/s856757300.cpp:13:5: error: ‘else’ without a previous ‘if’
s726606964,p03438,"/mnt/d/Dev/Github/transformer-defect-prediction/data/processed/sources/p03438/C++/s726606964.cpp:50:13: error: macro ‘REP’ requires 2 arguments, but only 1 given"
s866841801,p03438,
s462913824,p03438,/mnt/d/Dev/Github/transformer-defect-prediction/data/processed/sources/p03438/C++/s462913824.cpp:11:32: error: assignment of read-only location ‘sitA.std::_Rb_tree_const_iterator<int>::operator*()’
s921927842,p03439,/mnt/d/Dev/Github/transformer-defect-prediction/data/processed/sources/p03439/C++/s921927842.cpp:11:22: error: cast from ‘void*’ to ‘int’ loses precision [-fpermissive]
s170097970,p03442,/mnt/d/Dev/Github/transformer-defect-prediction/data/processed/sources/p03442/C++/s170097970.cpp:4:7: error: size of array ‘w’ is not an integral constant-expression
s539954867,p03445,/mnt/d/Dev/Github/transformer-defect-prediction/data/processed/sources/p03445/C++/s539954867.cpp:22:30: error: variable or field ‘vnique’ declared void
s731657440,p03445,/mnt/d/Dev/Github/transformer-defect-prediction/data/processed/sources/p03445/C++/s731657440.cpp:22:30: error: variable or field ‘vnique’ declared void
s485324384,p03446,/mnt/d/Dev/Github/transformer-defect-prediction/data/processed/sources/p03446/C++/s485324384.cpp:119:33: error: invalid type argument of unary ‘*’ (have ‘int’)
s777647458,p03451,/mnt/d/Dev/Github/transformer-defect-prediction/data/processed/sources/p03451/C++/s777647458.cpp:26:26: error: conversion from ‘node*’ to non-scalar type ‘node’ requested
s840197525,p03451,"/mnt/d/Dev/Github/transformer-defect-prediction/data/processed/sources/p03451/C++/s840197525.cpp:122:43: error: there are no arguments to ‘__min’ that depend on a template parameter, so a declaration of ‘__min’ must be available [-Wtemplate-body]"
s785204230,p03454,/mnt/d/Dev/Github/transformer-defect-prediction/data/processed/sources/p03454/C++/s785204230.cpp:13:16: error: class template argument deduction failed:
s848482268,p03454,/mnt/d/Dev/Github/transformer-defect-prediction/data/processed/sources/p03454/C++/s848482268.cpp:537:1: error: two or more data types in declaration of ‘main’
s032491122,p03455,
s598428922,p03455,
s631242160,p03455,
s901958707,p03455,
s614256324,p03455,
s985420607,p03455,
s803259326,p03455,
s229308374,p03455,
s070569662,p03455,
s180467503,p03455,
s330326931,p03455,
s052951925,p03455,
s791225406,p03455,
s361422269,p03455,
s310093414,p03455,
s974801058,p03456,
s170072102,p03456,
s000715849,p03456,
s708093631,p03456,
s674037175,p03456,
s461097875,p03456,
s936550245,p03456,
s769950045,p03457,
s645749059,p03457,
s903111322,p03457,
s774917824,p03457,
s574815434,p03457,
s754624260,p03457,
s447894939,p03457,
s457306688,p03457,
s883639475,p03457,
s697426621,p03457,
s222177291,p03457,
s786379075,p03457,
s670412998,p03457,
s051751928,p03457,
s765174127,p03457,
s308631646,p03457,
s265869141,p03457,
s263440485,p03457,
s440288714,p03458,
s448129927,p03458,
s376257824,p03458,
s892580235,p03458,
s088092146,p03458,
s957608294,p03458,
s650322364,p03458,
s897859267,p03458,
s494015069,p03458,
s661571105,p03458,
s168869908,p03458,
s987201772,p03458,
s982686499,p03458,
s812614817,p03458,
s206223194,p03458,
s605499188,p03458,
s139802774,p03458,
s561546547,p03458,
s235029426,p03459,
s267352005,p03459,
s494687603,p03459,
s513859212,p03459,
s944487715,p03459,
s388570747,p03459,
s504509805,p03459,
s808879876,p03459,
s388101611,p03459,
s044947967,p03459,
s361500137,p03459,
s451884646,p03459,
s126782096,p03459,
s813637291,p03459,
s752383190,p03459,
s246873166,p03459,
s577021785,p03459,
s618981180,p03459,
s064964966,p03460,
s336928647,p03460,
s619655948,p03460,
s669277804,p03460,
s160131755,p03460,
s617972795,p03460,
s607231253,p03460,
s222129715,p03460,
s293265415,p03460,
s251855412,p03460,
s088214939,p03460,
s328554927,p03460,
s626494146,p03460,
s039535517,p03460,
s417769259,p03460,
s968052167,p03460,
s944560288,p03460,
s204227131,p03460,
s890766970,p03461,
s576246838,p03461,
s263684601,p03461,
s206817654,p03461,
s142921092,p03461,
s049724032,p03461,
s803025649,p03461,
s263639299,p03462,
s459458297,p03462,
s005367012,p03462,
s162751306,p03463,
s727727185,p03463,
s427538821,p03463,
s172248897,p03463,
s564200061,p03463,
s407529693,p03463,
s206350086,p03463,
s687829997,p03464,
s429069472,p03464,
s106745882,p03464,
s865552242,p03464,
s619108484,p03464,
s730530258,p03464,
s280979585,p03464,
s799164241,p03465,
s973369253,p03465,
s405690988,p03465,
s580672737,p03465,
s875945043,p03465,
s927486908,p03465,
s602350267,p03465,
s638675007,p03466,
s010855991,p03466,
s768904098,p03466,
s766984501,p03466,
s091848838,p03466,
s481142122,p03466,
s658178132,p03466,
s139702348,p03467,
s740173968,p03467,
s885253228,p03467,
s092134975,p03467,
s480689365,p03467,
s380040737,p03467,
s935832842,p03468,
s043626657,p03468,
s192075529,p03468,
s158009812,p03468,
s805196996,p03468,
s988742456,p03469,
s164169193,p03469,
s815175670,p03469,
s128386036,p03469,
s417529390,p03469,
s617866716,p03469,
s186631377,p03469,
s304218204,p03470,
s360173270,p03470,
s635513574,p03470,
s143500591,p03470,
s836191516,p03470,
s865036444,p03470,
s626481856,p03470,
s459937687,p03470,
s604276784,p03470,
s240108985,p03470,
s388900445,p03470,
s232043919,p03470,
s122934086,p03470,
s671056750,p03470,
s800199300,p03470,
s305941555,p03470,
s366884935,p03470,
s520581408,p03470,
s338245887,p03471,
s766043262,p03471,
s493949997,p03471,
s367208673,p03471,
s161549803,p03471,
s841372578,p03471,
s202522412,p03471,
s188095551,p03471,
s958755222,p03471,
s546773810,p03471,
s119127221,p03471,
s224003278,p03471,
s219644784,p03471,
s110056996,p03471,
s546288779,p03471,
s242151290,p03471,
s567577838,p03471,
s848130754,p03471,
s304142268,p03472,
s495492769,p03472,
s184711731,p03472,
s324721309,p03472,
s892754788,p03472,
s695488981,p03472,
s941378034,p03472,
s887350658,p03472,
s639853526,p03472,
s905454536,p03472,
s642329333,p03472,
s580571026,p03472,
s716635782,p03472,
s830777336,p03472,
s524033704,p03472,
s016482823,p03472,
s107079818,p03472,
s933863025,p03472,
s723188411,p03473,
s193609345,p03473,
s712284825,p03473,
s953697654,p03473,
s690834953,p03473,
s889499594,p03473,
s177451724,p03473,
s855994865,p03473,
s789970034,p03473,
s677816112,p03473,
s368927301,p03473,
s012649469,p03473,
s707560831,p03473,
s655142761,p03473,
s927730817,p03473,
s895515259,p03473,
s113961185,p03473,
s009850441,p03473,
s190407445,p03474,
s098855060,p03474,
s107604354,p03474,
s068883993,p03474,
s252269477,p03474,
s045939954,p03474,
s823429254,p03474,
s693156251,p03475,
s051653197,p03475,
s256982672,p03475,
s188674560,p03475,
s969269007,p03475,
s783781631,p03475,
s278142597,p03475,
s687838187,p03476,
s485493949,p03476,
s901108001,p03476,
s541023624,p03476,
s631336131,p03476,
s555383828,p03476,
s936487784,p03476,
s749082505,p03477,
s745283287,p03477,
s226886284,p03477,
s180978103,p03477,
s338769129,p03477,
s739915266,p03477,
s323781445,p03477,
s568907497,p03477,
s043925298,p03477,
s871651954,p03477,
s862149079,p03477,
s191033153,p03477,
s479833215,p03477,
s870853249,p03477,
s958656030,p03477,
s686329169,p03477,
s396174893,p03477,
s526332094,p03477,
s775574200,p03478,
s321299582,p03478,
s957273814,p03478,
s911557532,p03478,
s432458010,p03478,
s758801781,p03478,
s747105700,p03478,
s714793971,p03478,
s264488913,p03478,
s329134389,p03478,
s331526058,p03478,
s958655928,p03478,
s980215501,p03478,
s314412493,p03478,
s206046289,p03478,
s765068561,p03478,
s453433530,p03478,
s527027141,p03478,
s307361065,p03479,
s902140433,p03479,
s096137560,p03479,
s133496459,p03479,
s684198930,p03479,
s870239310,p03479,
s476279020,p03479,
s644243245,p03480,
s508091089,p03480,
s965159795,p03480,
s500581751,p03480,
s255221435,p03480,
s720819498,p03480,
s671002792,p03480,
s957152661,p03480,
s366931020,p03480,
s253763545,p03480,
s259829584,p03480,
s899915958,p03480,
s857780105,p03480,
s592267117,p03480,
s583074739,p03480,
s890776205,p03480,
s887917155,p03480,
s055434463,p03480,
s155748183,p03481,
s059569398,p03481,
s640321862,p03481,
s073909265,p03481,
s474089795,p03481,
s407541812,p03481,
s321865756,p03481,
s323082061,p03482,
s824777707,p03482,
s154481725,p03482,
s284154782,p03482,
s618180652,p03482,
s827751015,p03482,
s251380640,p03482,
s902965406,p03483,
s458754706,p03483,
s815589416,p03483,
s001367032,p03483,
s804157971,p03483,
s906641645,p03483,
s440889242,p03483,
s547843546,p03484,
s463657622,p03484,
s086901255,p03484,
s896901093,p03484,
s169543296,p03484,
s703310411,p03484,
s070992804,p03485,
s897140156,p03485,
s672556107,p03485,
s017394755,p03485,
s177268408,p03485,
s871606796,p03485,
s610693167,p03485,
s811036854,p03485,
s723355599,p03485,
s897542697,p03485,
s752152992,p03485,
s174092130,p03485,
s268959629,p03485,
s766245559,p03485,
s000678814,p03485,
s779553206,p03485,
s182045320,p03485,
s559227331,p03485,
s293435849,p03486,
s374380694,p03486,
s175013203,p03486,
s360965117,p03486,
s969739387,p03486,
s165341812,p03486,
s472236187,p03486,
s943172843,p03487,
s739661893,p03487,
s852144137,p03487,
s658971368,p03487,
s825006151,p03487,
s730378690,p03487,
s378033525,p03487,
s456470460,p03487,
s410339735,p03487,
s541080185,p03487,
s525152053,p03487,
s543402343,p03487,
s649726236,p03487,
s737368242,p03487,
s903068075,p03487,
s021115435,p03487,
s094081640,p03487,
s907063768,p03487,
s247620584,p03488,
s566264279,p03488,
s114950551,p03488,
s188613719,p03488,
s200603931,p03488,
s724338218,p03488,
s080591003,p03488,
s972809552,p03489,
s131473801,p03489,
s268755794,p03489,
s507542131,p03489,
s568284530,p03489,
s205631637,p03489,
s844802105,p03489,
s078438275,p03490,
s056923585,p03490,
s441038910,p03490,
s565641216,p03490,
s516642134,p03490,
s452182351,p03490,
s866514843,p03490,
s237393342,p03491,
s511185986,p03491,
s007174135,p03491,
s704190598,p03491,
s115942300,p03491,
s842047270,p03491,
s543984142,p03491,
s517454268,p03491,
s491013814,p03491,
s898338863,p03491,
s516182263,p03491,
s075951551,p03491,
s371769898,p03491,
s930198681,p03491,
s504668665,p03491,
s971167243,p03491,
s353278294,p03491,
s360013009,p03491,
s650366009,p03492,
s357917586,p03492,
s486661772,p03492,
s464895286,p03492,
s446480510,p03492,
s392665148,p03492,
s772097951,p03492,
s240439921,p03493,
s806095419,p03493,
s303627637,p03493,
s646898263,p03493,
s853010765,p03493,
s037540433,p03493,
s579495003,p03493,
s292912134,p03493,
s580450833,p03493,
s485584608,p03493,
s953757108,p03493,
s851450268,p03493,
s684770359,p03493,
s386425872,p03493,
s402680501,p03493,
s305691209,p03493,
s762440489,p03493,
s768433186,p03493,
s572828466,p03494,
s918214677,p03494,
s542204527,p03494,
s070124283,p03494,
s042594417,p03494,
s215749231,p03494,
s331403230,p03494,
s266510051,p03494,
s254357369,p03494,
s983860742,p03494,
s539335489,p03494,
s004515833,p03494,
s533130099,p03494,
s677640438,p03494,
s997318104,p03494,
s723069276,p03494,
s046093428,p03494,
s670137966,p03494,
s735810651,p03495,
s418455541,p03495,
s359040756,p03495,
s050945628,p03495,
s302295203,p03495,
s055843889,p03495,
s752559517,p03495,
s029762302,p03496,
s799319009,p03496,
s195376053,p03496,
s220835331,p03496,
s375547808,p03496,
s967000831,p03496,
s720252880,p03496,
s956303769,p03496,
s896894035,p03496,
s111201996,p03496,
s602152692,p03496,
s684386759,p03496,
s767920275,p03496,
s394169029,p03496,
s713154267,p03496,
s533397277,p03496,
s963027409,p03496,
s127467341,p03496,
s619314046,p03497,
s598359039,p03497,
s498156973,p03497,
s700675862,p03497,
s490120996,p03497,
s226835004,p03497,
s515187874,p03497,
s787296777,p03498,
s001129867,p03498,
s109194205,p03498,
s017858281,p03498,
s079334807,p03498,
s316511524,p03498,
s664122824,p03498,
s721080935,p03498,
s445727853,p03498,
s872159161,p03498,
s086175852,p03498,
s735889117,p03498,
s933518515,p03498,
s545568054,p03498,
s804212922,p03498,
s628681990,p03498,
s811692801,p03498,
s357484964,p03498,
s308686540,p03499,
s867166377,p03499,
s340710923,p03499,
s515791516,p03499,
s321116774,p03499,
s353888364,p03499,
s952352670,p03499,
s200488742,p03499,
s751640629,p03499,
s409360499,p03499,
s522126433,p03499,
s598823843,p03499,
s579232120,p03499,
s576077523,p03499,
s030461336,p03499,
s952165529,p03499,
s871443955,p03499,
s633677755,p03500,
s770158636,p03500,
s833972222,p03500,
s033792863,p03500,
s835052402,p03500,
s736782837,p03500,
s753191644,p03501,
s825383832,p03501,
s877605767,p03501,
s832304538,p03501,
s756706414,p03501,
s638177716,p03501,
s989616667,p03501,
s560874985,p03501,
s593410655,p03501,
s605562026,p03501,
s633104643,p03501,
s930479691,p03501,
s434963867,p03501,
s633970144,p03501,
s542933150,p03501,
s422866028,p03501,
s430547653,p03501,
s600455424,p03501,
s298040888,p03502,
s230813526,p03502,
s465598525,p03502,
s036804593,p03502,
s002031754,p03502,
s756142346,p03502,
s564556588,p03502,
s214584427,p03502,
s456163986,p03502,
s910507812,p03502,
s980545313,p03502,
s074555571,p03502,
s189288649,p03502,
s963242562,p03502,
s372441293,p03502,
s983906770,p03502,
s063275593,p03502,
s057772473,p03502,
s963311150,p03503,
s941100256,p03503,
s470628107,p03503,
s208824620,p03503,
s941031241,p03503,
s501721276,p03503,
s526147603,p03503,
s028932379,p03504,
s579027854,p03504,
s532176637,p03504,
s831236647,p03504,
s303782799,p03504,
s593232340,p03504,
s042112876,p03504,
s465870115,p03505,
s705507748,p03505,
s521780698,p03505,
s838204905,p03505,
s748303441,p03505,
s619301808,p03505,
s196126557,p03505,
s211368033,p03506,
s557747843,p03506,
s080974429,p03506,
s375970844,p03506,
s818493079,p03506,
s851540857,p03506,
s899043954,p03507,
s237849704,p03507,
s054918666,p03507,
s441378961,p03507,
s596491274,p03507,
s074115777,p03507,
s028070986,p03508,
s443749190,p03508,
s239731506,p03508,
s730471407,p03509,
s554269388,p03509,
s386793779,p03509,
s858723557,p03511,
s441658406,p03511,
s506326245,p03511,
s836687116,p03511,
s132993341,p03512,
s968556096,p03512,
s815753400,p03513,
s125857134,p03513,
s828569537,p03514,
s802645136,p03514,
s226313591,p03515,
s389135611,p03515,
s987913832,p03515,
s642806684,p03515,
s548185343,p03515,
s970396404,p03515,
s416658978,p03516,
s976802086,p03517,
s495685570,p03517,
s560046002,p03517,
s289379850,p03517,
s267247191,p03518,
s050448056,p03518,
s277253654,p03519,
s332409981,p03519,
s068973530,p03519,
s120812763,p03519,
s740317524,p03520,
s829401656,p03520,
s345490128,p03520,
s647557011,p03521,
s577084009,p03521,
s524181516,p03521,
s504865070,p03521,
s235820376,p03521,
s470868846,p03522,
s199095836,p03523,
s446432086,p03523,
s168191481,p03523,
s932560544,p03523,
s712787441,p03523,
s093606511,p03523,
s128759019,p03523,
s067000891,p03524,
s439683543,p03524,
s145082505,p03524,
s231309756,p03524,
s197031074,p03524,
s412906949,p03524,
s361924296,p03524,
s064563791,p03525,
s441098597,p03525,
s506886080,p03525,
s290153572,p03525,
s122528755,p03525,
s670321346,p03525,
s176465080,p03525,
s344310604,p03526,
s529115212,p03526,
s866792307,p03526,
s618422957,p03526,
s202349496,p03526,
s384839581,p03526,
s045624380,p03527,
s374802306,p03527,
s259483239,p03527,
s045321437,p03527,
s539432872,p03527,
s851116892,p03527,
s629148474,p03528,
s185627931,p03528,
s151967645,p03528,
s151370904,p03528,
s419143922,p03528,
s547848305,p03528,
s982098160,p03528,
s582850430,p03528,
s454761937,p03528,
s312075563,p03528,
s336366748,p03528,
s095155640,p03528,
s527906185,p03529,
s524931908,p03530,
s648373639,p03530,
s440874596,p03530,
s580041522,p03530,
s992190344,p03530,
s201572983,p03532,
s922570352,p03532,
s900203206,p03532,
s986069898,p03532,
s943740786,p03532,
s113612868,p03532,
s788631118,p03533,
s408422327,p03533,
s144115704,p03533,
s962657927,p03533,
s324522680,p03533,
s693619211,p03533,
s233102430,p03533,
s235312077,p03534,
s871649560,p03534,
s454581177,p03534,
s512648809,p03534,
s960691090,p03534,
s925444072,p03534,
s904179466,p03534,
s592473092,p03534,
s402476128,p03534,
s018619966,p03534,
s145370524,p03534,
s960734351,p03534,
s120758170,p03534,
s696130524,p03534,
s632825346,p03534,
s826338235,p03534,
s695296046,p03534,
s300880658,p03535,
s306301801,p03535,
s063297633,p03535,
s620973352,p03535,
s825406808,p03535,
s422299776,p03535,
s488024229,p03535,
s017256432,p03536,
s459615850,p03536,
s463207003,p03536,
s937357476,p03536,
s822055074,p03536,
s291446119,p03536,
s463035269,p03536,
s944067656,p03536,
s368004792,p03536,
s996619280,p03536,
s104616667,p03536,
s992738159,p03536,
s731757738,p03536,
s476897586,p03536,
s374677090,p03536,
s589080924,p03536,
s720008668,p03536,
s491339692,p03537,
s729861214,p03537,
s074008530,p03537,
s199191219,p03537,
s488630385,p03538,
s612745259,p03538,
s983834955,p03538,
s528313524,p03538,
s019306567,p03539,
s696794885,p03541,
s867077050,p03542,
s358925959,p03542,
s963372631,p03543,
s405987024,p03543,
s916063131,p03543,
s469681416,p03543,
s947246630,p03543,
s152620722,p03543,
s447051608,p03543,
s722800453,p03543,
s116427356,p03543,
s016899126,p03543,
s437991604,p03543,
s390132327,p03543,
s255257650,p03543,
s003742186,p03543,
s968841701,p03543,
s068477654,p03543,
s827408217,p03543,
s836877429,p03543,
s490167780,p03544,
s133807769,p03544,
s853315033,p03544,
s107834094,p03544,
s410255022,p03544,
s132845623,p03544,
s102079249,p03544,
s779828268,p03544,
s825122404,p03544,
s300988476,p03544,
s076690088,p03544,
s200611408,p03544,
s152255048,p03544,
s126635343,p03544,
s500628625,p03544,
s602342559,p03544,
s858018250,p03544,
s865827898,p03544,
s294176142,p03545,
s615973558,p03545,
s635890841,p03545,
s090221662,p03545,
s518229227,p03545,
s683571486,p03545,
s331879039,p03545,
s687021332,p03545,
s616405093,p03545,
s265209314,p03545,
s382447238,p03545,
s561103357,p03545,
s634348969,p03545,
s223697611,p03545,
s199472072,p03545,
s372084882,p03545,
s762684455,p03545,
s693718417,p03545,
s379027285,p03546,
s724346250,p03546,
s348653960,p03546,
s507658058,p03546,
s737181085,p03546,
s696968228,p03546,
s185590088,p03546,
s835620712,p03546,
s303888426,p03546,
s778205103,p03546,
s159064586,p03546,
s917565771,p03546,
s315331014,p03546,
s717845336,p03546,
s314526015,p03546,
s834253718,p03546,
s555111954,p03546,
s303892627,p03546,
s385484561,p03547,
s343601719,p03547,
s682730785,p03547,
s615158264,p03547,
s604262847,p03547,
s355994196,p03547,
s081057045,p03547,
s053996610,p03547,
s557633180,p03547,
s581734257,p03547,
s349891429,p03547,
s014034984,p03547,
s919571876,p03547,
s666433724,p03547,
s234452130,p03547,
s582610654,p03547,
s745923347,p03547,
s452012781,p03547,
s530317549,p03548,
s296825407,p03548,
s863695351,p03548,
s213598065,p03548,
s963393115,p03548,
s414479333,p03548,
s069602006,p03548,
s119747937,p03549,
s431113537,p03549,
s631111172,p03549,
s660247752,p03549,
s525282239,p03549,
s622641569,p03549,
s164740829,p03549,
s239590718,p03549,
s063846070,p03549,
s752642424,p03549,
s074200298,p03549,
s934738880,p03549,
s868656650,p03549,
s463692326,p03549,
s148006129,p03549,
s246692977,p03549,
s235289714,p03549,
s137302278,p03549,
s679885795,p03550,
s787743317,p03550,
s765515726,p03550,
s707895061,p03550,
s784073651,p03550,
s721138331,p03550,
s170647424,p03550,
s220873846,p03550,
s889443590,p03550,
s304717255,p03550,
s577679064,p03550,
s420019084,p03550,
s044757891,p03550,
s970893620,p03550,
s220852061,p03550,
s564936967,p03550,
s699995024,p03550,
s196496527,p03550,
s249651099,p03551,
s026577400,p03551,
s369539553,p03551,
s039103158,p03551,
s009439819,p03551,
s698448640,p03551,
s180582645,p03551,
s671622543,p03551,
s535010442,p03551,
s901943300,p03551,
s430750383,p03551,
s681380798,p03551,
s528999351,p03551,
s163924716,p03551,
s167566571,p03551,
s803431822,p03551,
s129372433,p03551,
s828656107,p03552,
s123478934,p03552,
s673227057,p03552,
s144870120,p03552,
s404663841,p03552,
s750832239,p03552,
s964028648,p03553,
s404043647,p03553,
s759730872,p03553,
s512124554,p03553,
s041083924,p03553,
s500944915,p03553,
s765265998,p03553,
s755054695,p03554,
s230130981,p03554,
s674146472,p03554,
s407599140,p03554,
s791936000,p03554,
s722591698,p03554,
s559983437,p03554,
s947764958,p03555,
s135627091,p03555,
s763743706,p03555,
s289978572,p03555,
s876479440,p03555,
s824450679,p03555,
s071778196,p03555,
s217389074,p03556,
s287474624,p03556,
s770640025,p03556,
s774271156,p03556,
s294132001,p03556,
s181961925,p03556,
s586483770,p03556,
s116192853,p03557,
s958265499,p03557,
s387745622,p03557,
s245093471,p03557,
s991338929,p03557,
s991861870,p03557,
s956731490,p03557,
s561224148,p03558,
s305110057,p03558,
s387986054,p03558,
s692829923,p03558,
s276100856,p03558,
s957258863,p03558,
s336862774,p03558,
s039546030,p03558,
s684529462,p03558,
s432599264,p03558,
s280472994,p03558,
s526865389,p03558,
s826249906,p03558,
s644757326,p03558,
s818290437,p03558,
s477962920,p03558,
s623953241,p03558,
s699713528,p03558,
s207866347,p03559,
s735343396,p03559,
s759677839,p03559,
s243499137,p03559,
s237732645,p03559,
s040872435,p03559,
s747011749,p03559,
s631814411,p03560,
s635336675,p03560,
s265255508,p03560,
s339281223,p03560,
s240983016,p03560,
s243833324,p03560,
s257408668,p03560,
s157035133,p03560,
s767543614,p03560,
s365059310,p03560,
s638172162,p03560,
s749259919,p03560,
s910226786,p03560,
s604382659,p03560,
s096566787,p03560,
s463565435,p03560,
s496668660,p03560,
s641383463,p03560,
s045645527,p03561,
s134305378,p03561,
s913093487,p03561,
s761516186,p03561,
s327426655,p03561,
s221637953,p03561,
s128303852,p03562,
s849770661,p03562,
s619801879,p03562,
s533826284,p03562,
s681367267,p03562,
s534381785,p03562,
s669573897,p03563,
s175919416,p03563,
s591061161,p03563,
s343459454,p03563,
s894695486,p03563,
s780379064,p03563,
s422583001,p03563,
s342768538,p03563,
s224836702,p03563,
s266314508,p03563,
s308455480,p03563,
s440227676,p03563,
s458319101,p03563,
s714382934,p03563,
s228785686,p03563,
s772528927,p03563,
s186583698,p03563,
s652631782,p03563,
s883487539,p03564,
s506764529,p03564,
s445472756,p03564,
s510924299,p03564,
s001439597,p03564,
s168355993,p03564,
s268778789,p03564,
s263841246,p03565,
s589737551,p03565,
s133857654,p03565,
s445883498,p03565,
s293494192,p03565,
s343380831,p03565,
s269131016,p03565,
s858937758,p03565,
s373200808,p03565,
s962336773,p03565,
s322242997,p03565,
s360704357,p03565,
s537661897,p03565,
s835165138,p03565,
s400725991,p03565,
s411246530,p03565,
s512731490,p03565,
s799746208,p03565,
s270690493,p03566,
s215311117,p03566,
s877701135,p03566,
s958105582,p03566,
s053592466,p03566,
s534473965,p03566,
s521085080,p03566,
s629659766,p03567,
s760171832,p03567,
s846859457,p03567,
s748881102,p03567,
s763149284,p03567,
s070333974,p03567,
s294421749,p03567,
s221755578,p03567,
s829480440,p03567,
s462133432,p03567,
s356344775,p03567,
s477193829,p03567,
s182685052,p03567,
s738921141,p03567,
s992455696,p03567,
s856691624,p03567,
s338975015,p03567,
s288134454,p03567,
s972249318,p03568,
s919283136,p03568,
s475126544,p03568,
s435770793,p03568,
s233608749,p03568,
s919477078,p03568,
s445836653,p03568,
s629736373,p03569,
s225387848,p03569,
s945618153,p03569,
s402670921,p03569,
s799064326,p03569,
s616179322,p03569,
s463706043,p03569,
s102155028,p03570,
s714366276,p03570,
s792018615,p03570,
s377465525,p03570,
s932418894,p03570,
s529172152,p03570,
s132170877,p03570,
s587241514,p03572,
s841407519,p03572,
s292445195,p03572,
s371288713,p03572,
s382563151,p03572,
s953797418,p03572,
s595041294,p03573,
s420845537,p03573,
s741114796,p03573,
s591146279,p03573,
s769194898,p03573,
s793755106,p03573,
s800544031,p03573,
s361821901,p03574,
s558523936,p03574,
s298195130,p03574,
s096525556,p03574,
s744943338,p03574,
s629185993,p03574,
s080841232,p03574,
s459218758,p03574,
s585776543,p03574,
s657506802,p03574,
s865305319,p03574,
s493733605,p03574,
s146375100,p03574,
s019561243,p03574,
s674718409,p03574,
s609878314,p03574,
s087814913,p03574,
s330180385,p03574,
s712209474,p03575,
s189946907,p03575,
s612726572,p03575,
s070220294,p03575,
s748615204,p03575,
s742292939,p03575,
s563293541,p03575,
s284286023,p03576,
s673966208,p03576,
s385956232,p03576,
s077131706,p03576,
s108316966,p03576,
s850219635,p03576,
s463501661,p03576,
s380394095,p03576,
s713310436,p03576,
s195342923,p03576,
s356167130,p03576,
s408848960,p03576,
s654161496,p03576,
s808858635,p03576,
s844431602,p03576,
s141399600,p03576,
s975906898,p03576,
s189699865,p03576,
s163707326,p03577,
s289218057,p03577,
s727299388,p03577,
s339386415,p03577,
s712354016,p03577,
s137543242,p03577,
s676266340,p03577,
s854323714,p03577,
s794296762,p03577,
s518036882,p03577,
s994003514,p03577,
s597725798,p03577,
s519881805,p03577,
s953329366,p03577,
s290071865,p03577,
s920440648,p03577,
s892568581,p03577,
s320849352,p03577,
s427264175,p03578,
s930818447,p03578,
s841977189,p03578,
s674366461,p03578,
s361534617,p03578,
s079248957,p03578,
s216795306,p03578,
s692676831,p03579,
s413308550,p03579,
s301218511,p03579,
s968851634,p03579,
s305166349,p03579,
s860581391,p03579,
s252821831,p03579,
s297353100,p03580,
s535334494,p03580,
s278443026,p03580,
s033830092,p03580,
s957840596,p03580,
s277267837,p03580,
s407428352,p03580,
s871794319,p03581,
s400099179,p03581,
s715622470,p03581,
s623572561,p03581,
s782475631,p03582,
s646407969,p03582,
s589615824,p03582,
s122657271,p03582,
s261868873,p03582,
s620606081,p03582,
s695102640,p03582,
s109156516,p03583,
s343689900,p03583,
s162012486,p03583,
s788565357,p03583,
s054700503,p03583,
s409679009,p03583,
s548889418,p03583,
s380032693,p03584,
s873814822,p03584,
s933867347,p03584,
s405106588,p03584,
s729937883,p03584,
s638081591,p03584,
s411236084,p03584,
s405011693,p03585,
s404520759,p03585,
s728238365,p03585,
s560012805,p03585,
s973628122,p03585,
s041119819,p03585,
s483198013,p03585,
s689781572,p03586,
s203500032,p03586,
s381459181,p03586,
s489019752,p03586,
s359510765,p03586,
s264282976,p03586,
s005947407,p03587,
s113433599,p03587,
s400473892,p03587,
s315671924,p03587,
s220149364,p03587,
s078373419,p03587,
s659319637,p03587,
s726547002,p03588,
s421906194,p03588,
s685799123,p03588,
s301002008,p03588,
s003533626,p03588,
s377833433,p03588,
s729371416,p03588,
s995677190,p03589,
s377853410,p03589,
s386774048,p03589,
s087126872,p03589,
s338111616,p03589,
s041344349,p03589,
s023944047,p03589,
s660836878,p03589,
s909586571,p03589,
s235648413,p03589,
s324806016,p03589,
s134308817,p03589,
s970021636,p03589,
s632686972,p03589,
s079479652,p03589,
s318754709,p03589,
s462350460,p03589,
s820052872,p03590,
s747567612,p03590,
s954735293,p03590,
s210977033,p03590,
s679571323,p03590,
s021319788,p03590,
s715308336,p03590,
s820861171,p03591,
s375336360,p03591,
s165560446,p03591,
s323041696,p03591,
s226835217,p03591,
s325895000,p03591,
s057038310,p03591,
s821220657,p03592,
s116718243,p03592,
s250267357,p03592,
s965960826,p03592,
s977049643,p03592,
s663746499,p03592,
s605509639,p03592,
s235842258,p03593,
s114245888,p03593,
s585066501,p03593,
s961767136,p03593,
s233738471,p03593,
s195513502,p03593,
s488205398,p03593,
s162540858,p03594,
s522352508,p03594,
s487400425,p03594,
s291546250,p03594,
s811232227,p03594,
s953882739,p03594,
s871740244,p03594,
s154836792,p03594,
s846676202,p03594,
s524049811,p03594,
s238588232,p03594,
s290199659,p03594,
s648158539,p03594,
s847324470,p03594,
s530738248,p03594,
s169054187,p03594,
s039325325,p03594,
s666142103,p03594,
s364563083,p03595,
s133477804,p03595,
s230266538,p03596,
s065375225,p03596,
s184397622,p03596,
s824988986,p03596,
s481866211,p03596,
s983966320,p03597,
s643311072,p03597,
s311085273,p03597,
s582137247,p03597,
s570032609,p03597,
s746756987,p03597,
s658609347,p03597,
s231125317,p03597,
s689236633,p03597,
s760630204,p03597,
s873561191,p03597,
s308283071,p03597,
s200012856,p03597,
s484562242,p03597,
s717785095,p03597,
s924501795,p03597,
s076026670,p03597,
s141565573,p03597,
s491427265,p03598,
s820227577,p03598,
s375619521,p03598,
s739100013,p03598,
s080266279,p03598,
s425368852,p03598,
s251323627,p03598,
s235921898,p03599,
s629600007,p03599,
s382690185,p03599,
s802896149,p03599,
s079346715,p03599,
s593234658,p03599,
s956428860,p03599,
s651180462,p03599,
s668744359,p03599,
s595668344,p03599,
s219611785,p03599,
s214242427,p03599,
s195021199,p03599,
s118760935,p03599,
s908371312,p03599,
s890323878,p03599,
s162066669,p03599,
s969670746,p03599,
s097609998,p03600,
s673053942,p03600,
s362329902,p03600,
s494108342,p03600,
s404086960,p03600,
s488848598,p03600,
s504461650,p03600,
s761263528,p03601,
s318827498,p03601,
s758840494,p03601,
s609713064,p03601,
s887353510,p03601,
s749144847,p03601,
s222032381,p03601,
s625702318,p03601,
s098018778,p03601,
s741420331,p03601,
s299709408,p03601,
s997669273,p03601,
s266159861,p03601,
s475373338,p03601,
s068013513,p03601,
s957070946,p03601,
s525151397,p03601,
s295757632,p03601,
s850870667,p03602,
s293329171,p03602,
s171564579,p03602,
s020595875,p03602,
s875357509,p03602,
s883428301,p03602,
s273956534,p03602,
s756016543,p03603,
s590194882,p03603,
s739239479,p03603,
s267189755,p03603,
s556075387,p03603,
s005610896,p03603,
s745366182,p03603,
s588340233,p03604,
s103935707,p03604,
s644786845,p03604,
s927304906,p03604,
s111204101,p03604,
s823250529,p03604,
s433555790,p03604,
s645736696,p03604,
s105706689,p03604,
s163926076,p03604,
s171815968,p03604,
s253955963,p03604,
s205265055,p03604,
s931470596,p03604,
s293254592,p03604,
s060744116,p03604,
s754511907,p03604,
s581099033,p03605,
s138312848,p03605,
s727225888,p03605,
s307518308,p03605,
s147565458,p03605,
s525537804,p03605,
s638244091,p03606,
s708376455,p03606,
s508433980,p03606,
s468215689,p03606,
s824979042,p03606,
s112863837,p03606,
s241225774,p03606,
s854856284,p03606,
s062652751,p03606,
s775762656,p03606,
s562404883,p03606,
s940131864,p03606,
s722367560,p03606,
s801227507,p03606,
s956417238,p03606,
s699289963,p03606,
s985287242,p03606,
s789864767,p03606,
s725973246,p03607,
s731930202,p03607,
s912167806,p03607,
s009171039,p03607,
s090377173,p03607,
s268875855,p03607,
s169838167,p03607,
s363960747,p03607,
s655003144,p03607,
s664878289,p03607,
s864511079,p03607,
s392467868,p03607,
s345389202,p03607,
s363062586,p03607,
s406880625,p03607,
s678183458,p03607,
s818511135,p03607,
s557965918,p03607,
s636840259,p03608,
s684652047,p03608,
s925191274,p03608,
s945241333,p03608,
s190599658,p03608,
s725225570,p03608,
s238919914,p03608,
s410487746,p03608,
s665259538,p03608,
s956573388,p03608,
s752289614,p03608,
s181451395,p03608,
s407611722,p03608,
s050716057,p03608,
s276088258,p03608,
s097925455,p03608,
s182863206,p03608,
s024316457,p03608,
s672259011,p03609,
s860958871,p03609,
s792170686,p03609,
s667296816,p03609,
s223634675,p03609,
s855300739,p03609,
s927748266,p03609,
s548041095,p03609,
s649721637,p03609,
s283406408,p03609,
s478300879,p03609,
s734208358,p03609,
s422804264,p03609,
s908902519,p03609,
s220798180,p03609,
s333780126,p03609,
s929660059,p03609,
s987271364,p03609,
s360214516,p03610,
s141101291,p03610,
s291219850,p03610,
s332944220,p03610,
s733142443,p03610,
s348400792,p03610,
s097508756,p03610,
s747721369,p03610,
s847642322,p03610,
s202403654,p03610,
s316658855,p03610,
s341272645,p03610,
s617465696,p03610,
s831714350,p03610,
s233170550,p03610,
s950316036,p03610,
s328297299,p03610,
s667253637,p03610,
s924438806,p03611,
s652336590,p03611,
s948986541,p03611,
s118614453,p03611,
s688389048,p03611,
s887959089,p03611,
s229174476,p03611,
s497156357,p03612,
s379602404,p03612,
s755261148,p03612,
s439686851,p03612,
s742064458,p03612,
s037771303,p03612,
s530895299,p03612,
s393187515,p03613,
s950697757,p03613,
s338402223,p03613,
s400027828,p03613,
s761723218,p03613,
s617377824,p03613,
s124150935,p03613,
s457364040,p03614,
s749044415,p03614,
s915968928,p03614,
s181654112,p03614,
s360058949,p03614,
s863170369,p03614,
s265546648,p03614,
s934672286,p03615,
s290888629,p03615,
s209279772,p03615,
s106296281,p03615,
s169728758,p03615,
s958176135,p03615,
s225091645,p03615,
s851477076,p03616,
s732177943,p03616,
s749210556,p03616,
s703968766,p03616,
s353373438,p03616,
s244575266,p03616,
s061150825,p03616,
s269887286,p03617,
s564518037,p03617,
s657422320,p03617,
s917249613,p03617,
s660661785,p03617,
s884786984,p03617,
s389062157,p03617,
s074891015,p03618,
s969447904,p03618,
s017046344,p03618,
s528304446,p03618,
s616404896,p03618,
s572841935,p03618,
s460019087,p03618,
s116523990,p03618,
s589935771,p03618,
s107987584,p03618,
s937479580,p03618,
s593083026,p03618,
s233359116,p03618,
s964339283,p03618,
s500692614,p03618,
s625427196,p03618,
s367730089,p03618,
s456460985,p03618,
s028273102,p03619,
s142769606,p03619,
s950596965,p03619,
s477416393,p03619,
s638870725,p03619,
s075627739,p03619,
s961055502,p03619,
s888466053,p03619,
s208145923,p03619,
s569849530,p03619,
s795061167,p03619,
s766117243,p03619,
s672864568,p03619,
s868613402,p03619,
s535886298,p03619,
s547525506,p03619,
s778572406,p03619,
s673566069,p03619,
s544754778,p03620,
s219951881,p03620,
s979965538,p03620,
s780111271,p03620,
s258800532,p03620,
s284369946,p03620,
s758545374,p03620,
s459373106,p03621,
s400380788,p03621,
s281785028,p03621,
s077234975,p03621,
s837847611,p03621,
s574544483,p03621,
s219229957,p03621,
s361650945,p03622,
s719262984,p03622,
s837981689,p03622,
s034425478,p03622,
s065568892,p03622,
s868276970,p03622,
s453582284,p03623,
s945638625,p03623,
s409239823,p03623,
s738231830,p03623,
s641019967,p03623,
s340160112,p03623,
s506159947,p03623,
s473488520,p03624,
s859074913,p03624,
s827953853,p03624,
s303887086,p03624,
s112861360,p03624,
s353412441,p03624,
s678501733,p03624,
s160907307,p03625,
s360920413,p03625,
s707320421,p03625,
s085433094,p03625,
s936744864,p03625,
s341554170,p03625,
s713939780,p03625,
s374128921,p03625,
s548761406,p03625,
s841664705,p03625,
s124497893,p03625,
s412138086,p03625,
s227117278,p03625,
s043387131,p03625,
s815065426,p03625,
s522000422,p03625,
s229815087,p03625,
s813113074,p03625,
s329221185,p03626,
s063953386,p03626,
s573139782,p03626,
s009994650,p03626,
s966224914,p03626,
s118586044,p03626,
s341178500,p03626,
s491516765,p03627,
s818282090,p03627,
s313320417,p03627,
s593091691,p03627,
s673239458,p03627,
s172603374,p03627,
s871530445,p03627,
s559337572,p03627,
s157010045,p03627,
s913508479,p03627,
s442305724,p03627,
s037279027,p03627,
s148921214,p03627,
s115065742,p03627,
s046278860,p03627,
s767477139,p03627,
s247160662,p03627,
s949377169,p03627,
s932933605,p03628,
s527291374,p03628,
s886642801,p03628,
s399310774,p03628,
s752691970,p03628,
s519133675,p03628,
s991576593,p03628,
s488890460,p03629,
s472428176,p03629,
s296882578,p03629,
s997089722,p03629,
s383342514,p03629,
s910501616,p03629,
s641000368,p03629,
s903889810,p03630,
s020977633,p03630,
s778957512,p03630,
s173724266,p03630,
s514780836,p03630,
s481385132,p03630,
s351563210,p03630,
s592305314,p03631,
s209960184,p03631,
s864218606,p03631,
s729150426,p03631,
s883334018,p03631,
s832000032,p03631,
s409213283,p03631,
s743842137,p03632,
s928137561,p03632,
s631283053,p03632,
s728589586,p03632,
s670890598,p03632,
s942598847,p03632,
s703396428,p03632,
s462004261,p03633,
s434982449,p03633,
s109908834,p03633,
s433114936,p03633,
s069467110,p03633,
s385085126,p03633,
s777012340,p03633,
s393704335,p03634,
s771102258,p03634,
s851666838,p03634,
s892373111,p03634,
s890976015,p03634,
s617661694,p03634,
s609133182,p03634,
s116482896,p03634,
s574949946,p03634,
s008010289,p03634,
s481034761,p03634,
s779213780,p03634,
s337995642,p03634,
s523271023,p03634,
s925575091,p03634,
s864929650,p03634,
s069056907,p03634,
s116250712,p03634,
s692738303,p03635,
s138989143,p03635,
s888862604,p03635,
s063698451,p03635,
s527673912,p03635,
s195479778,p03635,
s171335646,p03635,
s975300783,p03636,
s365624669,p03636,
s494939482,p03636,
s262300315,p03636,
s159787881,p03636,
s872992498,p03636,
s949188303,p03636,
s021363375,p03636,
s701720063,p03636,
s408278389,p03636,
s072666486,p03636,
s089398431,p03636,
s336489415,p03636,
s362097141,p03636,
s251096346,p03636,
s856754784,p03636,
s812396976,p03636,
s861245172,p03636,
s786411118,p03637,
s300978567,p03637,
s095183780,p03637,
s015946534,p03637,
s618657713,p03637,
s478261689,p03637,
s438940348,p03637,
s658683679,p03638,
s230872639,p03638,
s878082039,p03638,
s019201469,p03638,
s428691046,p03638,
s358279308,p03638,
s471694296,p03638,
s209150741,p03639,
s431986607,p03639,
s990051160,p03639,
s966225539,p03639,
s046074658,p03639,
s854428965,p03639,
s118742054,p03639,
s841120618,p03640,
s777781365,p03640,
s100229835,p03640,
s699436458,p03640,
s471194779,p03640,
s622953963,p03640,
s740710142,p03640,
s525783351,p03641,
s000701327,p03641,
s263152949,p03641,
s379545526,p03641,
s578916367,p03641,
s427367084,p03641,
s317674250,p03641,
s265978327,p03641,
s348590658,p03641,
s694113637,p03641,
s694836361,p03641,
s205910311,p03641,
s902981779,p03641,
s660441207,p03641,
s253889403,p03641,
s260862115,p03641,
s314844019,p03641,
s382151072,p03641,
s952959093,p03642,
s912406550,p03642,
s165663399,p03642,
s730672103,p03642,
s309962367,p03642,
s319889579,p03642,
s073968794,p03642,
s309496927,p03642,
s935762164,p03642,
s594916901,p03642,
s556241169,p03642,
s690730342,p03642,
s081967272,p03642,
s391150082,p03642,
s026511934,p03642,
s141706647,p03642,
s604378923,p03642,
s012526178,p03642,
s945211100,p03643,
s601505104,p03643,
s519579267,p03643,
s111959406,p03643,
s124034175,p03643,
s675845978,p03643,
s740947239,p03643,
s828551690,p03643,
s624860572,p03643,
s085524222,p03643,
s705515110,p03643,
s909997011,p03643,
s476688215,p03643,
s925847347,p03643,
s640935766,p03643,
s002216763,p03643,
s116653237,p03643,
s813424873,p03643,
s898400626,p03644,
s930952425,p03644,
s924090411,p03644,
s093985024,p03644,
s566573376,p03644,
s982788061,p03644,
s534815182,p03644,
s370798624,p03645,
s829228434,p03645,
s193513081,p03645,
s192849489,p03645,
s715606962,p03645,
s976011868,p03645,
s602871783,p03645,
s776598501,p03646,
s517808206,p03646,
s286745840,p03646,
s123263166,p03646,
s124291458,p03646,
s228409348,p03646,
s057746781,p03646,
s337631713,p03647,
s009256202,p03647,
s680584053,p03647,
s517422166,p03647,
s761426351,p03647,
s189463842,p03647,
s490335985,p03647,
s290834222,p03648,
s602648073,p03648,
s529062372,p03648,
s557893818,p03648,
s264916830,p03648,
s832351775,p03648,
s878723874,p03648,
s095063764,p03648,
s707171656,p03648,
s140095723,p03648,
s170410512,p03648,
s342774927,p03648,
s572765202,p03648,
s631456140,p03648,
s379943736,p03648,
s971903929,p03648,
s145931198,p03648,
s409733764,p03648,
s439887050,p03649,
s540038878,p03649,
s243330055,p03649,
s947796491,p03649,
s911973010,p03649,
s565899291,p03649,
s729046156,p03649,
s098909643,p03649,
s462368989,p03649,
s848530901,p03649,
s550731554,p03649,
s894202989,p03649,
s060728883,p03649,
s819866174,p03649,
s998893122,p03649,
s034614817,p03649,
s073809430,p03649,
s255554373,p03650,
s781247323,p03650,
s327087377,p03650,
s826815450,p03650,
s323680243,p03650,
s439118894,p03650,
s564586510,p03650,
s840076620,p03650,
s376728847,p03650,
s114811085,p03650,
s946667197,p03650,
s612844614,p03650,
s038466027,p03650,
s648065596,p03650,
s749849501,p03650,
s324771953,p03650,
s033060218,p03650,
s131581104,p03651,
s204939925,p03651,
s278843289,p03651,
s068493623,p03651,
s651433973,p03651,
s988397702,p03651,
s783492659,p03651,
s529945564,p03651,
s709334060,p03651,
s551826721,p03651,
s104148039,p03651,
s621521940,p03651,
s027031118,p03651,
s189134710,p03651,
s770263913,p03651,
s855785820,p03651,
s019589325,p03651,
s171796138,p03651,
s791828069,p03652,
s365120701,p03652,
s003722218,p03652,
s686979155,p03652,
s706550260,p03652,
s319045796,p03652,
s149692708,p03652,
s706679221,p03652,
s423848088,p03652,
s575390051,p03652,
s615093766,p03652,
s113733873,p03652,
s319490494,p03652,
s984550445,p03652,
s471291897,p03652,
s429403195,p03652,
s529723120,p03652,
s544219991,p03652,
s018368777,p03653,
s985217216,p03653,
s033442588,p03653,
s491267353,p03653,
s191641434,p03653,
s949852276,p03653,
s476083769,p03653,
s505516451,p03654,
s131323945,p03654,
s067144726,p03654,
s030937225,p03654,
s985476294,p03654,
s209752363,p03654,
s184459236,p03654,
s766658876,p03655,
s640090764,p03655,
s302407508,p03655,
s624409057,p03655,
s814905757,p03655,
s283807924,p03655,
s759490411,p03655,
s759980554,p03655,
s748982943,p03655,
s071666740,p03655,
s227195543,p03655,
s283594213,p03655,
s608358879,p03655,
s563921736,p03655,
s023810483,p03655,
s984641788,p03655,
s188979236,p03656,
s323116521,p03656,
s960530695,p03656,
s524580989,p03656,
s775774664,p03656,
s770555749,p03656,
s141591667,p03657,
s373611030,p03657,
s840382569,p03657,
s414220249,p03657,
s601221830,p03657,
s693971457,p03657,
s273096545,p03657,
s524703998,p03658,
s381740813,p03658,
s620855319,p03658,
s037040403,p03658,
s262055542,p03658,
s184668606,p03658,
s158988230,p03658,
s131929103,p03659,
s688679400,p03659,
s136328556,p03659,
s700776474,p03659,
s581850374,p03659,
s014832343,p03659,
s403569479,p03659,
s911602801,p03660,
s854022733,p03660,
s733807050,p03660,
s353324767,p03660,
s333131575,p03660,
s943636836,p03660,
s244577311,p03660,
s884319088,p03661,
s874113965,p03661,
s399508099,p03661,
s379017104,p03661,
s343011890,p03661,
s792549316,p03661,
s371259796,p03661,
s784267630,p03661,
s506191963,p03661,
s519816111,p03661,
s022983177,p03661,
s674079362,p03661,
s277992723,p03661,
s882277523,p03661,
s633032638,p03661,
s871395535,p03661,
s837106493,p03661,
s100193741,p03661,
s389124671,p03662,
s279333787,p03662,
s518621015,p03662,
s185068864,p03662,
s679095266,p03662,
s571033055,p03662,
s725753270,p03662,
s008679719,p03663,
s868134949,p03663,
s416452538,p03663,
s147062979,p03663,
s704011182,p03663,
s828503770,p03663,
s484636486,p03663,
s101597741,p03664,
s362548011,p03664,
s428662472,p03664,
s213129094,p03664,
s475806037,p03664,
s931850310,p03664,
s641417454,p03664,
s574052238,p03664,
s450472676,p03664,
s469927902,p03664,
s727801196,p03664,
s103210641,p03664,
s636918228,p03664,
s718966140,p03664,
s656884571,p03664,
s538373769,p03664,
s440617363,p03664,
s123526610,p03665,
s121260047,p03665,
s561263346,p03665,
s173002710,p03665,
s876752048,p03665,
s849372910,p03665,
s343832120,p03665,
s697435518,p03666,
s751441408,p03666,
s607803825,p03666,
s606534988,p03666,
s068326696,p03666,
s563968535,p03666,
s223602391,p03666,
s887836718,p03667,
s678508041,p03667,
s401321793,p03667,
s493593189,p03667,
s045772676,p03667,
s659766319,p03667,
s051497684,p03667,
s920524277,p03667,
s929360935,p03667,
s136461288,p03667,
s226729908,p03667,
s864009875,p03667,
s603591633,p03667,
s897162893,p03667,
s299793768,p03667,
s106607795,p03667,
s106199974,p03667,
s088356614,p03668,
s873701711,p03668,
s490619060,p03668,
s754938235,p03668,
s036197848,p03668,
s551049165,p03668,
s774238297,p03668,
s268863220,p03668,
s118877476,p03668,
s966313476,p03668,
s763663497,p03668,
s730260209,p03668,
s237659871,p03668,
s510152669,p03668,
s011614043,p03668,
s183574642,p03668,
s397929080,p03668,
s773625872,p03668,
s387350573,p03669,
s941292504,p03669,
s482107946,p03669,
s832193581,p03669,
s764102524,p03669,
s982545589,p03669,
s357648144,p03669,
s099582289,p03669,
s170573692,p03669,
s154982523,p03669,
s876650303,p03669,
s539337260,p03670,
s123916291,p03670,
s563312661,p03670,
s340456448,p03670,
s916163306,p03670,
s442481532,p03670,
s083667097,p03671,
s598505460,p03671,
s899979190,p03671,
s001037937,p03671,
s043364349,p03671,
s250646311,p03671,
s432009484,p03671,
s092410287,p03671,
s176530141,p03671,
s621135207,p03671,
s658516703,p03671,
s704724255,p03671,
s699802266,p03671,
s075155783,p03671,
s023180207,p03671,
s997296005,p03671,
s750991349,p03671,
s237559180,p03671,
s557510332,p03672,
s464016970,p03672,
s160734661,p03672,
s512936667,p03672,
s995757031,p03672,
s425615739,p03672,
s788058030,p03672,
s953790370,p03672,
s936811035,p03672,
s515469964,p03672,
s213818367,p03672,
s017610610,p03672,
s161468638,p03672,
s082654959,p03672,
s760570902,p03672,
s820008534,p03672,
s315813387,p03672,
s423017677,p03672,
s803057806,p03673,
s088193178,p03673,
s866717313,p03673,
s606610822,p03673,
s550785370,p03673,
s323341448,p03673,
s552624169,p03673,
s288173174,p03674,
s801016203,p03674,
s541117362,p03674,
s991836100,p03674,
s673212350,p03674,
s251219315,p03674,
s183987192,p03674,
s206026232,p03674,
s860477740,p03674,
s946110378,p03674,
s059716128,p03674,
s333554329,p03674,
s917948453,p03674,
s695399975,p03674,
s968631906,p03674,
s818951057,p03674,
s004535764,p03674,
s601789582,p03674,
s146085901,p03675,
s362895980,p03675,
s460815707,p03675,
s848854588,p03675,
s202010357,p03675,
s871159160,p03675,
s974162835,p03675,
s300787039,p03676,
s037865441,p03676,
s798918706,p03676,
s243101849,p03676,
s765699063,p03676,
s134197012,p03676,
s291548113,p03676,
s111337974,p03677,
s315258682,p03677,
s387751857,p03677,
s189757535,p03677,
s823402445,p03677,
s740895086,p03677,
s283450593,p03677,
s302995735,p03677,
s172723609,p03677,
s651524870,p03677,
s619408963,p03677,
s880392321,p03677,
s754472002,p03677,
s473295116,p03677,
s453773296,p03677,
s108921370,p03677,
s438525220,p03677,
s049513317,p03678,
s702465258,p03678,
s441476676,p03678,
s032379536,p03678,
s978288778,p03678,
s992570757,p03678,
s238717995,p03678,
s461725710,p03678,
s472251268,p03678,
s893574502,p03678,
s567088609,p03678,
s356820727,p03678,
s686519780,p03678,
s351884529,p03678,
s638573192,p03678,
s925099667,p03678,
s943604047,p03678,
s097183500,p03679,
s712786097,p03679,
s139346501,p03679,
s060491962,p03679,
s391393960,p03679,
s984690456,p03679,
s778006514,p03679,
s815485828,p03679,
s728362913,p03679,
s570530764,p03679,
s501868403,p03679,
s507759801,p03679,
s104375408,p03679,
s592611002,p03679,
s355527572,p03679,
s910604055,p03679,
s844734871,p03679,
s808048746,p03679,
s743475066,p03680,
s633010876,p03680,
s303248055,p03680,
s310841029,p03680,
s944153398,p03680,
s155333913,p03680,
s091768954,p03680,
s670378767,p03680,
s455689250,p03680,
s664789586,p03680,
s780613771,p03680,
s694719782,p03680,
s903686049,p03680,
s998605604,p03680,
s394399434,p03680,
s381207325,p03680,
s662604505,p03680,
s865393337,p03680,
s138717178,p03681,
s224355363,p03681,
s542024997,p03681,
s640751260,p03681,
s617929590,p03681,
s555275320,p03681,
s689009182,p03681,
s737558229,p03681,
s601678500,p03681,
s772059551,p03681,
s626253561,p03681,
s663732533,p03681,
s813319308,p03681,
s926100575,p03681,
s513620966,p03681,
s669373452,p03681,
s906473031,p03681,
s076248899,p03681,
s754739583,p03682,
s634007167,p03682,
s041124546,p03682,
s415168162,p03682,
s223947612,p03682,
s276855421,p03682,
s707551005,p03682,
s136858283,p03683,
s563752338,p03683,
s432517155,p03683,
s522441269,p03683,
s522414801,p03683,
s524656135,p03683,
s438128784,p03683,
s916810393,p03684,
s501421843,p03684,
s035849177,p03684,
s913298631,p03684,
s527079372,p03684,
s691415225,p03684,
s649432188,p03684,
s464888398,p03684,
s530558300,p03684,
s746031122,p03684,
s586982734,p03684,
s391725196,p03684,
s073657044,p03684,
s044214285,p03684,
s598255479,p03684,
s085570527,p03684,
s581793612,p03684,
s592265330,p03684,
s486505810,p03685,
s899195769,p03685,
s132853159,p03685,
s600637147,p03685,
s749582068,p03685,
s548493622,p03685,
s653250048,p03685,
s898837726,p03686,
s219907595,p03686,
s077268040,p03686,
s310049557,p03686,
s603238076,p03686,
s851290795,p03686,
s834592484,p03686,
s437329215,p03687,
s755351566,p03687,
s262855878,p03687,
s053593316,p03687,
s514660907,p03687,
s972050898,p03687,
s349307785,p03688,
s150441314,p03688,
s067877718,p03688,
s786885504,p03688,
s544916300,p03688,
s779576565,p03688,
s943051630,p03688,
s433800951,p03688,
s416358793,p03688,
s285472122,p03688,
s391247659,p03688,
s763881633,p03688,
s129307030,p03688,
s702416313,p03688,
s779604265,p03688,
s826468674,p03688,
s011931544,p03688,
s070859126,p03688,
s724351536,p03689,
s788816237,p03689,
s113503527,p03689,
s409381491,p03689,
s721132246,p03689,
s013479549,p03689,
s589770407,p03689,
s216208034,p03690,
s848309052,p03690,
s750510525,p03690,
s564276627,p03690,
s035869137,p03690,
s010851599,p03690,
s198024264,p03690,
s355610857,p03690,
s851738363,p03690,
s242284468,p03690,
s677861255,p03690,
s775524802,p03690,
s516164102,p03690,
s889198709,p03690,
s219265663,p03690,
s004987902,p03690,
s357568590,p03690,
s607558512,p03690,
s227178724,p03691,
s360333813,p03691,
s732369717,p03691,
s873325203,p03691,
s182675340,p03691,
s647558418,p03691,
s466726314,p03692,
s063358872,p03692,
s414126404,p03692,
s077251631,p03693,
s521423004,p03693,
s195869798,p03693,
s201750600,p03693,
s609976752,p03693,
s076336165,p03693,
s791866725,p03693,
s172568315,p03694,
s602903246,p03694,
s719791370,p03694,
s380731570,p03694,
s970541923,p03694,
s903321535,p03694,
s304032982,p03694,
s441913204,p03695,
s256285456,p03695,
s145936047,p03695,
s244425214,p03695,
s985463783,p03695,
s092610832,p03695,
s282648990,p03695,
s691352153,p03695,
s493304778,p03695,
s118125691,p03695,
s761082291,p03695,
s674592779,p03695,
s203913064,p03695,
s003570535,p03695,
s409638476,p03695,
s337332445,p03695,
s948657132,p03695,
s594836470,p03695,
s883849875,p03696,
s454367090,p03696,
s466280765,p03696,
s803844935,p03696,
s977738091,p03696,
s828708211,p03696,
s606378299,p03696,
s694638477,p03697,
s017049037,p03697,
s866294903,p03697,
s043259979,p03697,
s530397673,p03697,
s572763054,p03697,
s751765456,p03697,
s485922136,p03698,
s116639580,p03698,
s776499958,p03698,
s649341382,p03698,
s423486891,p03698,
s580075300,p03698,
s508388359,p03698,
s030203526,p03699,
s179241554,p03699,
s834569233,p03699,
s098709538,p03699,
s511525418,p03699,
s625804834,p03699,
s229716775,p03699,
s779934305,p03700,
s707774461,p03700,
s410684587,p03700,
s109310062,p03700,
s761230811,p03700,
s488772997,p03700,
s454195424,p03700,
s558344241,p03700,
s593112246,p03700,
s865932767,p03700,
s966744427,p03700,
s767628890,p03700,
s965372260,p03700,
s277096968,p03700,
s323364725,p03700,
s135299795,p03700,
s575162362,p03700,
s383756780,p03700,
s520963720,p03701,
s424887766,p03701,
s135819098,p03701,
s767141363,p03701,
s317359195,p03701,
s791276196,p03701,
s953259611,p03701,
s671008684,p03702,
s295274780,p03702,
s331645175,p03702,
s871392218,p03702,
s851625917,p03702,
s757246654,p03702,
s800031824,p03702,
s046388869,p03702,
s693705944,p03702,
s127829797,p03702,
s402579362,p03702,
s495778815,p03702,
s476415714,p03702,
s117440974,p03702,
s116868281,p03702,
s951143516,p03702,
s301901622,p03702,
s510704997,p03702,
s623578502,p03703,
s603908775,p03703,
s634923496,p03703,
s212620658,p03703,
s994986927,p03703,
s640887072,p03703,
s008528006,p03703,
s220276889,p03703,
s358747739,p03703,
s234730659,p03703,
s725848722,p03703,
s293837753,p03703,
s000297724,p03703,
s062092106,p03703,
s483805550,p03703,
s847649736,p03703,
s139793370,p03703,
s211352953,p03703,
s384591795,p03704,
s413788111,p03704,
s391974766,p03704,
s485445372,p03704,
s235705854,p03704,
s299867378,p03704,
s715245181,p03704,
s853747763,p03705,
s924152656,p03705,
s959054202,p03705,
s011088259,p03705,
s313390389,p03705,
s840772804,p03705,
s321043942,p03705,
s609712801,p03706,
s195937662,p03706,
s179533081,p03707,
s987939641,p03707,
s158130792,p03707,
s576303018,p03707,
s937802550,p03707,
s749908908,p03707,
s644562399,p03707,
s633329839,p03708,
s700862186,p03708,
s926254975,p03708,
s656408804,p03708,
s019461899,p03708,
s541531898,p03708,
s292955873,p03708,
s249270888,p03708,
s191846161,p03708,
s562087017,p03708,
s472875303,p03708,
s666113584,p03708,
s268777314,p03708,
s005771693,p03708,
s935910408,p03708,
s316840956,p03708,
s448015950,p03708,
s647244078,p03709,
s025248678,p03709,
s633425100,p03709,
s254848085,p03709,
s285647243,p03709,
s479289230,p03709,
s165308426,p03710,
s263273980,p03710,
s546801799,p03710,
s479735251,p03710,
s218923122,p03710,
s860947738,p03710,
s478984349,p03710,
s693805866,p03710,
s787791028,p03710,
s133045754,p03710,
s487519108,p03711,
s325115821,p03711,
s005155244,p03711,
s146242101,p03711,
s841464863,p03711,
s636134255,p03711,
s503869522,p03711,
s458466160,p03712,
s425472261,p03712,
s386027570,p03712,
s230200957,p03712,
s526322991,p03712,
s037808579,p03712,
s237689580,p03712,
s054452346,p03713,
s020834905,p03713,
s009237711,p03713,
s591818961,p03713,
s871883680,p03713,
s390126974,p03713,
s866156226,p03713,
s883633345,p03714,
s750206450,p03714,
s236021919,p03714,
s534001951,p03714,
s073447336,p03714,
s751157473,p03714,
s374577397,p03714,
s883875565,p03714,
s522310417,p03714,
s762889336,p03714,
s793585523,p03714,
s045822996,p03714,
s219386252,p03714,
s127902552,p03714,
s671698600,p03714,
s581104651,p03714,
s085648410,p03714,
s996814875,p03714,
s730396572,p03715,
s932287815,p03715,
s982491302,p03715,
s678606140,p03715,
s780167670,p03715,
s559099658,p03715,
s678549247,p03715,
s050930035,p03715,
s720400499,p03715,
s173896360,p03715,
s488771938,p03715,
s037391060,p03715,
s988511431,p03715,
s218592030,p03715,
s496002435,p03715,
s946636441,p03715,
s209954949,p03715,
s851339427,p03715,
s986438002,p03716,
s159351500,p03716,
s298693588,p03716,
s911536306,p03716,
s530424410,p03716,
s333346623,p03716,
s933616622,p03716,
s583555851,p03716,
s439847023,p03716,
s048096247,p03716,
s631684184,p03716,
s027110863,p03716,
s252800703,p03716,
s712794366,p03716,
s187465790,p03716,
s258003041,p03716,
s627578104,p03716,
s485030440,p03716,
s684230208,p03717,
s159205465,p03717,
s677333490,p03717,
s529932034,p03717,
s166617710,p03717,
s882752607,p03717,
s384240742,p03717,
s788918829,p03718,
s805152943,p03718,
s688007333,p03718,
s870866535,p03718,
s820329381,p03718,
s051669435,p03718,
s135566820,p03718,
s391721871,p03718,
s625631382,p03718,
s873371556,p03718,
s757290157,p03718,
s157515794,p03718,
s392487876,p03718,
s896510277,p03718,
s750267845,p03718,
s372444326,p03718,
s096822157,p03718,
s055234836,p03718,
s182842688,p03719,
s824300389,p03719,
s165746675,p03719,
s097639557,p03719,
s728870645,p03719,
s711976378,p03719,
s335248957,p03719,
s461550876,p03720,
s178506682,p03720,
s012928533,p03720,
s619744430,p03720,
s078329598,p03720,
s637128020,p03720,
s694233147,p03720,
s786198059,p03721,
s318680028,p03721,
s509760896,p03721,
s202560788,p03721,
s607473530,p03721,
s724688897,p03721,
s964049674,p03721,
s445861452,p03721,
s139875457,p03721,
s089022836,p03721,
s869461523,p03721,
s516923466,p03721,
s819178809,p03721,
s512154096,p03721,
s096607152,p03721,
s765824620,p03721,
s741177491,p03721,
s360382063,p03721,
s996845667,p03722,
s589293808,p03722,
s002153455,p03722,
s122985445,p03722,
s128894224,p03722,
s512741592,p03722,
s200728210,p03722,
s148390636,p03722,
s995511799,p03722,
s756227180,p03722,
s652896478,p03722,
s242984993,p03722,
s814306774,p03722,
s864623475,p03722,
s885543872,p03722,
s320382130,p03722,
s027380259,p03722,
s393497179,p03722,
s760610113,p03723,
s813447917,p03723,
s060485339,p03723,
s950841382,p03723,
s941943248,p03723,
s637918432,p03723,
s240674165,p03723,
s375202885,p03723,
s740570002,p03723,
s649771770,p03723,
s713569719,p03723,
s026704639,p03723,
s563287107,p03723,
s234257604,p03723,
s904704997,p03723,
s452031435,p03723,
s734006035,p03723,
s785204839,p03723,
s859951837,p03724,
s599444425,p03724,
s268992160,p03724,
s294730377,p03724,
s007779129,p03724,
s080138942,p03724,
s289293676,p03724,
s244835807,p03725,
s025545473,p03725,
s970818575,p03725,
s897300015,p03725,
s789029833,p03725,
s353627487,p03725,
s803616390,p03725,
s693210129,p03725,
s121624284,p03725,
s986140474,p03725,
s887207241,p03725,
s979857864,p03725,
s599471511,p03725,
s923378289,p03725,
s346540485,p03725,
s096997326,p03725,
s658853924,p03725,
s215127042,p03725,
s185294615,p03726,
s019637498,p03726,
s937697391,p03726,
s720702064,p03726,
s446252183,p03726,
s439545712,p03726,
s354599118,p03726,
s422951957,p03726,
s068232765,p03726,
s370450262,p03726,
s675020644,p03726,
s643817374,p03726,
s502350547,p03726,
s403792295,p03726,
s841018778,p03726,
s313530302,p03726,
s739677786,p03726,
s171975118,p03726,
s392762579,p03727,
s169859819,p03727,
s768608898,p03727,
s714986170,p03727,
s599920980,p03727,
s450150403,p03727,
s079514914,p03727,
s454061206,p03728,
s274387360,p03728,
s222238082,p03728,
s822367883,p03729,
s875707445,p03729,
s762210385,p03729,
s297763639,p03729,
s649779198,p03729,
s152279341,p03729,
s030653228,p03729,
s716345300,p03730,
s686118393,p03730,
s311400289,p03730,
s377960393,p03730,
s112568699,p03730,
s778996896,p03730,
s972333873,p03730,
s238365813,p03730,
s519368764,p03730,
s693315484,p03730,
s803607333,p03730,
s284803704,p03730,
s837693959,p03730,
s784606491,p03730,
s555809947,p03730,
s995237374,p03730,
s451947322,p03730,
s537158405,p03730,
s262007501,p03731,
s428634254,p03731,
s800510343,p03731,
s146008844,p03731,
s581277353,p03731,
s464766849,p03731,
s893117415,p03731,
s076284324,p03732,
s382934554,p03732,
s559235572,p03732,
s875780815,p03732,
s291157293,p03732,
s576750078,p03732,
s724912975,p03732,
s562396440,p03732,
s213644075,p03732,
s594529195,p03732,
s889043700,p03732,
s365447061,p03732,
s722527597,p03732,
s850923974,p03732,
s991302404,p03732,
s173672673,p03732,
s281136898,p03732,
s708638544,p03733,
s997002413,p03733,
s028042892,p03733,
s340382897,p03733,
s130999317,p03733,
s356956137,p03733,
s162952958,p03733,
s636665660,p03733,
s897110683,p03733,
s064462440,p03733,
s885945980,p03733,
s334661923,p03733,
s992519754,p03733,
s070417262,p03733,
s459674044,p03733,
s053146662,p03733,
s589994807,p03733,
s970765722,p03733,
s690624287,p03734,
s725505503,p03734,
s946400154,p03734,
s828229170,p03734,
s335410203,p03734,
s574179812,p03734,
s636006478,p03734,
s405250178,p03735,
s711651332,p03735,
s065357764,p03735,
s280180363,p03735,
s342287785,p03735,
s108091133,p03735,
s029828236,p03735,
s388150115,p03736,
s890779399,p03736,
s108968359,p03736,
s705202919,p03736,
s621675988,p03736,
s401100342,p03736,
s070823831,p03737,
s686174298,p03737,
s371974356,p03737,
s527084815,p03737,
s018644207,p03737,
s263191562,p03737,
s290452221,p03737,
s325639481,p03738,
s160903600,p03738,
s227642907,p03738,
s339260913,p03738,
s739067654,p03738,
s574838930,p03738,
s036471731,p03738,
s245663693,p03739,
s914842609,p03739,
s508815222,p03739,
s083378031,p03739,
s918938696,p03739,
s932090730,p03739,
s777829108,p03739,
s854517729,p03740,
s249315156,p03740,
s340753528,p03740,
s395873836,p03740,
s964825123,p03740,
s551837549,p03740,
s624477757,p03741,
s007569067,p03741,
s016261439,p03741,
s279065162,p03741,
s465940772,p03741,
s317532915,p03741,
s349574584,p03741,
s390628549,p03742,
s634422242,p03742,
s586375148,p03742,
s387822309,p03742,
s625217523,p03742,
s699318046,p03742,
s365474999,p03742,
s471743235,p03743,
s263599648,p03743,
s987012791,p03743,
s786798365,p03743,
s914723831,p03743,
s999024835,p03743,
s506361905,p03744,
s416988254,p03744,
s085683019,p03744,
s894382811,p03744,
s980320549,p03744,
s604726124,p03744,
s035407409,p03745,
s412903604,p03745,
s600098737,p03745,
s254675538,p03745,
s999499782,p03745,
s952993857,p03745,
s327620265,p03745,
s208475357,p03746,
s560142494,p03746,
s099113353,p03746,
s864038612,p03746,
s344892608,p03746,
s947969196,p03746,
s851817579,p03746,
s786376400,p03747,
s731707243,p03747,
s516957409,p03747,
s857441804,p03747,
s175571494,p03747,
s999824603,p03747,
s272789977,p03747,
s040782960,p03748,
s122759643,p03748,
s936540460,p03748,
s015812080,p03748,
s459825522,p03748,
s275372004,p03748,
s362841439,p03749,
s099790862,p03749,
s745735888,p03749,
s449439612,p03749,
s959496945,p03749,
s339412427,p03749,
s270364205,p03750,
s619256912,p03750,
s714626090,p03750,
s478234046,p03750,
s515713102,p03751,
s940073026,p03751,
s125947868,p03751,
s728447099,p03751,
s704167684,p03751,
s584414021,p03751,
s438064014,p03751,
s600322014,p03752,
s933958887,p03752,
s861198318,p03752,
s403710025,p03752,
s913264216,p03752,
s097782493,p03752,
s982657645,p03752,
s032227643,p03752,
s901616929,p03752,
s677863927,p03752,
s571692505,p03752,
s914932626,p03752,
s898213254,p03752,
s898065200,p03752,
s023136740,p03752,
s564446567,p03752,
s067930503,p03752,
s772206164,p03752,
s274703586,p03753,
s615854211,p03753,
s201016453,p03753,
s591788197,p03753,
s737895777,p03753,
s519630210,p03753,
s545259810,p03753,
s320044136,p03754,
s508684158,p03754,
s882117243,p03754,
s229106066,p03754,
s984567658,p03754,
s774751039,p03754,
s203104780,p03754,
s313953012,p03754,
s423695832,p03757,
s374397621,p03757,
s310379316,p03757,
s598613582,p03758,
s898024437,p03758,
s834170219,p03759,
s063829268,p03759,
s145639107,p03759,
s694107799,p03759,
s077251635,p03759,
s883669632,p03759,
s801722869,p03759,
s646059615,p03759,
s372417112,p03759,
s179608516,p03759,
s234675586,p03759,
s545764136,p03759,
s786856398,p03759,
s110834103,p03759,
s855914566,p03759,
s664616601,p03759,
s278244443,p03759,
s130548969,p03759,
s714492645,p03760,
s373570109,p03760,
s086611106,p03760,
s315768273,p03760,
s718871954,p03760,
s008466363,p03760,
s608680404,p03760,
s387802576,p03761,
s835134717,p03761,
s810416094,p03761,
s194097823,p03761,
s208120475,p03761,
s090599011,p03761,
s384405509,p03761,
s786922991,p03762,
s138271268,p03762,
s756253925,p03762,
s914075200,p03762,
s888861919,p03762,
s213724829,p03762,
s650890893,p03762,
s755417300,p03763,
s191282800,p03763,
s672664486,p03763,
s824715227,p03763,
s160576724,p03763,
s494649366,p03763,
s955535570,p03763,
s569378533,p03764,
s957665221,p03764,
s475944616,p03764,
s583149490,p03764,
s844869056,p03764,
s419184316,p03764,
s063538678,p03764,
s998172132,p03765,
s060139891,p03765,
s959658282,p03765,
s170171270,p03765,
s717188190,p03765,
s523954673,p03765,
s505434222,p03765,
s787810573,p03765,
s117263272,p03765,
s674277089,p03765,
s893761760,p03765,
s969551131,p03765,
s705304185,p03765,
s780463794,p03765,
s683232246,p03765,
s600897113,p03765,
s770553317,p03765,
s407901544,p03766,
s862023832,p03766,
s138853117,p03766,
s625402180,p03766,
s887899864,p03766,
s953253526,p03766,
s389650933,p03766,
s496623350,p03767,
s142103641,p03767,
s571842568,p03767,
s565045768,p03767,
s820309426,p03767,
s924090413,p03767,
s329070674,p03767,
s426212141,p03768,
s892156508,p03768,
s570301524,p03768,
s353764108,p03768,
s748072015,p03768,
s861953592,p03768,
s503516963,p03768,
s591504663,p03769,
s914902019,p03769,
s085454848,p03769,
s979415806,p03769,
s526320231,p03769,
s111065743,p03769,
s115501636,p03769,
s888324742,p03769,
s011990805,p03769,
s015542667,p03769,
s505935310,p03769,
s658308741,p03769,
s401336428,p03769,
s399757902,p03769,
s009396199,p03769,
s102649459,p03769,
s547596680,p03769,
s961476669,p03769,
s834570585,p03770,
s113603825,p03770,
s875982293,p03770,
s077227594,p03770,
s692307168,p03770,
s760051986,p03770,
s463378680,p03770,
s247675132,p03770,
s999514866,p03770,
s299849377,p03770,
s073976211,p03770,
s900395944,p03770,
s294374397,p03770,
s348987530,p03770,
s914929775,p03770,
s160412902,p03770,
s904618259,p03770,
s652189332,p03770,
s186907179,p03771,
s469540688,p03771,
s476884811,p03771,
s273222346,p03771,
s607357154,p03771,
s407075220,p03771,
s591089320,p03771,
s196028318,p03772,
s521388463,p03772,
s794269474,p03772,
s962161590,p03772,
s945398143,p03772,
s818256301,p03772,
s674516343,p03773,
s672879358,p03773,
s727949960,p03773,
s057958105,p03773,
s726984758,p03773,
s678535834,p03773,
s974459831,p03773,
s656366232,p03774,
s632413553,p03774,
s181868447,p03774,
s730889869,p03774,
s736101003,p03774,
s188441932,p03774,
s507978318,p03774,
s867239280,p03786,/mnt/d/Dev/Github/transformer-defect-prediction/data/processed/sources/p03786/C++/s867239280.cpp:150:22: error: conflicting declaration ‘std::vector<long long int> d’
s810678508,p03787,/mnt/d/Dev/Github/transformer-defect-prediction/data/processed/sources/p03787/C++/s810678508.cpp:16:6: error: variable or field ‘print’ declared void
s651529836,p03788,/mnt/d/Dev/Github/transformer-defect-prediction/data/processed/sources/p03788/C++/s651529836.cpp:6:39: error: section anchors must be disabled when toplevel reorder is disabled
s184338035,p03790,/mnt/d/Dev/Github/transformer-defect-prediction/data/processed/sources/p03790/C++/s184338035.cpp:23:30: error: class ‘segtree’ does not have any field named ‘put’
s732402144,p03791,/mnt/d/Dev/Github/transformer-defect-prediction/data/processed/sources/p03791/C++/s732402144.cpp:16:14: error: token ‘[’ is not valid in preprocessor expressions
s374304135,p03798,/mnt/d/Dev/Github/transformer-defect-prediction/data/processed/sources/p03798/C++/s374304135.cpp:89:7: error: break statement not within loop or switch
s446155249,p03798,/mnt/d/Dev/Github/transformer-defect-prediction/data/processed/sources/p03798/C++/s446155249.cpp:10:11: error: size of array ‘p’ is not an integral constant-expression
s445393681,p03801,"/mnt/d/Dev/Github/transformer-defect-prediction/data/processed/sources/p03801/C++/s445393681.cpp:315:9: error: return-statement with no value, in function returning ‘int’ [-fpermissive]"
s464472705,p03802,/mnt/d/Dev/Github/transformer-defect-prediction/data/processed/sources/p03802/C++/s464472705.cpp:29:17: error: ‘atcoder’ is not a namespace-name
s911585535,p03803,/mnt/d/Dev/Github/transformer-defect-prediction/data/processed/sources/p03803/C++/s911585535.cpp:5:12: error: conversion from ‘int’ to non-scalar type ‘std::string’ {aka ‘std::__cxx11::basic_string<char>’} requested
s474734609,p03804,"/mnt/d/Dev/Github/transformer-defect-prediction/data/processed/sources/p03804/C++/s474734609.cpp:47:42: error: invalid types ‘__gnu_cxx::__alloc_traits<std::allocator<int>, int>::value_type {aka int}[int]’ for array subscript"
s261938609,p03806,/mnt/d/Dev/Github/transformer-defect-prediction/data/processed/sources/p03806/C++/s261938609.cpp:8:49: error: narrowing conversion of ‘1.0e+9’ from ‘double’ to ‘int’ [-Wnarrowing]
s265042543,p03807,/mnt/d/Dev/Github/transformer-defect-prediction/data/processed/sources/p03807/C++/s265042543.cpp:10:38: error: conversion from ‘long double’ to ‘long unsigned int’ in a converted constant expression
s995326369,p03809,/mnt/d/Dev/Github/transformer-defect-prediction/data/processed/sources/p03809/C++/s995326369.cpp:37:17: error: ‘else’ without a previous ‘if’
s877586099,p03810,"/mnt/d/Dev/Github/transformer-defect-prediction/data/processed/sources/p03810/C++/s877586099.cpp:114:31: error: return-statement with a value, in function returning ‘void’ [-fpermissive]"
s214254128,p03811,/mnt/d/Dev/Github/transformer-defect-prediction/data/processed/sources/p03811/C++/s214254128.cpp:49:31: error: cannot bind non-const lvalue reference of type ‘std::vector<int>&’ to an rvalue of type ‘std::vector<int>’
s673897085,p03817,"/mnt/d/Dev/Github/transformer-defect-prediction/data/processed/sources/p03817/C++/s673897085.cpp:21:17: error: return-statement with no value, in function returning ‘int’ [-fpermissive]"
s543343318,p03817,/mnt/d/Dev/Github/transformer-defect-prediction/data/processed/sources/p03817/C++/s543343318.cpp:5:47: error: too many initializers for ‘long long int [11]’
s479665412,p03819,/mnt/d/Dev/Github/transformer-defect-prediction/data/processed/sources/p03819/C++/s479665412.cpp:41:23: error: narrowing conversion of ‘1.0e+9’ from ‘double’ to ‘int’ [-Wnarrowing]
s756436675,p03821,/mnt/d/Dev/Github/transformer-defect-prediction/data/processed/sources/p03821/C++/s756436675.cpp:1:28: error: ‘#pragma GCC optimize’ string is badly formed
s852789435,p03824,/mnt/d/Dev/Github/transformer-defect-prediction/data/processed/sources/p03824/C++/s852789435.cpp:19:14: error: invalid use of non-static data member ‘DivideTree::dead’
s592908260,p03825,/mnt/d/Dev/Github/transformer-defect-prediction/data/processed/sources/p03825/C++/s592908260.cpp:72:8: error: ambiguating new declaration of ‘int mine::main()’
s266830682,p03826,/mnt/d/Dev/Github/transformer-defect-prediction/data/processed/sources/p03826/C++/s266830682.cpp:216:10: error: conflicting declaration ‘std::string c’
s547104354,p03827,/mnt/d/Dev/Github/transformer-defect-prediction/data/processed/sources/p03827/C++/s547104354.cpp:11:10: error: could not convert ‘c.std::__cxx11::basic_string<char>::operator=(73)’ from ‘std::__cxx11::basic_string<char>’ to ‘bool’
s632585430,p03827,/mnt/d/Dev/Github/transformer-defect-prediction/data/processed/sources/p03827/C++/s632585430.cpp:19:7: error: cannot resolve overloaded function ‘max’ based on conversion to type ‘int’
s746965518,p03829,/mnt/d/Dev/Github/transformer-defect-prediction/data/processed/sources/p03829/C++/s746965518.cpp:10:13: error: conflicting declaration ‘int a [n]’
s931467242,p03831,/mnt/d/Dev/Github/transformer-defect-prediction/data/processed/sources/p03831/C++/s931467242.cpp:12:12: error: too many decimal points in number
s221918870,p03836,/mnt/d/Dev/Github/transformer-defect-prediction/data/processed/sources/p03836/C++/s221918870.cpp:6:14: error: uninitialized ‘const key’ [-fpermissive]
s622985688,p03836,"/mnt/d/Dev/Github/transformer-defect-prediction/data/processed/sources/p03836/C++/s622985688.cpp:52:11: error: unable to find string literal operator ‘operator""""endl’ with ‘const char [2]’, ‘long unsigned int’ arguments"
s540721902,p03837,/mnt/d/Dev/Github/transformer-defect-prediction/data/processed/sources/p03837/C++/s540721902.cpp:6:23: error: array must be initialized with a brace-enclosed initializer
s475956343,p03837,/mnt/d/Dev/Github/transformer-defect-prediction/data/processed/sources/p03837/C++/s475956343.cpp:6:23: error: array must be initialized with a brace-enclosed initializer
s198652517,p03837,/mnt/d/Dev/Github/transformer-defect-prediction/data/processed/sources/p03837/C++/s198652517.cpp:39:30: error: invalid types ‘int[int]’ for array subscript
s303365165,p03841,"/mnt/d/Dev/Github/transformer-defect-prediction/data/processed/sources/p03841/C++/s303365165.cpp:40:35: error: cannot bind non-const lvalue reference of type ‘__gnu_cxx::__normal_iterator<std::pair<int, int>*, std::vector<std::pair<int, int> > >&’ to an rvalue of type ‘std::vector<std::pair<int, int> >::iterator’"
s452320190,p03841,/mnt/d/Dev/Github/transformer-defect-prediction/data/processed/sources/p03841/C++/s452320190.cpp:42:7: error: class template argument deduction failed:
s810637888,p03843,"/mnt/d/Dev/Github/transformer-defect-prediction/data/processed/sources/p03843/C++/s810637888.cpp:43:9: error: return-statement with no value, in function returning ‘int’ [-fpermissive]"
s328765158,p03846,/mnt/d/Dev/Github/transformer-defect-prediction/data/processed/sources/p03846/C++/s328765158.cpp:32:3: error: ‘else’ without a previous ‘if’
s554936196,p03851,"/mnt/d/Dev/Github/transformer-defect-prediction/data/processed/sources/p03851/C++/s554936196.cpp:171:9: error: return-statement with no value, in function returning ‘int’ [-fpermissive]"
s918864979,p03851,/mnt/d/Dev/Github/transformer-defect-prediction/data/processed/sources/p03851/C++/s918864979.cpp:43:11: error: ‘CHT::D CHT::query(D)’ cannot be overloaded with ‘CHT::D CHT::query(D)’
s525132966,p03855,"/mnt/d/Dev/Github/transformer-defect-prediction/data/processed/sources/p03855/C++/s525132966.cpp:22:8: error: wrong number of template arguments (1, should be at least 2)"
s820747958,p03858,"/mnt/d/Dev/Github/transformer-defect-prediction/data/processed/sources/p03858/C++/s820747958.cpp:23:11: error: conflicting declaration ‘std::vector<std::pair<long long int, long long int> > mx [10000]’"
s543406000,p03859,/mnt/d/Dev/Github/transformer-defect-prediction/data/processed/sources/p03859/C++/s543406000.cpp:9:14: error: variable ‘std::ifstream cin’ has initializer but incomplete type
s930545736,p03860,/mnt/d/Dev/Github/transformer-defect-prediction/data/processed/sources/p03860/C++/s930545736.cpp:5:17: error: narrowing conversion of ‘12080’ from ‘int’ to ‘char’ [-Wnarrowing]
s735517793,p03861,"/mnt/d/Dev/Github/transformer-defect-prediction/data/processed/sources/p03861/C++/s735517793.cpp:19:13: error: return-statement with no value, in function returning ‘int’ [-fpermissive]"
s234935458,p03862,/mnt/d/Dev/Github/transformer-defect-prediction/data/processed/sources/p03862/C++/s234935458.cpp:7:36: error: invalid types ‘int[int]’ for array subscript
s224074538,p03865,/mnt/d/Dev/Github/transformer-defect-prediction/data/processed/sources/p03865/C++/s224074538.cpp:36:28: error: cannot bind non-const lvalue reference of type ‘std::string&’ {aka ‘std::__cxx11::basic_string<char>&’} to an rvalue of type ‘std::__cxx11::basic_string<char>’
s389417120,p03870,/mnt/d/Dev/Github/transformer-defect-prediction/data/processed/sources/p03870/C++/s389417120.cpp:20:25: error: use of an operand of type ‘bool’ in ‘operator++’ is forbidden in C++17
s499190677,p03870,"/mnt/d/Dev/Github/transformer-defect-prediction/data/processed/sources/p03870/C++/s499190677.cpp:113:3: error: return-statement with no value, in function returning ‘int’ [-fpermissive]"
s310545058,p03871,
s771943577,p03871,
s710842378,p03878,/mnt/d/Dev/Github/transformer-defect-prediction/data/processed/sources/p03878/C++/s710842378.cpp:50:19: error: comparison between distinct pointer types ‘const char*’ and ‘int*’ lacks a cast
s762181923,p03878,/mnt/d/Dev/Github/transformer-defect-prediction/data/processed/sources/p03878/C++/s762181923.cpp:30:25: error: inconsistent types ‘int’ and ‘long int’ deduced for lambda return type
s522696378,p03880,"/mnt/d/Dev/Github/transformer-defect-prediction/data/processed/sources/p03880/C++/s522696378.cpp:24:26: error: invalid types ‘std::map<int, int>::mapped_type {aka int}[int]’ for array subscript"
s936392412,p03889,/mnt/d/Dev/Github/transformer-defect-prediction/data/processed/sources/p03889/C++/s936392412.cpp:15:18: error: conversion from ‘const char*’ to ‘int’ in a converted constant expression
s078660209,p03889,/mnt/d/Dev/Github/transformer-defect-prediction/data/processed/sources/p03889/C++/s078660209.cpp:6:26: error: conversion from ‘void’ to non-scalar type ‘std::string’ {aka ‘std::__cxx11::basic_string<char>’} requested
s164219766,p03889,/mnt/d/Dev/Github/transformer-defect-prediction/data/processed/sources/p03889/C++/s164219766.cpp:11:24: error: switch quantity not an integer
s332122899,p03890,/mnt/d/Dev/Github/transformer-defect-prediction/data/processed/sources/p03890/C++/s332122899.cpp:25:5: error: break statement not within loop or switch
s289633062,p03898,/mnt/d/Dev/Github/transformer-defect-prediction/data/processed/sources/p03898/C++/s289633062.cpp:83:9: error: continue statement not within a loop [-Wtemplate-body]
s407801189,p03899,/mnt/d/Dev/Github/transformer-defect-prediction/data/processed/sources/p03899/C++/s407801189.cpp:12:12: error: using-declaration for non-member at class scope
s622698928,p03900,/mnt/d/Dev/Github/transformer-defect-prediction/data/processed/sources/p03900/C++/s622698928.cpp:11:19: error: too many decimal points in number
s280769747,p03900,"/mnt/d/Dev/Github/transformer-defect-prediction/data/processed/sources/p03900/C++/s280769747.cpp:29:33: error: return-statement with a value, in function returning ‘void’ [-fpermissive]"
s195246283,p03903,/mnt/d/Dev/Github/transformer-defect-prediction/data/processed/sources/p03903/C++/s195246283.cpp:105:23: error: cannot bind non-const lvalue reference of type ‘Int&’ {aka ‘long long int&’} to a value of type ‘int’
s176397395,p03903,/mnt/d/Dev/Github/transformer-defect-prediction/data/processed/sources/p03903/C++/s176397395.cpp:178:22: error: duplicate ‘const’ [-Wtemplate-body]
s662543783,p03909,/mnt/d/Dev/Github/transformer-defect-prediction/data/processed/sources/p03909/C++/s662543783.cpp:12:17: error: cast from ‘const char*’ to ‘char’ loses precision [-fpermissive]
s684072181,p03910,/mnt/d/Dev/Github/transformer-defect-prediction/data/processed/sources/p03910/C++/s684072181.cpp:17:11: error: ‘i’ is not a constant expression
s034778679,p03911,/mnt/d/Dev/Github/transformer-defect-prediction/data/processed/sources/p03911/C++/s034778679.cpp:26:22: error: missing template arguments before ‘[’ token
s954017194,p03912,/mnt/d/Dev/Github/transformer-defect-prediction/data/processed/sources/p03912/C++/s954017194.cpp:22:43: error: no ‘operator++(int)’ declared for postfix ‘++’ [-fpermissive]
s290710528,p03913,/mnt/d/Dev/Github/transformer-defect-prediction/data/processed/sources/p03913/C++/s290710528.cpp:30:40: error: inconsistent types ‘long long int’ and ‘long int’ deduced for lambda return type
s275785303,p03914,/mnt/d/Dev/Github/transformer-defect-prediction/data/processed/sources/p03914/C++/s275785303.cpp:44:4: error: conflicting declaration ‘ll mod’
s917218376,p03925,/mnt/d/Dev/Github/transformer-defect-prediction/data/processed/sources/p03925/C++/s917218376.cpp:120:40: error: template argument 2 is invalid
s798842975,p03925,/mnt/d/Dev/Github/transformer-defect-prediction/data/processed/sources/p03925/C++/s798842975.cpp:120:25: error: two or more data types in declaration of ‘type name’
s357212813,p03925,"/mnt/d/Dev/Github/transformer-defect-prediction/data/processed/sources/p03925/C++/s357212813.cpp:115:8: error: ‘bool querry::operator<(const querry&, const querry&)’ must have exactly one argument"
s147913100,p03925,/mnt/d/Dev/Github/transformer-defect-prediction/data/processed/sources/p03925/C++/s147913100.cpp:118:40: error: lambda-expression in template-argument only available with ‘-std=c++20’ or ‘-std=gnu++20’
s004733109,p03930,/mnt/d/Dev/Github/transformer-defect-prediction/data/processed/sources/p03930/C++/s004733109.cpp:73:39: error: could not convert ‘c’ from ‘vector<vector<long long int>>’ to ‘vector<vector<int>>’
s266409007,p03931,"/mnt/d/Dev/Github/transformer-defect-prediction/data/processed/sources/p03931/C++/s266409007.cpp:72:16: error: type ‘VVI’ {aka ‘class std::vector<std::vector<long long int> >’} argument given to ‘delete’, expected pointer"
s710694309,p03933,/mnt/d/Dev/Github/transformer-defect-prediction/data/processed/sources/p03933/C++/s710694309.cpp:28:37: error: cannot bind non-const lvalue reference of type ‘Point&’ {aka ‘std::complex<double>&’} to an rvalue of type ‘Point’ {aka ‘std::complex<double>’}
s358597977,p03933,/mnt/d/Dev/Github/transformer-defect-prediction/data/processed/sources/p03933/C++/s358597977.cpp:28:37: error: cannot bind non-const lvalue reference of type ‘Point&’ {aka ‘std::complex<double>&’} to an rvalue of type ‘Point’ {aka ‘std::complex<double>’}
s683779675,p03935,"/mnt/d/Dev/Github/transformer-defect-prediction/data/processed/sources/p03935/C++/s683779675.cpp:1:10: error: ‘#include’ expects ‘""FILENAME""’ or ‘<FILENAME>’"
s503911612,p03937,/mnt/d/Dev/Github/transformer-defect-prediction/data/processed/sources/p03937/C++/s503911612.cpp:9:16: error: invalid types ‘char[int]’ for array subscript
s678489344,p03939,/mnt/d/Dev/Github/transformer-defect-prediction/data/processed/sources/p03939/C++/s678489344.cpp:33:24: error: invalid types ‘ll {aka long long int}[int]’ for array subscript
s437028036,p03942,/mnt/d/Dev/Github/transformer-defect-prediction/data/processed/sources/p03942/C++/s437028036.cpp:34:43: error: invalid cast from type ‘std::queue<int>’ to type ‘int’
s529356184,p03946,/mnt/d/Dev/Github/transformer-defect-prediction/data/processed/sources/p03946/C++/s529356184.cpp:15:9: error: two or more data types in declaration of ‘j’
s858768642,p03952,"/mnt/d/Dev/Github/transformer-defect-prediction/data/processed/sources/p03952/C++/s858768642.cpp:15:25: error: unable to find numeric literal operator ‘operator""""N’"
s704182948,p03953,/mnt/d/Dev/Github/transformer-defect-prediction/data/processed/sources/p03953/C++/s704182948.cpp:35:13: error: ‘std::vector<int>’ is not a template
s550584284,p03953,/mnt/d/Dev/Github/transformer-defect-prediction/data/processed/sources/p03953/C++/s550584284.cpp:81:31: error: invalid initialization of reference of type ‘const std::vector<long int>&’ from expression of type ‘int64_t [100000]’ {aka ‘long int [100000]’}
s021956815,p03955,/mnt/d/Dev/Github/transformer-defect-prediction/data/processed/sources/p03955/C++/s021956815.cpp:23:23: error: no ‘operator++(int)’ declared for postfix ‘++’ [-fpermissive]
s498232263,p03957,"/mnt/d/Dev/Github/transformer-defect-prediction/data/processed/sources/p03957/C++/s498232263.cpp:56:18: error: macro ‘rep’ passed 3 arguments, but takes just 2"
s545808707,p03958,"/mnt/d/Dev/Github/transformer-defect-prediction/data/processed/sources/p03958/C++/s545808707.cpp:30:34: error: decrement of member ‘std::pair<int, int>::first’ in read-only object"
s921103930,p03959,"/mnt/d/Dev/Github/transformer-defect-prediction/data/processed/sources/p03959/C++/s921103930.cpp:99:9: error: return-statement with no value, in function returning ‘int’ [-fpermissive]"
s306678406,p03960,/mnt/d/Dev/Github/transformer-defect-prediction/data/processed/sources/p03960/C++/s306678406.cpp:22:17: error: break statement not within loop or switch
s536331338,p03962,/mnt/d/Dev/Github/transformer-defect-prediction/data/processed/sources/p03962/C++/s536331338.cpp:17:17: error: break statement not within loop or switch
s032481115,p03964,"/mnt/d/Dev/Github/transformer-defect-prediction/data/processed/sources/p03964/C++/s032481115.cpp:7:5: error: ambiguating new declaration of ‘int div(int, int)’"
s736451278,p03972,"/mnt/d/Dev/Github/transformer-defect-prediction/data/processed/sources/p03972/C++/s736451278.cpp:31:48: error: conversion from ‘_Rb_tree_iterator<pair<const long long int,[...]>>’ to non-scalar type ‘_Rb_tree_iterator<pair<const int,[...]>>’ requested"
s669722163,p03973,/mnt/d/Dev/Github/transformer-defect-prediction/data/processed/sources/p03973/C++/s669722163.cpp:42:17: error: ‘else’ without a previous ‘if’
s327064538,p03974,"/mnt/d/Dev/Github/transformer-defect-prediction/data/processed/sources/p03974/C++/s327064538.cpp:197:74: error: there are no arguments to ‘shared_from_this’ that depend on a template parameter, so a declaration of ‘shared_from_this’ must be available [-Wtemplate-body]"
s642650268,p03974,/mnt/d/Dev/Github/transformer-defect-prediction/data/processed/sources/p03974/C++/s642650268.cpp:26:61: error: ‘dict’ has incomplete type
s676896349,p03975,/mnt/d/Dev/Github/transformer-defect-prediction/data/processed/sources/p03975/C++/s676896349.cpp:43:13: error: variable or field ‘write’ declared void
s876605244,p03977,/mnt/d/Dev/Github/transformer-defect-prediction/data/processed/sources/p03977/C++/s876605244.cpp:9:7: error: ‘else’ without a previous ‘if’
s452194266,p03978,/mnt/d/Dev/Github/transformer-defect-prediction/data/processed/sources/p03978/C++/s452194266.cpp:27:25: error: conversion from ‘char’ to non-scalar type ‘std::string’ {aka ‘std::__cxx11::basic_string<char>’} requested
s185543685,p03978,/mnt/d/Dev/Github/transformer-defect-prediction/data/processed/sources/p03978/C++/s185543685.cpp:35:54: error: template argument 1 is invalid
s064177931,p03978,"/mnt/d/Dev/Github/transformer-defect-prediction/data/processed/sources/p03978/C++/s064177931.cpp:42:22: error: could not convert ‘vec.std::vector<std::vector<std::pair<std::__cxx11::basic_string<char>, std::__cxx11::basic_string<char> > > >::operator[](((std::vector<std::vector<std::pair<std::__cxx11::basic_string<char>, std::__cxx11::basic_string<char> > > >::size_type)i))’ from ‘__gnu_cxx::__alloc_traits<std::allocator<std::vector<std::pair<std::__cxx11::basic_string<char>, std::__cxx11::basic_string<char> > > >, std::vector<std::pair<std::__cxx11::basic_string<char>, std::__cxx11::basic_string<char> > > >::value_type’ {aka ‘std::vector<std::pair<std::__cxx11::basic_string<char>, std::__cxx11::basic_string<char> > >’} to ‘std::pair<std::__cxx11::basic_string<char>, std::__cxx11::basic_string<char> >’"
s279205878,p03978,/mnt/d/Dev/Github/transformer-defect-prediction/data/processed/sources/p03978/C++/s279205878.cpp:30:32: error: template argument 1 is invalid
s691826215,p03981,/usr/include/c++/15/bits/hashtable.h:210:51: error: static assertion failed: hash function must be copy constructible
s121690758,p03988,/mnt/d/Dev/Github/transformer-defect-prediction/data/processed/sources/p03988/C++/s121690758.cpp:3:19: error: too many decimal points in number
s503464709,p03990,"/mnt/d/Dev/Github/transformer-defect-prediction/data/processed/sources/p03990/C++/s503464709.cpp:22:16: error: return-statement with a value, in function returning ‘void’ [-fpermissive]"
s505682403,p03993,/mnt/d/Dev/Github/transformer-defect-prediction/data/processed/sources/p03993/C++/s505682403.cpp:6:7: error: conversion from ‘double’ to ‘long unsigned int’ in a converted constant expression
s143235179,p03995,"/mnt/d/Dev/Github/transformer-defect-prediction/data/processed/sources/p03995/C++/s143235179.cpp:68:33: error: return-statement with no value, in function returning ‘int’ [-fpermissive]"
s071773391,p03999,/mnt/d/Dev/Github/transformer-defect-prediction/data/processed/sources/p03999/C++/s071773391.cpp:10:21: error: exponent has no digits
s464568277,p03999,/mnt/d/Dev/Github/transformer-defect-prediction/data/processed/sources/p03999/C++/s464568277.cpp:4:41: error: empty character constant
s164704787,p04000,/mnt/d/Dev/Github/transformer-defect-prediction/data/processed/sources/p04000/C++/s164704787.cpp:28:31: error: conflicting declaration ‘std::vector<long long int> S’
s089421206,p04000,/usr/include/c++/15/bits/hashtable.h:210:51: error: static assertion failed: hash function must be copy constructible
s705505528,p04000,"/mnt/d/Dev/Github/transformer-defect-prediction/data/processed/sources/p04000/C++/s705505528.cpp:7:67: error: return-statement with a value, in function returning ‘void’ [-fpermissive]"
s991665922,p04001,"/mnt/d/Dev/Github/transformer-defect-prediction/data/processed/sources/p04001/C++/s991665922.cpp:14:9: error: return-statement with no value, in function returning ‘int’ [-fpermissive]"
s190923416,p04002,/usr/include/c++/15/bits/hashtable.h:210:51: error: static assertion failed: hash function must be copy constructible
s340987398,p04002,/usr/include/c++/15/bits/hashtable.h:210:51: error: static assertion failed: hash function must be copy constructible
s521493974,p04002,/usr/include/c++/15/bits/hashtable.h:210:51: error: static assertion failed: hash function must be copy constructible
s869080515,p04003,/mnt/d/Dev/Github/transformer-defect-prediction/data/processed/sources/p04003/C++/s869080515.cpp:67:5: error: ‘else’ without a previous ‘if’
s400993560,p04003,/usr/include/c++/15/bits/hashtable.h:210:51: error: static assertion failed: hash function must be copy constructible
s819463617,p04003,/usr/include/c++/15/bits/hashtable.h:210:51: error: static assertion failed: hash function must be copy constructible
s619333597,p04003,/usr/include/c++/15/bits/hashtable.h:210:51: error: static assertion failed: hash function must be copy constructible
s108774194,p04003,/mnt/d/Dev/Github/transformer-defect-prediction/data/processed/sources/p04003/C++/s108774194.cpp:49:38: error: template argument 1 is invalid
s806990713,p04008,/mnt/d/Dev/Github/transformer-defect-prediction/data/processed/sources/p04008/C++/s806990713.cpp:32:19: error: invalid types ‘ll {aka long long int}[ll {aka long long int}]’ for array subscript
s694055406,p04011,"/mnt/d/Dev/Github/transformer-defect-prediction/data/processed/sources/p04011/C++/s694055406.cpp:9:3: error: return-statement with no value, in function returning ‘int’ [-fpermissive]"
s895139019,p04012,"/mnt/d/Dev/Github/transformer-defect-prediction/data/processed/sources/p04012/C++/s895139019.cpp:75:16: error: macro ‘rep’ requires 2 arguments, but only 1 given"
s600815488,p04012,/mnt/d/Dev/Github/transformer-defect-prediction/data/processed/sources/p04012/C++/s600815488.cpp:13:14: error: invalid digit ‘8’ in octal constant
s758552578,p04015,/usr/include/c++/15/bits/hashtable.h:210:51: error: static assertion failed: hash function must be copy constructible
s825756887,p04015,/mnt/d/Dev/Github/transformer-defect-prediction/data/processed/sources/p04015/C++/s825756887.cpp:71:19: error: invalid types ‘long long int[long long int]’ for array subscript
s225151048,p04015,/mnt/d/Dev/Github/transformer-defect-prediction/data/processed/sources/p04015/C++/s225151048.cpp:31:2: error: expected class-name at end of input
s116904890,p04017,/mnt/d/Dev/Github/transformer-defect-prediction/data/processed/sources/p04017/C++/s116904890.cpp:59:12: error: conflicting declaration ‘int a’
s588233867,p04018,/mnt/d/Dev/Github/transformer-defect-prediction/data/processed/sources/p04018/C++/s588233867.cpp:45:18: error: narrowing conversion of ‘1.000000007e+9’ from ‘double’ to ‘ll’ {aka ‘long long int’} [-Wnarrowing]
s445914047,p04019,/mnt/d/Dev/Github/transformer-defect-prediction/data/processed/sources/p04019/C++/s445914047.cpp:10:13: error: conflicting declaration ‘int s’
s770417866,p04019,/mnt/d/Dev/Github/transformer-defect-prediction/data/processed/sources/p04019/C++/s770417866.cpp:7:12: error: conflicting declaration ‘int S’
s865586854,p04019,/mnt/d/Dev/Github/transformer-defect-prediction/data/processed/sources/p04019/C++/s865586854.cpp:33:14: error: structured binding declaration cannot have type ‘std::string’ {aka ‘std::__cxx11::basic_string<char>’}
s525151612,p04019,/mnt/d/Dev/Github/transformer-defect-prediction/data/processed/sources/p04019/C++/s525151612.cpp:30:19: error: conflicting declaration ‘int S’
s251307944,p04019,/mnt/d/Dev/Github/transformer-defect-prediction/data/processed/sources/p04019/C++/s251307944.cpp:15:14: error: too many decimal points in number
s329441063,p04021,/mnt/d/Dev/Github/transformer-defect-prediction/data/processed/sources/p04021/C++/s329441063.cpp:381:7: error: conflicting declaration ‘long long int c’
s606058122,p04022,/usr/include/c++/15/bits/hashtable.h:210:51: error: static assertion failed: hash function must be copy constructible
s837002057,p04025,/mnt/d/Dev/Github/transformer-defect-prediction/data/processed/sources/p04025/C++/s837002057.cpp:4:20: error: conflicting declaration ‘int b’
s548508864,p04026,"/mnt/d/Dev/Github/transformer-defect-prediction/data/processed/sources/p04026/C++/s548508864.cpp:1491:25: error: return-statement with no value, in function returning ‘int’ [-fpermissive]"
s324944286,p04026,"/mnt/d/Dev/Github/transformer-defect-prediction/data/processed/sources/p04026/C++/s324944286.cpp:15:21: error: macro ‘rep’ passed 3 arguments, but takes just 2"
s624674140,p04027,/mnt/d/Dev/Github/transformer-defect-prediction/data/processed/sources/p04027/C++/s624674140.cpp:45:49: error: specialization of ‘template<class _Tp> struct std::hash’ in different namespace [-fpermissive]
s570699926,p04028,/mnt/d/Dev/Github/transformer-defect-prediction/data/processed/sources/p04028/C++/s570699926.cpp:245:19: error: invalid cast from type ‘const modint<167772161>’ to type ‘ll’ {aka ‘long int’}
s665143747,p04028,"/mnt/d/Dev/Github/transformer-defect-prediction/data/processed/sources/p04028/C++/s665143747.cpp:129:34: error: invalid cast from type ‘const __gnu_cxx::__alloc_traits<std::allocator<modint<1000000007> >, modint<1000000007> >::value_type’ {aka ‘const modint<1000000007>’} to type ‘ll’ {aka ‘long long int’}"
s968352320,p04032,/mnt/d/Dev/Github/transformer-defect-prediction/data/processed/sources/p04032/C++/s968352320.cpp:10:14: error: initializer in range-based ‘for’ loop
s012698030,p04033,"/mnt/d/Dev/Github/transformer-defect-prediction/data/processed/sources/p04033/C++/s012698030.cpp:1:10: error: ‘#include’ expects ‘""FILENAME""’ or ‘<FILENAME>’"
s202331967,p04033,/mnt/d/Dev/Github/transformer-defect-prediction/data/processed/sources/p04033/C++/s202331967.cpp:3:1: error: two or more data types in declaration of ‘main’
s838741568,p04034,/mnt/d/Dev/Github/transformer-defect-prediction/data/processed/sources/p04034/C++/s838741568.cpp:22:19: error: no ‘operator--(int)’ declared for postfix ‘--’ [-fpermissive]
s199773902,p04035,"/mnt/d/Dev/Github/transformer-defect-prediction/data/processed/sources/p04035/C++/s199773902.cpp:25:23: error: unable to find string literal operator ‘operator""""endl’ with ‘const char [11]’, ‘long unsigned int’ arguments"
s515475683,p04037,/mnt/d/Dev/Github/transformer-defect-prediction/data/processed/sources/p04037/C++/s515475683.cpp:35:34: error: exponent has no digits
s314117969,p04040,/mnt/d/Dev/Github/transformer-defect-prediction/data/processed/sources/p04040/C++/s314117969.cpp:66:7: error: no type named ‘type’ in ‘struct orliv::math::mod_internal::next_uint<long long unsigned int>’
s724999673,p04041,/mnt/d/Dev/Github/transformer-defect-prediction/data/processed/sources/p04041/C++/s724999673.cpp:53:86: error: invalid types ‘int[int]’ for array subscript
s547380775,p04042,"/mnt/d/Dev/Github/transformer-defect-prediction/data/processed/sources/p04042/C++/s547380775.cpp:47:32: error: return-statement with a value, in function returning ‘void’ [-fpermissive]"
s940305273,p04043,/mnt/d/Dev/Github/transformer-defect-prediction/data/processed/sources/p04043/C++/s940305273.cpp:7:17: error: conversion from ‘int’ to non-scalar type ‘std::string’ {aka ‘std::__cxx11::basic_string<char>’} requested
s988643664,p04045,/mnt/d/Dev/Github/transformer-defect-prediction/data/processed/sources/p04045/C++/s988643664.cpp:51:15: error: empty character constant
s806902558,p04046,/mnt/d/Dev/Github/transformer-defect-prediction/data/processed/sources/p04046/C++/s806902558.cpp:18:15: error: ‘long long long’ is too long for GCC
s008389763,p04046,/mnt/d/Dev/Github/transformer-defect-prediction/data/processed/sources/p04046/C++/s008389763.cpp:39:9: error: conversion from ‘double’ to ‘long unsigned int’ in a converted constant expression
s853224858,p04047,"/mnt/d/Dev/Github/transformer-defect-prediction/data/processed/sources/p04047/C++/s853224858.cpp:6:22: error: unable to find numeric literal operator ‘operator""""n’"
s775044601,p04048,"/mnt/d/Dev/Github/transformer-defect-prediction/data/processed/sources/p04048/C++/s775044601.cpp:66:21: error: unable to find numeric literal operator ‘operator""""x’"
s631613929,p04048,/mnt/d/Dev/Github/transformer-defect-prediction/data/processed/sources/p04048/C++/s631613929.cpp:37:2: error: expected class-name at end of input
s592302713,p04050,/mnt/d/Dev/Github/transformer-defect-prediction/data/processed/sources/p04050/C++/s592302713.cpp:45:29: error: break statement not within loop or switch
s287826304,p04050,/mnt/d/Dev/Github/transformer-defect-prediction/data/processed/sources/p04050/C++/s287826304.cpp:26:9: error: ‘else’ without a previous ‘if’
s101076008,p04050,/mnt/d/Dev/Github/transformer-defect-prediction/data/processed/sources/p04050/C++/s101076008.cpp:71:5: error: ‘else’ without a previous ‘if’
s915101497,p04050,/mnt/d/Dev/Github/transformer-defect-prediction/data/processed/sources/p04050/C++/s915101497.cpp:71:5: error: ‘else’ without a previous ‘if’
s069989211,p04051,/mnt/d/Dev/Github/transformer-defect-prediction/data/processed/sources/p04051/C++/s069989211.cpp:64:39: error: cannot bind non-const lvalue reference of type ‘int&’ to a value of type ‘long long int’
s123880836,p04052,/mnt/d/Dev/Github/transformer-defect-prediction/data/processed/sources/p04052/C++/s123880836.cpp:1:1: error: invalid digit ‘8’ in octal constant
